  0
SECTION
  2
HEADER
  9
$ACADVER
  1
AC1015
  9
$ACADMAINTVER
 70
     6
  9
$DWGCODEPAGE
  3
ANSI_932
  9
$INSBASE
 10
0.0
 20
0.0
 30
0.0
  9
$EXTMIN
 10
-34202.19653990722
 20
-21378.0
 30
0.0
  9
$EXTMAX
 10
20088.82002574162
 20
33993.0
 30
0.0
  9
$LIMMIN
 10
0.0
 20
0.0
  9
$LIMMAX
 10
21000.0
 20
14850.0
  9
$ORTHOMODE
 70
     1
  9
$REGENMODE
 70
     1
  9
$FILLMODE
 70
     1
  9
$QTEXTMODE
 70
     0
  9
$MIRRTEXT
 70
     0
  9
$LTSCALE
 40
1.0
  9
$ATTMODE
 70
     1
  9
$TEXTSIZE
 40
100.0
  9
$TRACEWID
 40
1.0
  9
$TEXTSTYLE
  7
MSÉSÉVÉbÉN
  9
$CLAYER
  8
1206äÓèÄì_
  9
$CELTYPE
  6
ByLayer
  9
$CECOLOR
 62
   256
  9
$CELTSCALE
 40
1.0
  9
$DISPSILH
 70
     0
  9
$DIMSCALE
 40
50.0
  9
$DIMASZ
 40
1.0
  9
$DIMEXO
 40
1.0
  9
$DIMDLI
 40
0.0
  9
$DIMRND
 40
0.0
  9
$DIMDLE
 40
0.0
  9
$DIMEXE
 40
0.0
  9
$DIMTP
 40
0.0
  9
$DIMTM
 40
0.0
  9
$DIMTXT
 40
2.5
  9
$DIMCEN
 40
0.0
  9
$DIMTSZ
 40
0.0
  9
$DIMTOL
 70
     0
  9
$DIMLIM
 70
     0
  9
$DIMTIH
 70
     0
  9
$DIMTOH
 70
     0
  9
$DIMSE1
 70
     0
  9
$DIMSE2
 70
     0
  9
$DIMTAD
 70
     2
  9
$DIMZIN
 70
     8
  9
$DIMTOFFSET
 70
     1
  9
$DIMBLK
  1
Dot
  9
$DIMASO
 70
     1
  9
$DIMSHO
 70
     1
  9
$DIMPOST
  1

  9
$DIMAPOST
  1

  9
$DIMALT
 70
     0
  9
$DIMALTD
 70
     2
  9
$DIMALTF
 40
25.4
  9
$DIMLFAC
 40
1.0
  9
$DIMTOFL
 70
     1
  9
$DIMTVP
 40
0.0
  9
$DIMTIX
 70
     1
  9
$DIMSOXD
 70
     0
  9
$DIMSAH
 70
     0
  9
$DIMBLK1
  1

  9
$DIMBLK2
  1

  9
$DIMSTYLE
  2
DIM-A
  9
$DIMCLRD
 70
   256
  9
$DIMCLRE
 70
   256
  9
$DIMCLRT
 70
   256
  9
$DIMTFAC
 40
1.0
  9
$DIMGAP
 40
1.0
  9
$DIMJUST
 70
     0
  9
$DIMSD1
 70
     0
  9
$DIMSD2
 70
     0
  9
$DIMTOLJ
 70
     1
  9
$DIMTZIN
 70
     0
  9
$DIMALTZ
 70
     0
  9
$DIMALTTZ
 70
     0
  9
$DIMUPT
 70
     0
  9
$DIMDEC
 70
     0
  9
$DIMTDEC
 70
     0
  9
$DIMALTU
 70
     2
  9
$DIMALTTD
 70
     2
  9
$DIMTXSTY
  7
MSÉSÉVÉbÉN
  9
$DIMAUNIT
 70
     1
  9
$DIMADEC
 70
     3
  9
$DIMALTRND
 40
0.0
  9
$DIMAZIN
 70
     0
  9
$DIMDSEP
 70
    46
  9
$DIMATFIT
 70
     3
  9
$DIMFRAC
 70
     0
  9
$DIMLDRBLK
  1

  9
$DIMLUNIT
 70
     2
  9
$DIMLWD
 70
    -2
  9
$DIMLWE
 70
    -2
  9
$DIMTMOVE
 70
     2
  9
$LUNITS
 70
     2
  9
$LUPREC
 70
     0
  9
$SKETCHINC
 40
1.0
  9
$FILLETRAD
 40
0.0
  9
$AUNITS
 70
     0
  9
$AUPREC
 70
     0
  9
$MENU
  1
.
  9
$ELEVATION
 40
0.0
  9
$PELEVATION
 40
0.0
  9
$THICKNESS
 40
0.0
  9
$LIMCHECK
 70
     0
  9
$CHAMFERA
 40
0.0
  9
$CHAMFERB
 40
0.0
  9
$CHAMFERC
 40
0.0
  9
$CHAMFERD
 40
0.0
  9
$SKPOLY
 70
     0
  9
$TDCREATE
 40
2461014.824039352
  9
$TDUCREATE
 40
2461014.449039352
  9
$TDUPDATE
 40
2461119.885650521
  9
$TDUUPDATE
 40
2461119.510650521
  9
$TDINDWG
 40
0.319889537
  9
$TDUSRTIMER
 40
0.3198893056
  9
$USRTIMER
 70
     1
  9
$ANGBASE
 50
0.0
  9
$ANGDIR
 70
     0
  9
$PDMODE
 70
     0
  9
$PDSIZE
 40
0.0
  9
$PLINEWID
 40
0.0
  9
$SPLFRAME
 70
     0
  9
$SPLINETYPE
 70
     6
  9
$SPLINESEGS
 70
     8
  9
$HANDSEED
  5
2CC1
  9
$SURFTAB1
 70
     6
  9
$SURFTAB2
 70
     6
  9
$SURFTYPE
 70
     6
  9
$SURFU
 70
     6
  9
$SURFV
 70
     6
  9
$UCSBASE
  2

  9
$UCSNAME
  2

  9
$UCSORG
 10
0.0
 20
0.0
 30
0.0
  9
$UCSXDIR
 10
1.0
 20
0.0
 30
0.0
  9
$UCSYDIR
 10
0.0
 20
1.0
 30
0.0
  9
$UCSORTHOREF
  2

  9
$UCSORTHOVIEW
 70
     0
  9
$UCSORGTOP
 10
0.0
 20
0.0
 30
0.0
  9
$UCSORGBOTTOM
 10
0.0
 20
0.0
 30
0.0
  9
$UCSORGLEFT
 10
0.0
 20
0.0
 30
0.0
  9
$UCSORGRIGHT
 10
0.0
 20
0.0
 30
0.0
  9
$UCSORGFRONT
 10
0.0
 20
0.0
 30
0.0
  9
$UCSORGBACK
 10
0.0
 20
0.0
 30
0.0
  9
$PUCSBASE
  2

  9
$PUCSNAME
  2

  9
$PUCSORG
 10
0.0
 20
0.0
 30
0.0
  9
$PUCSXDIR
 10
1.0
 20
0.0
 30
0.0
  9
$PUCSYDIR
 10
0.0
 20
1.0
 30
0.0
  9
$PUCSORTHOREF
  2

  9
$PUCSORTHOVIEW
 70
     0
  9
$PUCSORGTOP
 10
0.0
 20
0.0
 30
0.0
  9
$PUCSORGBOTTOM
 10
0.0
 20
0.0
 30
0.0
  9
$PUCSORGLEFT
 10
0.0
 20
0.0
 30
0.0
  9
$PUCSORGRIGHT
 10
0.0
 20
0.0
 30
0.0
  9
$PUCSORGFRONT
 10
0.0
 20
0.0
 30
0.0
  9
$PUCSORGBACK
 10
0.0
 20
0.0
 30
0.0
  9
$USERI1
 70
     0
  9
$USERI2
 70
     0
  9
$USERI3
 70
     0
  9
$USERI4
 70
     0
  9
$USERI5
 70
     0
  9
$USERR1
 40
0.0
  9
$USERR2
 40
0.0
  9
$USERR3
 40
0.0
  9
$USERR4
 40
0.0
  9
$USERR5
 40
0.0
  9
$WORLDVIEW
 70
     1
  9
$SHADEDGE
 70
     3
  9
$SHADEDIF
 70
    70
  9
$TILEMODE
 70
     1
  9
$MAXACTVP
 70
    64
  9
$PINSBASE
 10
0.0
 20
0.0
 30
0.0
  9
$PLIMCHECK
 70
     0
  9
$PEXTMIN
 10
4.922873779321776
 20
4.973101705016688
 30
-0.0000000000112498
  9
$PEXTMAX
 10
424.9427714730909
 20
302.0132570838842
 30
0.0000000000002956
  9
$PLIMMIN
 10
5.027085781097412
 20
5.027082920074463
  9
$PLIMMAX
 10
425.0270857810974
 20
302.0270829200745
  9
$UNITMODE
 70
     0
  9
$VISRETAIN
 70
     1
  9
$PLINEGEN
 70
     0
  9
$PSLTSCALE
 70
     1
  9
$TREEDEPTH
 70
  3020
  9
$CMLSTYLE
  2
Standard
  9
$CMLJUST
 70
     0
  9
$CMLSCALE
 40
20.0
  9
$PROXYGRAPHICS
 70
     1
  9
$MEASUREMENT
 70
     1
  9
$CELWEIGHT
370
    -1
  9
$ENDCAPS
280
     0
  9
$JOINSTYLE
280
     0
  9
$LWDISPLAY
290
     0
  9
$INSUNITS
 70
     4
  9
$HYPERLINKBASE
  1

  9
$STYLESHEET
  1

  9
$XEDIT
290
     1
  9
$CEPSNTYPE
380
     0
  9
$PSTYLEMODE
290
     1
  9
$FINGERPRINTGUID
  2
{C85CFB92-49F1-AC48-8C52-B3D9E8E2F190}
  9
$VERSIONGUID
  2
{B40F7894-37B1-0A4E-9D39-A470F33BDEDC}
  9
$EXTNAMES
290
     1
  9
$PSVPSCALE
 40
0.0
  9
$OLESTARTUP
290
     0
  0
ENDSEC
  0
SECTION
  2
CLASSES
  0
CLASS
  1
ACDBDICTIONARYWDFLT
  2
AcDbDictionaryWithDefault
  3
ObjectDBX Classes
 90
        0
280
     0
281
     0
  0
CLASS
  1
DIMASSOC
  2
AcDbDimAssoc
  3
"AcDbDimAssoc|Product Desc:     AcDim ARX App For Dimension|Company:          Autodesk, Inc.|WEB Address:      www.autodesk.com"
 90
        0
280
     0
281
     0
  0
CLASS
  1
MATERIAL
  2
AcDbMaterial
  3
ObjectDBX Classes
 90
     1153
280
     0
281
     0
  0
CLASS
  1
VISUALSTYLE
  2
AcDbVisualStyle
  3
ObjectDBX Classes
 90
     4095
280
     0
281
     0
  0
CLASS
  1
TABLESTYLE
  2
AcDbTableStyle
  3
ObjectDBX Classes
 90
     4095
280
     0
281
     0
  0
CLASS
  1
SCALE
  2
AcDbScale
  3
ObjectDBX Classes
 90
     1153
280
     0
281
     0
  0
CLASS
  1
MLEADERSTYLE
  2
AcDbMLeaderStyle
  3
ACDB_MLEADERSTYLE_CLASS
 90
     4095
280
     0
281
     0
  0
CLASS
  1
MULTILEADER
  2
AcDbMLeader
  3
ACDB_MLEADER_CLASS
 90
     1025
280
     0
281
     1
  0
CLASS
  1
DICTIONARYVAR
  2
AcDbDictionaryVar
  3
ObjectDBX Classes
 90
        0
280
     0
281
     0
  0
CLASS
  1
ACDBSECTIONVIEWSTYLE
  2
AcDbSectionViewStyle
  3
ObjectDBX Classes
 90
     1025
280
     0
281
     0
  0
CLASS
  1
ACDBDETAILVIEWSTYLE
  2
AcDbDetailViewStyle
  3
ObjectDBX Classes
 90
     1025
280
     0
281
     0
  0
CLASS
  1
CELLSTYLEMAP
  2
AcDbCellStyleMap
  3
ObjectDBX Classes
 90
     1152
280
     0
281
     0
  0
CLASS
  1
ACDBPLACEHOLDER
  2
AcDbPlaceHolder
  3
ObjectDBX Classes
 90
        0
280
     0
281
     0
  0
CLASS
  1
LAYOUT
  2
AcDbLayout
  3
ObjectDBX Classes
 90
        0
280
     0
281
     0
  0
CLASS
  1
ACAD_EVALUATION_GRAPH
  2
AcDbEvalGraph
  3
ObjectDBX Classes
 90
     1153
280
     0
281
     0
  0
CLASS
  1
ACAECUSTOBJ
  2
AcAeEditorObj
  3
AcAeEditorObj
 90
     1024
280
     1
281
     0
  0
CLASS
  1
ACDB_DYNAMICBLOCKPURGEPREVENTER_VERSION
  2
AcDbDynamicBlockPurgePreventer
  3
ObjectDBX Classes
 90
     1153
280
     0
281
     0
  0
CLASS
  1
EXACXREFPANELOBJECT
  2
ExAcXREFPanelObject
  3
EXAC_ESW
 90
     1025
280
     1
281
     0
  0
CLASS
  1
NPOCOLLECTION
  2
AcDbImpNonPersistentObjectsCollection
  3
ObjectDBX Classes
 90
     1153
280
     1
281
     0
  0
CLASS
  1
SORTENTSTABLE
  2
AcDbSortentsTable
  3
ObjectDBX Classes
 90
        0
280
     0
281
     0
  0
CLASS
  1
IMAGE
  2
AcDbRasterImage
  3
ISM
 90
      127
280
     0
281
     1
  0
CLASS
  1
IMAGEDEF_REACTOR
  2
AcDbRasterImageDefReactor
  3
ObjectDBX Classes
 90
        1
280
     0
281
     0
  0
CLASS
  1
IMAGEDEF
  2
AcDbRasterImageDef
  3
ObjectDBX Classes
 90
        0
280
     0
281
     0
  0
CLASS
  1
RASTERVARIABLES
  2
AcDbRasterVariables
  3
ObjectDBX Classes
 90
        0
280
     0
281
     0
  0
CLASS
  1
RAPIDRTRENDERSETTINGS
  2
AcDbRapidRTRenderSettings
  3
ObjectDBX Classes
 90
     1024
280
     0
281
     0
  0
CLASS
  1
SUN
  2
AcDbSun
  3
SCENEOE
 90
     1153
280
     0
281
     0
  0
ENDSEC
  0
SECTION
  2
TABLES
  0
TABLE
  2
VPORT
  5
8
102
{ACAD_XDICTIONARY
360
21C
102
}
330
0
100
AcDbSymbolTable
 70
     1
  0
VPORT
  5
C4
330
8
100
AcDbSymbolTableRecord
100
AcDbViewportTableRecord
  2
*Active
 70
     0
 10
0.0
 20
0.0
 11
1.0
 21
1.0
 12
3100.628114395706
 22
11139.74011117395
 13
0.0
 23
0.0
 14
10.0
 24
10.0
 15
10.0
 25
10.0
 16
0.0
 26
0.0
 36
1.0
 17
0.0
 27
0.0
 37
0.0
 40
116332.8655723715
 41
2.212987012987013
 42
50.0
 43
0.0
 44
0.0
 50
0.0
 51
0.0
 71
     0
 72
  1000
 73
     1
 74
     3
 75
     0
 76
     0
 77
     0
 78
     0
281
     0
 65
     1
110
0.0
120
0.0
130
0.0
111
1.0
121
0.0
131
0.0
112
0.0
122
1.0
132
0.0
 79
     0
146
0.0
1001
ACAD_NAV_VCDISPLAY
1070
     3
  0
ENDTAB
  0
TABLE
  2
LTYPE
  5
5
330
0
100
AcDbSymbolTable
 70
     6
  0
LTYPE
  5
14
330
5
100
AcDbSymbolTableRecord
100
AcDbLinetypeTableRecord
  2
ByBlock
 70
     0
  3

 72
    65
 73
     0
 40
0.0
  0
LTYPE
  5
15
330
5
100
AcDbSymbolTableRecord
100
AcDbLinetypeTableRecord
  2
ByLayer
 70
     0
  3

 72
    65
 73
     0
 40
0.0
  0
LTYPE
  5
16
330
5
100
AcDbSymbolTableRecord
100
AcDbLinetypeTableRecord
  2
Continuous
 70
     0
  3
Solid line
 72
    65
 73
     0
 40
0.0
  0
LTYPE
  5
DD2
330
5
100
AcDbSymbolTableRecord
100
AcDbLinetypeTableRecord
  2
CENTER2
 70
     0
  3
Center (.5x) ___ _ ___ _ ___ _ ___ _ ___ _ ___
 72
    65
 73
     4
 40
28.575
 49
19.05
 74
     0
 49
-3.175
 74
     0
 49
3.175
 74
     0
 49
-3.175
 74
     0
  0
LTYPE
  5
DD3
330
5
100
AcDbSymbolTableRecord
100
AcDbLinetypeTableRecord
  2
DASHED2
 70
     0
  3
Dashed (.5x) _ _ _ _ _ _ _ _ _ _ _ _ _ _ _ _ _
 72
    65
 73
     2
 40
9.524999999999999
 49
6.35
 74
     0
 49
-3.175
 74
     0
  0
LTYPE
  5
1123
330
5
100
AcDbSymbolTableRecord
100
AcDbLinetypeTableRecord
  2
CENTER
 70
     0
  3
____ _ ____ _ ____ _ ____ _ ____ _ ____ _ ____ 
 72
    65
 73
     5
 40
12.0
 49
5.0
 74
     0
 49
-0.8
 74
     0
 49
0.4
 74
     0
 49
-0.8
 74
     0
 49
5.0
 74
     0
  0
LTYPE
  5
2C6D
330
5
100
AcDbSymbolTableRecord
100
AcDbLinetypeTableRecord
  2
DASHED
 70
     0
  3
Dashed __ __ __ __ __ __ __ __ __ __ __ __ __ _
 72
    65
 73
     2
 40
19.05
 49
12.7
 74
     0
 49
-6.35
 74
     0
  0
LTYPE
  5
2C6E
330
5
100
AcDbSymbolTableRecord
100
AcDbLinetypeTableRecord
  2
PHANTOM2
 70
     0
  3
Phantom (.5x) ___ _ _ ___ _ _ ___ _ _ ___ _ _ _
 72
    65
 73
     6
 40
31.75
 49
15.875
 74
     0
 49
-3.175
 74
     0
 49
3.175
 74
     0
 49
-3.175
 74
     0
 49
3.175
 74
     0
 49
-3.175
 74
     0
  0
ENDTAB
  0
TABLE
  2
LAYER
  5
2
102
{ACAD_XDICTIONARY
360
13B
102
}
330
0
100
AcDbSymbolTable
 70
    38
  0
LAYER
  5
10
102
{ACAD_XDICTIONARY
360
134
102
}
330
2
100
AcDbSymbolTableRecord
100
AcDbLayerTableRecord
  2
0
 70
     0
 62
     7
  6
Continuous
370
    -3
390
F
  0
LAYER
  5
30
102
{ACAD_XDICTIONARY
360
136
102
}
330
2
100
AcDbSymbolTableRecord
100
AcDbLayerTableRecord
  2
ê}ñ òg
 70
     0
 62
     7
  6
Continuous
370
    35
390
F
  0
LAYER
  5
4A
330
2
100
AcDbSymbolTableRecord
100
AcDbLayerTableRecord
  2
Defpoints
 70
     0
 62
     7
  6
Continuous
290
     0
370
    -3
390
F
  0
LAYER
  5
16A
102
{ACAD_XDICTIONARY
360
1014
102
}
330
2
100
AcDbSymbolTableRecord
100
AcDbLayerTableRecord
  2
ópéÜ
 70
     0
 62
     2
  6
Continuous
290
     0
370
    -3
390
F
1001
AcAecLayerStandard
1000

1000

1001
AcCmTransparency
1071
        0
  0
LAYER
  5
399
102
{ACAD_XDICTIONARY
360
39A
102
}
330
2
100
AcDbSymbolTableRecord
100
AcDbLayerTableRecord
  2
007
 70
     0
 62
     2
  6
Continuous
370
    13
390
F
  0
LAYER
  5
655
102
{ACAD_XDICTIONARY
360
1017
102
}
330
2
100
AcDbSymbolTableRecord
100
AcDbLayerTableRecord
  2
ì_ñºèÃ
 70
     0
 62
     4
  6
Continuous
370
    -3
390
F
1001
AcAecLayerStandard
1000

1000

1001
AcCmTransparency
1071
        0
  0
LAYER
  5
656
102
{ACAD_XDICTIONARY
360
1019
102
}
330
2
100
AcDbSymbolTableRecord
100
AcDbLayerTableRecord
  2
ÉvÉçÉbÉgì_
 70
     0
 62
    10
  6
Continuous
370
    -3
390
F
1001
AcAecLayerStandard
1000

1000

1001
AcCmTransparency
1071
        0
  0
LAYER
  5
657
102
{ACAD_XDICTIONARY
360
101B
102
}
330
2
100
AcDbSymbolTableRecord
100
AcDbLayerTableRecord
  2
Zç¿ïWíl
 70
     0
 62
    90
  6
Continuous
370
    -3
390
F
1001
AcAecLayerStandard
1000

1000

1001
AcCmTransparency
1071
        0
  0
LAYER
  5
658
102
{ACAD_XDICTIONARY
360
101D
102
}
330
2
100
AcDbSymbolTableRecord
100
AcDbLayerTableRecord
  2
001
 70
     0
 62
     1
  6
Continuous
370
    -3
390
F
1001
AcAecLayerStandard
1000

1000

1001
AcCmTransparency
1071
        0
  0
LAYER
  5
659
102
{ACAD_XDICTIONARY
360
101F
102
}
330
2
100
AcDbSymbolTableRecord
100
AcDbLayerTableRecord
  2
002
 70
     0
 62
     2
  6
Continuous
370
    -3
390
F
1001
AcAecLayerStandard
1000

1000

1001
AcCmTransparency
1071
        0
  0
LAYER
  5
65A
102
{ACAD_XDICTIONARY
360
1021
102
}
330
2
100
AcDbSymbolTableRecord
100
AcDbLayerTableRecord
  2
003
 70
     0
 62
     3
  6
Continuous
370
    -3
390
F
1001
AcAecLayerStandard
1000

1000

1001
AcCmTransparency
1071
        0
  0
LAYER
  5
65B
102
{ACAD_XDICTIONARY
360
1023
102
}
330
2
100
AcDbSymbolTableRecord
100
AcDbLayerTableRecord
  2
004
 70
     0
 62
     4
  6
Continuous
370
    -3
390
F
1001
AcAecLayerStandard
1000

1000

1001
AcCmTransparency
1071
        0
  0
LAYER
  5
65C
102
{ACAD_XDICTIONARY
360
1025
102
}
330
2
100
AcDbSymbolTableRecord
100
AcDbLayerTableRecord
  2
005
 70
     0
 62
     5
  6
Continuous
370
    -3
390
F
1001
AcAecLayerStandard
1000

1000

1001
AcCmTransparency
1071
        0
  0
LAYER
  5
65D
102
{ACAD_XDICTIONARY
360
1027
102
}
330
2
100
AcDbSymbolTableRecord
100
AcDbLayerTableRecord
  2
006
 70
     0
 62
     6
  6
Continuous
370
    -3
390
F
1001
AcAecLayerStandard
1000

1000

1001
AcCmTransparency
1071
        0
  0
LAYER
  5
1124
102
{ACAD_XDICTIONARY
360
1775
102
}
330
2
100
AcDbSymbolTableRecord
100
AcDbLayerTableRecord
  2
011
 70
     0
 62
     7
  6
Continuous
370
     9
390
F
  0
LAYER
  5
1125
102
{ACAD_XDICTIONARY
360
1777
102
}
330
2
100
AcDbSymbolTableRecord
100
AcDbLayerTableRecord
  2
016
 70
     0
 62
     7
  6
Continuous
370
     9
390
F
  0
LAYER
  5
1126
102
{ACAD_XDICTIONARY
360
1779
102
}
330
2
100
AcDbSymbolTableRecord
100
AcDbLayerTableRecord
  2
017
 70
     0
 62
     7
  6
Continuous
370
     9
390
F
  0
LAYER
  5
1127
102
{ACAD_XDICTIONARY
360
177B
102
}
330
2
100
AcDbSymbolTableRecord
100
AcDbLayerTableRecord
  2
018
 70
     0
 62
     7
  6
Continuous
370
     9
390
F
  0
LAYER
  5
1128
102
{ACAD_XDICTIONARY
360
177D
102
}
330
2
100
AcDbSymbolTableRecord
100
AcDbLayerTableRecord
  2
020
 70
     0
 62
     7
  6
Continuous
370
     9
390
F
  0
LAYER
  5
1129
102
{ACAD_XDICTIONARY
360
177F
102
}
330
2
100
AcDbSymbolTableRecord
100
AcDbLayerTableRecord
  2
042
 70
     0
 62
     7
  6
Continuous
370
     9
390
F
  0
LAYER
  5
112A
102
{ACAD_XDICTIONARY
360
1781
102
}
330
2
100
AcDbSymbolTableRecord
100
AcDbLayerTableRecord
  2
043
 70
     0
 62
     7
  6
Continuous
370
     9
390
F
  0
LAYER
  5
112B
102
{ACAD_XDICTIONARY
360
1783
102
}
330
2
100
AcDbSymbolTableRecord
100
AcDbLayerTableRecord
  2
087
 70
     0
 62
     7
  6
Continuous
370
     9
390
F
  0
LAYER
  5
112C
102
{ACAD_XDICTIONARY
360
1785
102
}
330
2
100
AcDbSymbolTableRecord
100
AcDbLayerTableRecord
  2
091
 70
     0
 62
     7
  6
Continuous
370
     9
390
F
  0
LAYER
  5
112D
102
{ACAD_XDICTIONARY
360
1787
102
}
330
2
100
AcDbSymbolTableRecord
100
AcDbLayerTableRecord
  2
191
 70
     0
 62
     7
  6
Continuous
370
     9
390
F
  0
LAYER
  5
112E
102
{ACAD_XDICTIONARY
360
1789
102
}
330
2
100
AcDbSymbolTableRecord
100
AcDbLayerTableRecord
  2
198
 70
     0
 62
     7
  6
Continuous
370
     9
390
F
  0
LAYER
  5
112F
102
{ACAD_XDICTIONARY
360
178B
102
}
330
2
100
AcDbSymbolTableRecord
100
AcDbLayerTableRecord
  2
199
 70
     0
 62
     7
  6
Continuous
370
     9
390
F
  0
LAYER
  5
1130
102
{ACAD_XDICTIONARY
360
178D
102
}
330
2
100
AcDbSymbolTableRecord
100
AcDbLayerTableRecord
  2
201
 70
     0
 62
     7
  6
Continuous
370
     9
390
F
  0
LAYER
  5
198B
330
2
100
AcDbSymbolTableRecord
100
AcDbLayerTableRecord
  2
ÉeÉNÉmÉâÉCÉìç¿ïWèEÇ¢èoÇµ
 70
     0
 62
     7
  6
Continuous
370
    -3
390
F
1001
AcAecLayerStandard
1000

1000

1001
AcCmTransparency
1071
        0
  0
LAYER
  5
19B1
330
2
100
AcDbSymbolTableRecord
100
AcDbLayerTableRecord
  2
çYêcèEÇ¢èoÇµ
 70
     0
 62
     1
  6
Continuous
370
    -3
390
F
1001
AcAecLayerStandard
1000

1000

1001
AcCmTransparency
1071
        0
  0
LAYER
  5
1AA5
330
2
100
AcDbSymbolTableRecord
100
AcDbLayerTableRecord
  2
É^ÉCÉv2
 70
     0
 62
     7
  6
Continuous
370
    -3
390
F
1001
AcAecLayerStandard
1000

1000

1001
AcCmTransparency
1071
        0
  0
LAYER
  5
1AA7
330
2
100
AcDbSymbolTableRecord
100
AcDbLayerTableRecord
  2
TL_çYì™ê∏ìx
 70
     0
 62
     3
  6
Continuous
370
    -3
390
F
1001
AcAecLayerStandard
1000

1000

1001
AcCmTransparency
1071
        0
  0
LAYER
  5
22AF
330
2
100
AcDbSymbolTableRecord
100
AcDbLayerTableRecord
  2
XPLOT_TBLTEXT
 70
     0
 62
     7
  6
Continuous
370
    -3
390
F
  0
LAYER
  5
22B1
330
2
100
AcDbSymbolTableRecord
100
AcDbLayerTableRecord
  2
TL_à íuèoÇµ
 70
     0
 62
    10
  6
Continuous
370
    -3
390
F
1001
AcAecLayerStandard
1000

1000

1001
AcCmTransparency
1071
        0
  0
LAYER
  5
22B3
330
2
100
AcDbSymbolTableRecord
100
AcDbLayerTableRecord
  2
TLà íuèoÇµ0927
 70
     0
 62
     1
  6
Continuous
370
    -3
390
F
1001
AcAecLayerStandard
1000

1000

1001
AcCmTransparency
1071
        0
  0
LAYER
  5
22F3
330
2
100
AcDbSymbolTableRecord
100
AcDbLayerTableRecord
  2
TL_åüç∏ï\
 70
     0
 62
     7
  6
Continuous
370
    -3
390
F
1001
AcAecLayerStandard
1000

1000

1001
AcCmTransparency
1071
        0
  0
LAYER
  5
2330
330
2
100
AcDbSymbolTableRecord
100
AcDbLayerTableRecord
  2
1206à íuèoÇµ
 70
     0
 62
     1
  6
Continuous
370
    -3
390
F
1001
AcAecLayerStandard
1000

1000

1001
AcCmTransparency
1071
        0
  0
LAYER
  5
2996
330
2
100
AcDbSymbolTableRecord
100
AcDbLayerTableRecord
  2
1206äÓèÄì_
 70
     0
 62
     4
  6
Continuous
370
    -3
390
F
1001
AcAecLayerStandard
1000

1000

1001
AcCmTransparency
1071
        0
  0
LAYER
  5
2C70
330
2
100
AcDbSymbolTableRecord
100
AcDbLayerTableRecord
  2
GstarFastview4.2-ABCDEFGHIJKLMNOPQRSTUVWXYZ0123456789-note-layer-HCNoteLayer
 70
     0
 62
     7
  6
Continuous
370
    -3
390
F
  0
ENDTAB
  0
TABLE
  2
STYLE
  5
3
330
0
100
AcDbSymbolTable
 70
    15
  0
STYLE
  5
11
330
3
100
AcDbSymbolTableRecord
100
AcDbTextStyleTableRecord
  2
Standard
 70
     0
 40
0.0
 41
1.0
 50
0.0
 71
     0
 42
80.0
  3
MS UI Gothic.ttf
  4

1001
ACAD
1000
MS UI Gothic
1071
    32818
  0
STYLE
  5
10C
330
3
100
AcDbSymbolTableRecord
100
AcDbTextStyleTableRecord
  2
MSÉSÉVÉbÉN
 70
     0
 40
0.0
 41
1.0
 50
0.0
 71
     0
 42
100.0
  3

  4

1001
ACAD
1000
MS Gothic
1071
    32817
  0
STYLE
  5
257
330
3
100
AcDbSymbolTableRecord
100
AcDbTextStyleTableRecord
  2
WAKU-R
 70
     0
 40
0.0
 41
1.0
 50
20.0
 71
     0
 42
796.6992577442434
  3

  4

1001
ACAD
1000
MS PGothic
1071
    32818
  0
STYLE
  5
39B
330
3
100
AcDbSymbolTableRecord
100
AcDbTextStyleTableRecord
  2
DIM
 70
     0
 40
0.0
 41
0.85
 50
0.0
 71
     0
 42
816.8724098061211
  3
SIMPLEX.shx
  4
EXTFONT.shx
  0
STYLE
  5
39C
330
3
100
AcDbSymbolTableRecord
100
AcDbTextStyleTableRecord
  2
WAKU
 70
     0
 40
0.0
 41
1.0
 50
0.0
 71
     0
 42
2.5
  3

  4

1001
ACAD
1000
MS Gothic
1071
    32817
  0
STYLE
  5
474
330
3
100
AcDbSymbolTableRecord
100
AcDbTextStyleTableRecord
  2
M-pro
 70
     0
 40
0.0
 41
1.0
 50
0.0
 71
     0
 42
300.0
  3
HGRSMP.TTF
  4

1001
ACAD
1000
HGMaruGothicMPRO
1071
    32818
  0
STYLE
  5
DD1
330
3
100
AcDbSymbolTableRecord
100
AcDbTextStyleTableRecord
  2

 70
     1
 40
0.0
 41
1.0
 50
0.0
 71
     0
 42
500.0
  3
ltypeshp.shx
  4

  0
STYLE
  5
1131
330
3
100
AcDbSymbolTableRecord
100
AcDbTextStyleTableRecord
  2
P9(ê°ñ@)
 70
     0
 40
0.0
 41
0.85
 50
0.0
 71
     0
 42
2.5
  3

  4

1001
ACAD
1000
MS Gothic
1071
    32817
  0
STYLE
  5
1132
330
3
100
AcDbSymbolTableRecord
100
AcDbTextStyleTableRecord
  2
P9
 70
     0
 40
0.0
 41
0.85
 50
0.0
 71
     0
 42
2.5
  3

  4

1001
ACAD
1000
MS Gothic
1071
    32817
  0
STYLE
  5
1133
330
3
100
AcDbSymbolTableRecord
100
AcDbTextStyleTableRecord
  2
P11a
 70
     0
 40
0.0
 41
0.85
 50
0.0
 71
     0
 42
2.5
  3

  4

1001
ACAD
1000
MS Gothic
1071
    32817
  0
STYLE
  5
1134
330
3
100
AcDbSymbolTableRecord
100
AcDbTextStyleTableRecord
  2
HGä€∫ﬁºØ∏M-PRO
 70
     0
 40
0.0
 41
0.85
 50
0.0
 71
     0
 42
2.5
  3
HGRSMP.TTF
  4

1001
ACAD
1000
HGMaruGothicMPRO
1071
    32818
  0
STYLE
  5
1135
330
3
100
AcDbSymbolTableRecord
100
AcDbTextStyleTableRecord
  2
ÇlÇr ÉSÉVÉbÉN
 70
     0
 40
0.0
 41
0.85
 50
0.0
 71
     0
 42
2.5
  3

  4

1001
ACAD
1000
MS Gothic
1071
    32817
  0
STYLE
  5
1AA9
330
3
100
AcDbSymbolTableRecord
100
AcDbTextStyleTableRecord
  2
kawamura
 70
     0
 40
0.0
 41
0.7
 50
0.0
 71
     0
 42
2.5
  3
extslim2.shx
  4
extfont2.shx
  0
STYLE
  5
22F5
330
3
100
AcDbSymbolTableRecord
100
AcDbTextStyleTableRecord
  2
HG∫ﬁºØ∏M
 70
     0
 40
0.0
 41
1.0
 50
0.0
 71
     0
 42
500.0
  3
HGGothicM.ttf
  4

1001
ACAD
1000
HGGothicM
1071
    32817
  0
STYLE
  5
2C6F
330
3
100
AcDbSymbolTableRecord
100
AcDbTextStyleTableRecord
  2
GstarFastview4.2-ABCDEFGHIJKLMNOPQRSTUVWXYZ0123456789-note-textstyle-HCNoteTextStyle
 70
     0
 40
0.0
 41
0.7
 50
0.0
 71
     0
 42
100.0
  3
AllInOneUni.shx
  4
AllInOneBig.shx
  0
ENDTAB
  0
TABLE
  2
VIEW
  5
6
330
0
100
AcDbSymbolTable
 70
     0
  0
ENDTAB
  0
TABLE
  2
UCS
  5
7
330
0
100
AcDbSymbolTable
 70
     0
  0
ENDTAB
  0
TABLE
  2
APPID
  5
9
330
0
100
AcDbSymbolTable
 70
    17
  0
APPID
  5
12
330
9
100
AcDbSymbolTableRecord
100
AcDbRegAppTableRecord
  2
ACAD
 70
     0
  0
APPID
  5
10D
330
9
100
AcDbSymbolTableRecord
100
AcDbRegAppTableRecord
  2
AcadAnnoPO
 70
     0
  0
APPID
  5
10E
330
9
100
AcDbSymbolTableRecord
100
AcDbRegAppTableRecord
  2
ACAD_DSTYLE_DIMJAG
 70
     0
  0
APPID
  5
10F
330
9
100
AcDbSymbolTableRecord
100
AcDbRegAppTableRecord
  2
ACAD_DSTYLE_DIMTALN
 70
     0
  0
APPID
  5
130
330
9
100
AcDbSymbolTableRecord
100
AcDbRegAppTableRecord
  2
ACAD_EXEMPT_FROM_CAD_STANDARDS
 70
     0
  0
APPID
  5
15F
330
9
100
AcDbSymbolTableRecord
100
AcDbRegAppTableRecord
  2
ACAD_NAV_VCDISPLAY
 70
     0
  0
APPID
  5
16B
330
9
100
AcDbSymbolTableRecord
100
AcDbRegAppTableRecord
  2
AcAecLayerStandard
 70
     0
  0
APPID
  5
16C
330
9
100
AcDbSymbolTableRecord
100
AcDbRegAppTableRecord
  2
AcCmTransparency
 70
     0
  0
APPID
  5
194
330
9
100
AcDbSymbolTableRecord
100
AcDbRegAppTableRecord
  2
ACAD_PSEXT
 70
     0
  0
APPID
  5
227
330
9
100
AcDbSymbolTableRecord
100
AcDbRegAppTableRecord
  2
ACAD_MLEADERVER
 70
     0
  0
APPID
  5
258
330
9
100
AcDbSymbolTableRecord
100
AcDbRegAppTableRecord
  2
AcDbDynamicBlockGUID
 70
     0
  0
APPID
  5
337
330
9
100
AcDbSymbolTableRecord
100
AcDbRegAppTableRecord
  2
ACAUTHENVIRON
 70
     0
  0
APPID
  5
33B
330
9
100
AcDbSymbolTableRecord
100
AcDbRegAppTableRecord
  2
AcDbDynamicBlockTrueName
 70
     0
  0
APPID
  5
F2D
330
9
100
AcDbSymbolTableRecord
100
AcDbRegAppTableRecord
  2
ACAD_DSTYLE_DIMBREAK
 70
     0
  0
APPID
  5
22B5
330
9
100
AcDbSymbolTableRecord
100
AcDbRegAppTableRecord
  2
GRADIENTCOLOR1ACI
 70
     0
  0
APPID
  5
22B6
330
9
100
AcDbSymbolTableRecord
100
AcDbRegAppTableRecord
  2
GRADIENTCOLOR2ACI
 70
     0
  0
APPID
  5
2C35
330
9
100
AcDbSymbolTableRecord
100
AcDbRegAppTableRecord
  2
AcadAnnoMonitorAlertIconDisabled
 70
     0
  0
ENDTAB
  0
TABLE
  2
DIMSTYLE
  5
A
330
0
100
AcDbSymbolTable
 70
     9
100
AcDbDimStyleTable
  0
DIMSTYLE
105
29
330
A
100
AcDbSymbolTableRecord
100
AcDbDimStyleTableRecord
  2
ISO-25
 70
     0
 41
2.5
 42
0.625
 43
3.75
 44
1.25
 73
     0
 74
     0
 77
     1
 78
     8
140
2.5
141
2.5
143
0.03937007874016
147
0.625
171
     3
172
     1
178
     0
271
     2
272
     2
274
     3
283
     0
284
     8
340
11
  0
DIMSTYLE
105
39D
330
A
100
AcDbSymbolTableRecord
100
AcDbDimStyleTableRecord
  2
DIM50
 70
     0
 40
50.0
 41
1.0
 42
1.0
 43
0.0
 44
0.0
 73
     0
 74
     0
 77
     3
 78
     8
140
2.5
141
0.0
147
1.0
172
     1
174
     1
176
   256
177
   256
271
     0
178
   256
179
     3
271
     0
272
     0
275
     1
279
     2
340
10C
342
111
1001
ACAD_DSTYLE_DIMJAG
1070
   388
1040
1.5
1001
ACAD_DSTYLE_DIMTALN
1070
   392
1070
     0
  0
DIMSTYLE
105
39E
330
A
100
AcDbSymbolTableRecord
100
AcDbDimStyleTableRecord
  2
DIM60
 70
     0
 40
60.0
 41
3.0
 42
1.0
 43
0.0
 44
0.0
 73
     0
 74
     0
 77
     3
 78
     8
140
2.5
141
0.0
147
1.0
172
     1
174
     1
176
   256
177
   256
271
     0
178
   256
179
     3
271
     0
272
     0
275
     1
279
     1
340
10C
342
111
1001
ACAD_DSTYLE_DIMJAG
1070
   388
1040
1.5
1001
ACAD_DSTYLE_DIMTALN
1070
   392
1070
     0
  0
DIMSTYLE
105
39F
330
A
100
AcDbSymbolTableRecord
100
AcDbDimStyleTableRecord
  2
DIM500
 70
     0
 40
500.0
 41
1.0
 42
1.0
 43
0.0
 44
0.0
 73
     0
 74
     0
 77
     3
 78
     8
140
2.5
141
0.0
147
1.0
172
     1
174
     1
176
   256
177
   256
271
     0
178
   256
179
     3
271
     0
272
     0
275
     1
279
     1
340
10C
342
111
1001
ACAD_DSTYLE_DIMJAG
1070
   388
1040
1.5
1001
ACAD_DSTYLE_DIMTALN
1070
   392
1070
     0
  0
DIMSTYLE
105
3A0
330
A
100
AcDbSymbolTableRecord
100
AcDbDimStyleTableRecord
  2
DIM5
 70
     0
 40
5.0
 41
1.0
 42
1.0
 43
0.0
 44
0.0
 73
     0
 74
     0
 77
     3
 78
     8
140
3.0
141
0.0
147
1.0
172
     1
174
     1
176
   256
178
     0
179
     3
271
     0
272
     0
275
     1
279
     1
340
10C
342
111
1001
ACAD_DSTYLE_DIMJAG
1070
   388
1040
1.5
1001
ACAD_DSTYLE_DIMTALN
1070
   392
1070
     0
  0
DIMSTYLE
105
3A1
330
A
100
AcDbSymbolTableRecord
100
AcDbDimStyleTableRecord
  2
DIM30
 70
     0
 40
30.0
 41
1.0
 42
1.0
 43
0.0
 44
0.0
 73
     0
 74
     0
 77
     3
 78
     8
140
2.5
141
0.0
147
1.0
172
     1
174
     1
176
   256
177
   256
271
     0
178
   256
179
     3
271
     0
272
     0
275
     1
279
     1
340
10C
342
111
1001
ACAD_DSTYLE_DIMJAG
1070
   388
1040
1.5
1001
ACAD_DSTYLE_DIMTALN
1070
   392
1070
     0
  0
DIMSTYLE
105
F2E
330
A
100
AcDbSymbolTableRecord
100
AcDbDimStyleTableRecord
  2
DIM-A
 70
     0
 40
50.0
 41
1.0
 42
1.0
 43
0.0
 44
0.0
 73
     0
 74
     0
 77
     2
 78
     8
140
2.5
141
0.0
147
1.0
172
     1
174
     1
176
   256
177
   256
271
     0
178
   256
179
     3
271
     0
272
     0
275
     1
279
     2
340
10C
342
111
1001
ACAD_DSTYLE_DIMBREAK
1070
   391
1040
3.75
1001
ACAD_DSTYLE_DIMJAG
1070
   388
1040
1.5
1001
ACAD_DSTYLE_DIMTALN
1070
   392
1070
     0
  0
DIMSTYLE
105
F6D
330
A
100
AcDbSymbolTableRecord
100
AcDbDimStyleTableRecord
  2
XY-PLOT
 70
     0
 41
200.0
 42
100.0
 43
0.0
 44
0.0
 73
     0
 74
     0
 77
     2
 78
     9
140
500.0
141
0.0
147
150.0
174
     1
176
   256
177
   256
271
     0
178
   256
179
     3
271
     0
272
     0
275
     1
277
     6
279
     2
340
10C
341
111
342
111
1001
ACAD_DSTYLE_DIMBREAK
1070
   391
1040
3.75
1001
ACAD_DSTYLE_DIMJAG
1070
   388
1040
1.5
1001
ACAD_DSTYLE_DIMTALN
1070
   392
1070
     0
  0
DIMSTYLE
105
1136
330
A
100
AcDbSymbolTableRecord
100
AcDbDimStyleTableRecord
  2
DIMSTYLE001
 70
     0
 41
250.0
 43
1000.0
 73
     0
 74
     0
 75
     1
 76
     1
 77
     1
 78
     8
 79
     2
140
317.5
147
0.0
172
     1
174
     1
178
     0
179
     2
271
     2
340
1135
341
104E
342
104E
  0
ENDTAB
  0
TABLE
  2
BLOCK_RECORD
  5
1
330
0
100
AcDbSymbolTable
 70
     7
  0
BLOCK_RECORD
  5
21
102
{ACAD_XDICTIONARY
360
660
102
}
330
1
100
AcDbSymbolTableRecord
100
AcDbBlockTableRecord
  2
*Model_Space
340
24
  0
BLOCK_RECORD
  5
1D
330
1
100
AcDbSymbolTableRecord
100
AcDbBlockTableRecord
  2
*Paper_Space
340
20
  0
BLOCK_RECORD
  5
62
330
1
100
AcDbSymbolTableRecord
100
AcDbBlockTableRecord
  2
_DotSmall
340
0
310
2800000020000000200000000100080000000000000400000000000000000000000000000000000000000000000080000080000000808000800000008000800080800000C0C0C000C0DCC000F0CAA6000020400000206000002080000020A0000020C0000020E00000400000004020000040400000406000004080000040A0
310
000040C0000040E00000600000006020000060400000606000006080000060A0000060C0000060E00000800000008020000080400000806000008080000080A0000080C0000080E00000A0000000A0200000A0400000A0600000A0800000A0A00000A0C00000A0E00000C0000000C0200000C0400000C0600000C0800000C0
310
A00000C0C00000C0E00000E0000000E0200000E0400000E0600000E0800000E0A00000E0C00000E0E00040000000400020004000400040006000400080004000A0004000C0004000E00040200000402020004020400040206000402080004020A0004020C0004020E000404000004040200040404000404060004040800040
310
40A0004040C0004040E00040600000406020004060400040606000406080004060A0004060C0004060E00040800000408020004080400040806000408080004080A0004080C0004080E00040A0000040A0200040A0400040A0600040A0800040A0A00040A0C00040A0E00040C0000040C0200040C0400040C0600040C08000
310
40C0A00040C0C00040C0E00040E0000040E0200040E0400040E0600040E0800040E0A00040E0C00040E0E00080000000800020008000400080006000800080008000A0008000C0008000E00080200000802020008020400080206000802080008020A0008020C0008020E00080400000804020008040400080406000804080
310
008040A0008040C0008040E00080600000806020008060400080606000806080008060A0008060C0008060E00080800000808020008080400080806000808080008080A0008080C0008080E00080A0000080A0200080A0400080A0600080A0800080A0A00080A0C00080A0E00080C0000080C0200080C0400080C0600080C0
310
800080C0A00080C0C00080C0E00080E0000080E0200080E0400080E0600080E0800080E0A00080E0C00080E0E000C0000000C0002000C0004000C0006000C0008000C000A000C000C000C000E000C0200000C0202000C0204000C0206000C0208000C020A000C020C000C020E000C0400000C0402000C0404000C0406000C0
310
408000C040A000C040C000C040E000C0600000C0602000C0604000C0606000C0608000C060A000C060C000C060E000C0800000C0802000C0804000C0806000C0808000C080A000C080C000C080E000C0A00000C0A02000C0A04000C0A06000C0A08000C0A0A000C0A0C000C0A0E000C0C00000C0C02000C0C04000C0C06000
310
C0C08000C0C0A000F0FBFF00A4A0A000808080000000FF0000FF000000FFFF00FF000000FF00FF00FFFF0000FFFFFF0049494949494949494949494949494949494949494949494949494949494949494949494949494949494949494949494949494949494949494949494949494949494949494949494949494949494949
310
49494949494949494949494949494949494949494949494949494949494949494949494949494949494949494949494949494949494949494949494949494949494949494949494949494949494949494949494949494949494949494949494949494949494949494949494949494949494949494949494949494949494949
310
49494949494949494949494949494949494949494949494949494949494949494949494949494949494949494949494949494949494949494949494949494949494949494949494949494949494949494949494949494949494949494949494949494949494949494949494949494949494949494949494949494949494949
310
49494949494949494949494949494949494949494949494949494949494949494949494949494949494949494949494949494949494949494949494949494949494949494949494949494949494949494949494949494949494949494949494949494949494949494949494949494949494949494949494949494949494949
310
49494949494949494949494949494949494949494949494949494949494949494949494949494949494949494949494949494949494949494949494949494949494949494949494949494949494949494949494949494949494949494949494949494949494949494949494949494949494949494949494949494949494949
310
49494949494949494949494949494949494949494949494949494949494949494949494949494949494949494949494949494949494949494949494949494949494949494949494949494949494949494949494949494949494949494949494949494949494949494949494949494949494949494949494949494949494949
310
49494949494949494949494949494949494949494949494949494949494949494949494949494949494949494949494949494949494949494949494949494949494949494949494949494949494949494949494949494949494949494949494949494949494949494949494949494949494949494949494949494949494949
310
49494949494949494949494949494949494949494949494949494949494949494949494949494949494949494949494949494949494949494949494949494949494949494949494949494949494949494949494949494949494949494949494949494949494949494949494949494949494949494949494949494949494949
310
4949494949494949494949494949494949494949494949494949494949494949494949494949494949494949494949494949494949494949
  0
BLOCK_RECORD
  5
111
330
1
100
AcDbSymbolTableRecord
100
AcDbBlockTableRecord
  2
_Dot
340
0
310
2800000020000000200000000100080000000000000400000000000000000000000000000000000000000000000080000080000000808000800000008000800080800000C0C0C000C0DCC000F0CAA6000020400000206000002080000020A0000020C0000020E00000400000004020000040400000406000004080000040A0
310
000040C0000040E00000600000006020000060400000606000006080000060A0000060C0000060E00000800000008020000080400000806000008080000080A0000080C0000080E00000A0000000A0200000A0400000A0600000A0800000A0A00000A0C00000A0E00000C0000000C0200000C0400000C0600000C0800000C0
310
A00000C0C00000C0E00000E0000000E0200000E0400000E0600000E0800000E0A00000E0C00000E0E00040000000400020004000400040006000400080004000A0004000C0004000E00040200000402020004020400040206000402080004020A0004020C0004020E000404000004040200040404000404060004040800040
310
40A0004040C0004040E00040600000406020004060400040606000406080004060A0004060C0004060E00040800000408020004080400040806000408080004080A0004080C0004080E00040A0000040A0200040A0400040A0600040A0800040A0A00040A0C00040A0E00040C0000040C0200040C0400040C0600040C08000
310
40C0A00040C0C00040C0E00040E0000040E0200040E0400040E0600040E0800040E0A00040E0C00040E0E00080000000800020008000400080006000800080008000A0008000C0008000E00080200000802020008020400080206000802080008020A0008020C0008020E00080400000804020008040400080406000804080
310
008040A0008040C0008040E00080600000806020008060400080606000806080008060A0008060C0008060E00080800000808020008080400080806000808080008080A0008080C0008080E00080A0000080A0200080A0400080A0600080A0800080A0A00080A0C00080A0E00080C0000080C0200080C0400080C0600080C0
310
800080C0A00080C0C00080C0E00080E0000080E0200080E0400080E0600080E0800080E0A00080E0C00080E0E000C0000000C0002000C0004000C0006000C0008000C000A000C000C000C000E000C0200000C0202000C0204000C0206000C0208000C020A000C020C000C020E000C0400000C0402000C0404000C0406000C0
310
408000C040A000C040C000C040E000C0600000C0602000C0604000C0606000C0608000C060A000C060C000C060E000C0800000C0802000C0804000C0806000C0808000C080A000C080C000C080E000C0A00000C0A02000C0A04000C0A06000C0A08000C0A0A000C0A0C000C0A0E000C0C00000C0C02000C0C04000C0C06000
310
C0C08000C0C0A000F0FBFF00A4A0A000808080000000FF0000FF000000FFFF00FF000000FF00FF00FFFF0000FFFFFF0049494949494949494949494949494949494949494949494949494949494949494949494949494949494949494949494949494949494949494949494949494949494949494949494949494949494949
310
49494949494949494949494949494949494949494949494949494949494949494949494949494949494949494949494949494949494949494949494949494949494949494949494949494949494949494949494949494949494949494949494949494949494949494949494949494949494949494949494949494949494949
310
49494949494949494949494949494949494949494949494949494949494949494949494949494949494949494949494949494949494949494949494949494949494949494949494949494949494949494949494949494949494949494949494949494949494949494949494949494949494949494949494949494949494949
310
49494949494949494949494949494949494949494949494949494949494949494949494949494949494949494949494949494949494949494949494949494949494949494949494949494949494949494949494949494949494949494949494949494949494949494949494949494949494949494949494949494949494949
310
4949494949494949494949494949494949494949494949494949494949494949494949494949494949494949494949494949494949FFFFFFFFFFFFFFFFFFFFFFFFFF49494949494949494949494949494949494949494949494949494949494949494949494949494949494949494949494949494949494949494949494949
310
49494949494949494949494949494949494949494949494949494949494949494949494949494949494949494949494949494949494949494949494949494949494949494949494949494949494949494949494949494949494949494949494949494949494949494949494949494949494949494949494949494949494949
310
49494949494949494949494949494949494949494949494949494949494949494949494949494949494949494949494949494949494949494949494949494949494949494949494949494949494949494949494949494949494949494949494949494949494949494949494949494949494949494949494949494949494949
310
49494949494949494949494949494949494949494949494949494949494949494949494949494949494949494949494949494949494949494949494949494949494949494949494949494949494949494949494949494949494949494949494949494949494949494949494949494949494949494949494949494949494949
310
4949494949494949494949494949494949494949494949494949494949494949494949494949494949494949494949494949494949494949
102
{BLKREFS
331
2C40
331
2C41
102
}
  0
BLOCK_RECORD
  5
231
330
1
100
AcDbSymbolTableRecord
100
AcDbBlockTableRecord
  2
Technoline
340
0
310
2800000020000000200000000100080000000000000400000000000000000000000000000000000000000000000080000080000000808000800000008000800080800000C0C0C000C0DCC000F0CAA6000020400000206000002080000020A0000020C0000020E00000400000004020000040400000406000004080000040A0
310
000040C0000040E00000600000006020000060400000606000006080000060A0000060C0000060E00000800000008020000080400000806000008080000080A0000080C0000080E00000A0000000A0200000A0400000A0600000A0800000A0A00000A0C00000A0E00000C0000000C0200000C0400000C0600000C0800000C0
310
A00000C0C00000C0E00000E0000000E0200000E0400000E0600000E0800000E0A00000E0C00000E0E00040000000400020004000400040006000400080004000A0004000C0004000E00040200000402020004020400040206000402080004020A0004020C0004020E000404000004040200040404000404060004040800040
310
40A0004040C0004040E00040600000406020004060400040606000406080004060A0004060C0004060E00040800000408020004080400040806000408080004080A0004080C0004080E00040A0000040A0200040A0400040A0600040A0800040A0A00040A0C00040A0E00040C0000040C0200040C0400040C0600040C08000
310
40C0A00040C0C00040C0E00040E0000040E0200040E0400040E0600040E0800040E0A00040E0C00040E0E00080000000800020008000400080006000800080008000A0008000C0008000E00080200000802020008020400080206000802080008020A0008020C0008020E00080400000804020008040400080406000804080
310
008040A0008040C0008040E00080600000806020008060400080606000806080008060A0008060C0008060E00080800000808020008080400080806000808080008080A0008080C0008080E00080A0000080A0200080A0400080A0600080A0800080A0A00080A0C00080A0E00080C0000080C0200080C0400080C0600080C0
310
800080C0A00080C0C00080C0E00080E0000080E0200080E0400080E0600080E0800080E0A00080E0C00080E0E000C0000000C0002000C0004000C0006000C0008000C000A000C000C000C000E000C0200000C0202000C0204000C0206000C0208000C020A000C020C000C020E000C0400000C0402000C0404000C0406000C0
310
408000C040A000C040C000C040E000C0600000C0602000C0604000C0606000C0608000C060A000C060C000C060E000C0800000C0802000C0804000C0806000C0808000C080A000C080C000C080E000C0A00000C0A02000C0A04000C0A06000C0A08000C0A0A000C0A0C000C0A0E000C0C00000C0C02000C0C04000C0C06000
310
C0C08000C0C0A000F0FBFF00A4A0A000808080000000FF0000FF000000FFFF00FF000000FF00FF00FFFF0000FFFFFF0000000000000000000000000000000000000000000000000000000000000000000000000000000000000000000000000000000000000000000000000000000000000000000000000000000000000000
310
00000000000000000000000000000000000000000000000000000000000000000000000000000000000000000000000000000000000000000000000000000000000000000000000000000000000000000000000000000000000000000000000000000000000000000000000000000000000000000000000000000000000000
310
00000000000000000000000000000000000000000000000000000000000000000000000000000000000000000000000000000000000000000000000000000000000000000000000000000000000000000000000000000000000000000000000000000000000000000000000000000000000000000000000000000000000000
310
0000000000000000000000000000000000000000000000000000000000000000000000000000000000000000000000000000000000000000000000000000000000000000000000000000000000000000000000000000FBFBFBFB000000000000000000000000000000000000000000000000000000FBFBFBFBFBFBFB000000
310
000000000000000000000000000000000000000000FBFBFBFBFBFBFBFB0000FBFBFBFBFBFBFBFBFBFBFBFB00FBFBFBFBFBFB000000FBFBFBFBFBFBFBFB0000FBFBFBFBFBFBFBFBFBFBFBFBFBFBFBFBFBFBFBFB000000FBFBFBFBFBFBFB000000000000000000FBFBFBFBFBFBFBFBFBFB00000000000000FBFBFBFB00000000
310
00000000000000FBFBFBFBFBFBFBFBFBFB0000000000000000000000000000000000000000000000000000000000000000000000000000000000000000000000000000000000000000000000000000000000000000000000000000000000000000000000000000000000000000000000000000000000000000000000000000
310
00000000000000000000000000000000000000000000000000000000000000000000000000000000000000000000000000000000000000000000000000000000000000000000000000000000000000000000000000000000000000000000000000000000000000000000000000000000000000000000000000000000000000
310
00000000000000000000000000000000000000000000000000000000000000000000000000000000000000000000000000000000000000000000000000000000000000000000000000000000000000000000000000000000000000000000000000000000000000000000000000000000000000000000000000000000000000
310
0000000000000000000000000000000000000000000000000000000000000000000000000000000000000000000000000000000000000000
102
{BLKREFS
331
32F
102
}
1001
AcDbDynamicBlockGUID
1000
{2BA6CBC2-67A9-41EF-9310-58520B09416F}
  0
BLOCK_RECORD
  5
2E9
330
1
100
AcDbSymbolTableRecord
100
AcDbBlockTableRecord
  2
ê}ñ òg
340
0
310
2800000020000000200000000100080000000000000400000000000000000000000000000000000000000000000080000080000000808000800000008000800080800000C0C0C000C0DCC000F0CAA6000020400000206000002080000020A0000020C0000020E00000400000004020000040400000406000004080000040A0
310
000040C0000040E00000600000006020000060400000606000006080000060A0000060C0000060E00000800000008020000080400000806000008080000080A0000080C0000080E00000A0000000A0200000A0400000A0600000A0800000A0A00000A0C00000A0E00000C0000000C0200000C0400000C0600000C0800000C0
310
A00000C0C00000C0E00000E0000000E0200000E0400000E0600000E0800000E0A00000E0C00000E0E00040000000400020004000400040006000400080004000A0004000C0004000E00040200000402020004020400040206000402080004020A0004020C0004020E000404000004040200040404000404060004040800040
310
40A0004040C0004040E00040600000406020004060400040606000406080004060A0004060C0004060E00040800000408020004080400040806000408080004080A0004080C0004080E00040A0000040A0200040A0400040A0600040A0800040A0A00040A0C00040A0E00040C0000040C0200040C0400040C0600040C08000
310
40C0A00040C0C00040C0E00040E0000040E0200040E0400040E0600040E0800040E0A00040E0C00040E0E00080000000800020008000400080006000800080008000A0008000C0008000E00080200000802020008020400080206000802080008020A0008020C0008020E00080400000804020008040400080406000804080
310
008040A0008040C0008040E00080600000806020008060400080606000806080008060A0008060C0008060E00080800000808020008080400080806000808080008080A0008080C0008080E00080A0000080A0200080A0400080A0600080A0800080A0A00080A0C00080A0E00080C0000080C0200080C0400080C0600080C0
310
800080C0A00080C0C00080C0E00080E0000080E0200080E0400080E0600080E0800080E0A00080E0C00080E0E000C0000000C0002000C0004000C0006000C0008000C000A000C000C000C000E000C0200000C0202000C0204000C0206000C0208000C020A000C020C000C020E000C0400000C0402000C0404000C0406000C0
310
408000C040A000C040C000C040E000C0600000C0602000C0604000C0606000C0608000C060A000C060C000C060E000C0800000C0802000C0804000C0806000C0808000C080A000C080C000C080E000C0A00000C0A02000C0A04000C0A06000C0A08000C0A0A000C0A0C000C0A0E000C0C00000C0C02000C0C04000C0C06000
310
C0C08000C0C0A000F0FBFF00A4A0A000808080000000FF0000FF000000FFFF00FF000000FF00FF00FFFF0000FFFFFF0049494949494949494949494949494949494949494949494949494949494949494949494949494949494949494949494949494949494949494949494949494949494949494949494949494949494949
310
494949494949494949494949494949494949494949494949494949494949494949494949494949494949494949494949494949494949494949494949494949494949494949494949494949494949494949494949494949494949494949494949494949494949494949494949494949494949FFFFFFFFFFFFFFFFFFFFFFFFFF
310
FFFFFFFFFFFFFFFFFFFFFFFFFFFFFFFFFF4949FFFFFFFFFFFFFFFFFFFFFFFFFFFFFFFFFFFFFFFFFFFFFFFFFFFFFFFFFFFF4949FF49494949494949494949494949494949494949494949494949494949FF4949FF49494949494949494949494949494949494949494949494949494949FF4949FF4949494949494949494949
310
4949494949494949494949494949494949FF4949FF49494949494949494949494949494949494949494949494949494949FF4949FF49494949494949494949494949494949494949494949494949494949FF4949FF49494949494949494949494949494949494949494949494949494949FF4949FF49494949494949494949
310
494949494949494949494949494949494949FF4949FF49494949494949494949494949494949494949494949494949494949FF4949FF49494949494949494949494949494949494949494949494949494949FF4949FF49494949494949494949494949494949494949494949494949494949FF4949FF494949494949494949
310
49494949494949494949494949494949494949FF4949FF49494949494949494949494949494949494949494949494949494949FF4949FF49494949494949494949494949494949494949494949494949494949FF4949FF49494949494949494949494949494949494949494949494949494949FF4949FF4949494949494949
310
4949494949494949494949494949494949494949FF4949FF49494949494949494949494949494949494949494949494949494949FF4949FF49494949494949494949494949494949494949494949494949494949FF4949FFFFFFFFFFFFFFFFFFFFFFFFFFFFFFFFFFFFFFFFFFFFFFFFFFFFFFFFFFFF49494949494949494949
310
49494949494949494949494949494949494949494949494949494949494949494949494949494949494949494949494949494949494949494949494949494949494949494949494949494949494949494949494949494949494949494949494949494949494949494949494949494949494949494949494949494949494949
310
4949494949494949494949494949494949494949494949494949494949494949494949494949494949494949494949494949494949494949
102
{BLKREFS
331
60F
331
22CD
102
}
1001
AcDbDynamicBlockGUID
1000
{E4C1804C-A814-4855-8F5D-073EDC11842B}
1001
ACAD
1000
DesignCenter Data
1002
{
1070
     1
1070
     4
1002
}
  0
BLOCK_RECORD
  5
F4E
330
1
100
AcDbSymbolTableRecord
100
AcDbBlockTableRecord
  2
_ArchTick
340
0
  0
BLOCK_RECORD
  5
104E
330
1
100
AcDbSymbolTableRecord
100
AcDbBlockTableRecord
  2
_NONE
340
0
  0
BLOCK_RECORD
  5
22C7
330
1
100
AcDbSymbolTableRecord
100
AcDbBlockTableRecord
  2
*Paper_Space6
340
22E2
  0
ENDTAB
  0
ENDSEC
  0
SECTION
  2
BLOCKS
  0
BLOCK
  5
22
330
21
100
AcDbEntity
  8
0
100
AcDbBlockBegin
  2
*Model_Space
 70
     0
 10
0.0
 20
0.0
 30
0.0
  3
*Model_Space
  1

  0
ENDBLK
  5
23
330
21
100
AcDbEntity
  8
0
100
AcDbBlockEnd
  0
BLOCK
  5
1E
330
1D
100
AcDbEntity
 67
     1
  8
0
100
AcDbBlockBegin
  2
*Paper_Space
 70
     0
 10
0.0
 20
0.0
 30
0.0
  3
*Paper_Space
  1

  0
ENDBLK
  5
1F
330
1D
100
AcDbEntity
 67
     1
  8
0
100
AcDbBlockEnd
  0
BLOCK
  5
64
330
62
100
AcDbEntity
  8
0
100
AcDbBlockBegin
  2
_DotSmall
 70
     0
 10
0.0
 20
0.0
 30
0.0
  3
_DotSmall
  1

  0
LWPOLYLINE
  5
63
330
62
100
AcDbEntity
  8
0
  6
ByBlock
 62
     0
100
AcDbPolyline
 90
        2
 70
     1
 43
0.5
 10
-0.0625
 20
0.0
 42
1.0
 10
0.0625
 20
0.0
 42
1.0
  0
ENDBLK
  5
65
330
62
100
AcDbEntity
  8
0
100
AcDbBlockEnd
  0
BLOCK
  5
114
330
111
100
AcDbEntity
  8
0
100
AcDbBlockBegin
  2
_Dot
 70
     0
 10
0.0
 20
0.0
 30
0.0
  3
_Dot
  1

  0
LWPOLYLINE
  5
112
330
111
100
AcDbEntity
  8
0
  6
ByBlock
 62
     0
100
AcDbPolyline
 90
        2
 70
     1
 43
0.5
 10
-0.25
 20
0.0
 42
1.0
 10
0.25
 20
0.0
 42
1.0
  0
LINE
  5
113
330
111
100
AcDbEntity
  8
0
  6
ByBlock
 62
     0
370
    -2
100
AcDbLine
 10
-0.5
 20
0.0
 30
0.0
 11
-1.0
 21
0.0
 31
0.0
  0
ENDBLK
  5
115
330
111
100
AcDbEntity
  8
0
100
AcDbBlockEnd
  0
BLOCK
  5
233
330
231
100
AcDbEntity
  8
0
100
AcDbBlockBegin
  2
Technoline
 70
     0
 10
0.0
 20
0.0
 30
0.0
  3
Technoline
  1

  0
HATCH
  5
234
330
231
100
AcDbEntity
  8
0
100
AcDbHatch
 10
0.0
 20
0.0
 30
0.0
210
0.0
220
0.0
230
1.0
  2
ANSI31
 70
     0
 71
     1
 91
        2
 92
        5
 93
        5
 72
     3
 10
416.3833155334432
 20
-205.9187638580333
 11
-831.5032369274521
 21
0.0
 40
0.6991817024439397
 50
189.2020625727876
 51
533.197349345355
 73
     1
 72
     1
 10
1236.042438737362
 20
-303.6956559079117
 11
1116.34891346332
 21
-303.6956559079118
 72
     4
 94
        3
 73
     0
 74
     0
 95
       64
 96
       60
 40
6.283185307179586
 40
6.283185307179586
 40
6.283185307179586
 40
6.283185307179586
 40
6.363856021270957
 40
6.363856021270957
 40
6.463421926463406
 40
6.463421926463406
 40
6.562987831655857
 40
6.562987831655857
 40
6.662553736848308
 40
6.662553736848308
 40
6.762119642040759
 40
6.762119642040759
 40
6.861685547233209
 40
6.861685547233209
 40
6.961251452425659
 40
6.961251452425659
 40
7.060817357618109
 40
7.060817357618109
 40
7.16038326281056
 40
7.16038326281056
 40
7.259949168003009
 40
7.259949168003009
 40
7.35951507319546
 40
7.35951507319546
 40
7.459080978387911
 40
7.459080978387911
 40
7.558646883580362
 40
7.558646883580362
 40
7.658212788772812
 40
7.658212788772812
 40
7.757778693965262
 40
7.757778693965262
 40
7.857344599157713
 40
7.857344599157713
 40
7.956910504350164
 40
7.956910504350164
 40
8.056476409542615
 40
8.056476409542615
 40
8.156042314735064
 40
8.156042314735064
 40
8.255608219927515
 40
8.255608219927515
 40
8.355174125119966
 40
8.355174125119966
 40
8.454740030312417
 40
8.454740030312417
 40
8.554305935504868
 40
8.554305935504868
 40
8.653871840697317
 40
8.653871840697317
 40
8.753437745889768
 40
8.753437745889768
 40
8.853003651082219
 40
8.853003651082219
 40
8.95256955627467
 40
8.95256955627467
 40
9.071574987783153
 40
9.071574987783153
 40
9.190580419291637
 40
9.190580419291637
 40
9.190580419291637
 40
9.190580419291637
 10
1116.348913463342
 20
-303.6956559078535
 10
1112.512262557168
 20
-314.9397749991622
 10
1107.990358001262
 20
-326.1829692967003
 10
1096.31187911224
 20
-351.2529280307936
 10
1088.785389749421
 20
-365.0676358341007
 10
1071.532012602009
 20
-392.4895119903958
 10
1061.80465566249
 20
-406.096011663496
 10
1040.14354345105
 20
-432.9193548408803
 10
1028.209699329382
 20
-446.1355277376715
 10
1002.18367085635
 20
-471.9746189357829
 10
988.0916342007986
 20
-484.5970146610052
 10
957.8498696439201
 20
-509.0418192329817
 10
941.7003903283912
 20
-520.863881428726
 10
907.4905475843552
 20
-543.5112211632659
 10
889.4304480782303
 20
-554.3362955184421
 10
851.5843566692492
 20
-574.8108910006122
 10
831.7986045579601
 20
-584.4603058934445
 10
790.716707467378
 20
-602.4273046551389
 10
769.4207672589255
 20
-610.7448399459827
 10
725.5578074802906
 20
-625.916472140816
 10
702.990960341951
 20
-632.7705511699314
 10
656.8436733351555
 20
-644.9092362099909
 10
633.2633808488463
 20
-650.1938387147966
 10
585.3600955954607
 20
-659.1133735732292
 10
561.0372328458034
 20
-662.748307755508
 10
511.9289737143554
 20
-668.3141411492834
 10
487.1436966150795
 20
-670.2450429285527
 10
437.3963349550177
 20
-672.3741979530896
 10
412.4343644058972
 20
-672.5724524180987
 10
362.6214226880693
 20
-671.2333871293813
 10
337.770565007173
 20
-669.696066594508
 10
288.4663423794991
 20
-664.9086053983774
 10
264.0130950672174
 20
-661.6584623565432
 10
215.7858248895209
 20
-653.4938400705578
 10
192.0119290555449
 20
-648.5793585390202
 10
145.416683461779
 20
-637.160351356084
 10
122.5954764751514
 20
-630.6558273978881
 10
78.16649920294003
 20
-616.1568627745728
 10
56.55889493846917
 20
-608.1624355854583
 10
14.80098110510153
 20
-590.8094355709036
 10
-5.349131573093473
 20
-581.4509023809223
 10
-43.97065195419418
 20
-561.5203732174705
 10
-62.44182757976523
 20
-550.9484673056868
 10
-97.51293569874542
 20
-528.7649486783193
 10
-114.1126076179498
 20
-517.1535130121629
 10
-145.2844760932057
 20
-493.0839127502404
 10
-159.8564149390731
 20
-480.6260581751121
 10
-186.8608229430538
 20
-455.068697124836
 10
-199.2931110452628
 20
-441.9696724121459
 10
-221.9573830687586
 20
-415.3353964557173
 10
-232.1893882340664
 20
-401.8007899434306
 10
-250.4463543348829
 20
-374.4841107581742
 10
-258.471688136764
 20
-360.7027284035576
 10
-272.3573184370907
 20
-333.043965511315
 10
-278.2184142545884
 20
-319.1670565739623
 10
-288.7890111137385
 20
-288.7034147062222
 10
-293.0522986467404
 20
-272.1179114415427
 10
-298.7167216357193
 20
-238.9955003004288
 10
-300.1199213940126
 20
-222.4563084375113
 10
-300.1199213940126
 20
-205.9187638579751
 72
     4
 94
        3
 73
     0
 74
     0
 95
       64
 96
       60
 40
3.455844915156064
 40
3.455844915156064
 40
3.455844915156064
 40
3.455844915156064
 40
3.527065047771644
 40
3.527065047771644
 40
3.626630952964095
 40
3.626630952964095
 40
3.726196858156546
 40
3.726196858156546
 40
3.825762763348997
 40
3.825762763348997
 40
3.925328668541447
 40
3.925328668541447
 40
4.024894573733898
 40
4.024894573733898
 40
4.124460478926349
 40
4.124460478926349
 40
4.2240263841188
 40
4.2240263841188
 40
4.323592289311251
 40
4.323592289311251
 40
4.423158194503702
 40
4.423158194503702
 40
4.522724099696153
 40
4.522724099696153
 40
4.622290004888604
 40
4.622290004888604
 40
4.721855910081055
 40
4.721855910081055
 40
4.821421815273506
 40
4.821421815273506
 40
4.920987720465956
 40
4.920987720465956
 40
5.020553625658407
 40
5.020553625658407
 40
5.120119530850858
 40
5.120119530850858
 40
5.219685436043309
 40
5.219685436043309
 40
5.31925134123576
 40
5.31925134123576
 40
5.418817246428211
 40
5.418817246428211
 40
5.518383151620662
 40
5.518383151620662
 40
5.617949056813113
 40
5.617949056813113
 40
5.717514962005564
 40
5.717514962005564
 40
5.817080867198015
 40
5.817080867198015
 40
5.916646772390465
 40
5.916646772390465
 40
6.016212677582915
 40
6.016212677582915
 40
6.115778582775366
 40
6.115778582775366
 40
6.215344487967816
 40
6.215344487967816
 40
6.283185307179586
 40
6.283185307179586
 40
6.283185307179586
 40
6.283185307179586
 10
-300.1199213940126
 20
-205.9187638579751
 10
-300.1199213940126
 20
-196.0216851855512
 10
-299.6164164012007
 20
-186.1244773873477
 10
-297.1934250231279
 20
-162.3777381630498
 10
-294.790627785158
 20
-148.5215794675751
 10
-287.9482094448176
 20
-120.7822564928792
 10
-283.5075426433177
 20
-106.8985135285184
 10
-272.510877537934
 20
-79.15532150736544
 10
-265.9538560322253
 20
-65.29600217583356
 10
-250.6579120673123
 20
-37.71604173228843
 10
-241.9183263464947
 20
-23.99598004255677
 10
-222.2289653338084
 20
3.139817552291788
 10
-211.278946035527
 20
16.55485606082948
 10
-187.1923281646013
 20
42.88407715316862
 10
-174.0557905258174
 20
55.79766163032036
 10
-145.6738683628646
 20
80.91669863584684
 10
-130.4287011166452
 20
93.12172764353454
 10
-97.95664241384657
 20
116.6211433746503
 10
-80.73001527780434
 20
127.9152684301371
 10
-44.46394866910123
 20
149.405312790419
 10
-25.42476241398253
 20
159.6010880500544
 10
14.26367074823065
 20
178.727721603238
 10
34.91269702368299
 20
187.658509609988
 10
77.59138665541832
 20
204.1123619577265
 10
99.62086388822354
 20
211.6353972740471
 10
144.8104581720254
 20
225.1562162761111
 10
167.9704176235828
 20
231.1539915073081
 10
215.1555345807283
 20
241.532531737932
 10
239.1805552000878
 20
245.9132969580241
 10
287.8192949991499
 20
252.9919111381168
 10
312.4328908350435
 20
255.6897627093131
 10
361.9651002972532
 20
259.3624327789876
 10
386.8835981710436
 20
260.3372532501235
 10
436.7383138280711
 20
260.5494549866416
 10
461.67441845547
 20
259.7868363771122
 10
511.2768472275493
 20
256.535429509182
 10
535.9430561916233
 20
254.0466394657851
 10
584.7213975805935
 20
247.3798606002238
 10
608.8334078857006
 20
243.2018691290868
 10
656.225799760141
 20
233.2194315175875
 10
679.5060464602138
 20
227.414984610572
 10
724.9679336524132
 20
214.2682177926181
 10
747.1494194972765
 20
206.9259047771338
 10
790.1616962401895
 20
190.8177598412731
 10
810.9923048994387
 20
182.0519535290077
 10
851.0706499512889
 20
163.2365112340194
 10
870.3181700719579
 20
153.1869390049833
 10
907.0240283410676
 20
131.967735331622
 10
924.4821166412148
 20
120.7982367444201
 10
957.4356748735154
 20
97.52421680866973
 10
972.9308796348923
 20
85.41994018177502
 10
1001.825931155821
 20
60.47717945656041
 10
1015.22555010549
 20
47.63909732492175
 10
1039.845033236183
 20
21.43578742037062
 10
1051.064809797535
 20
8.0711380536668
 10
1071.293741509624
 20
-18.98668211634504
 10
1080.303095428797
 20
-32.6791591225192
 10
1093.610832842096
 20
-55.83386262517888
 10
1098.49587664158
 20
-65.253542535007
 10
1102.88272521089
 20
-74.69040077680256
 72
     1
 10
1102.88272521089
 20
-74.69040077680256
 11
1226.426932258369
 21
-74.69040077680256
 97
        4
330
238
330
23A
330
23B
330
239
 92
       23
 72
     0
 73
     1
 93
       15
 10
744.876557001262
 20
171.0341615317157
 10
646.7085117330134
 20
154.6315167203429
 10
547.7061347489507
 20
170.7847905248636
 10
333.8557195602042
 20
-434.0650717146929
 10
432.7788024952168
 20
-516.4017988597042
 10
564.1141665391335
 20
-565.3025800166653
 10
696.3834829949919
 20
-565.2052574019182
 10
827.064503422589
 20
-532.5582261886448
 10
860.54926673304
 20
-433.4618267538024
 10
876.1723411052953
 20
-319.8980761774001
 10
794.7408411282522
 20
-369.2391378571627
 10
713.3189342552805
 20
-385.4491751009482
 10
613.1944995178503
 20
-385.9476745357971
 10
531.418586979169
 20
-368.8307807045057
 10
647.1869594130985
 20
-104.1675577734713
 97
        1
330
23D
 75
     0
 76
     1
 52
0.0
 41
100.0
 77
     0
 78
     1
 53
45.0
 43
124040.3258580162
 44
314778.0780173527
 45
-8.838834764831843
 46
8.838834764831844
 79
     0
 47
4.729094260790466
 98
        2
 10
809.3269576524181
 20
272.9654647465795
 10
620.065063753369
 20
45.96894808602519
  0
HATCH
  5
235
330
231
100
AcDbEntity
  8
0
100
AcDbHatch
 10
0.0
 20
0.0
 30
0.0
210
0.0
220
0.0
230
1.0
  2
ANSI31
 70
     0
 71
     1
 91
        1
 92
        1
 93
        8
 72
     1
 10
0.0
 20
0.0
 11
-45.95613402905292
 21
-115.5654623217415
 72
     1
 10
-45.95613402905292
 20
-115.5654623217415
 11
120.3910410737153
 21
-91.46520998381311
 72
     1
 10
120.3910410737153
 20
-91.46520998381311
 11
-29.54246712877648
 21
-484.8610240078415
 72
     1
 10
-29.54246712877648
 20
-484.8610240078415
 11
94.30148764954356
 21
-482.7263305641245
 72
     1
 10
94.30148764954356
 20
-482.7263305641245
 11
243.7550723098102
 21
-84.21875051024836
 72
     1
 10
243.7550723098102
 20
-84.21875051024836
 11
391.561863132345
 21
-80.36417337146122
 72
     1
 10
391.561863132345
 20
-80.36417337146122
 11
423.7850326301705
 21
7.096109133039135
 72
     1
 10
423.7850326301705
 20
7.096109133039135
 11
0.0
 21
0.0
 97
        1
330
23C
 75
     0
 76
     1
 52
0.0
 41
100.0
 77
     0
 78
     1
 53
45.0
 43
123664.4710065495
 44
314201.0752971419
 45
-8.838834764831843
 46
8.838834764831844
 79
     0
 98
        1
 10
124040.3258580162
 20
314778.0780173527
  0
HATCH
  5
236
330
231
100
AcDbEntity
  8
0
100
AcDbHatch
 10
0.0
 20
0.0
 30
0.0
210
0.0
220
0.0
230
1.0
  2
SOLID
 70
     1
 71
     1
 91
        9
 92
        1
 93
       56
 72
     1
 10
6568.578434163239
 20
-139.3436003688257
 11
6551.658328593301
 21
-159.9588490664028
 72
     1
 10
6551.658328593301
 20
-159.9588490664028
 11
6538.844124107243
 21
-174.8599523779121
 72
     1
 10
6538.844124107243
 20
-174.8599523779121
 11
6519.841170424421
 21
-195.2451290602912
 72
     1
 10
6519.841170424421
 20
-195.2451290602912
 11
6506.613774789294
 21
-208.2995238652802
 72
     1
 10
6506.613774789294
 20
-208.2995238652802
 11
6493.102376224982
 21
-221.3385339154047
 72
     1
 10
6493.102376224982
 20
-221.3385339154047
 11
6477.20329909728
 21
-235.0375284300535
 72
     1
 10
6477.20329909728
 20
-235.0375284300535
 11
6445.216161480086
 21
-260.0877285643364
 72
     1
 10
6445.216161480086
 20
-260.0877285643364
 11
6419.416237389887
 21
-277.1436120286235
 72
     1
 10
6419.416237389887
 20
-277.1436120286235
 11
6398.833271466399
 21
-289.4870267482474
 72
     1
 10
6398.833271466399
 20
-289.4870267482474
 11
6375.204688459926
 21
-302.2840765635483
 72
     1
 10
6375.204688459926
 20
-302.2840765635483
 11
6337.899622388242
 21
-318.9424308736925
 72
     1
 10
6337.899622388242
 20
-318.9424308736925
 11
6301.821268529384
 21
-332.2572906535352
 72
     1
 10
6301.821268529384
 20
-332.2572906535352
 11
6270.761099580661
 21
-340.6915252426988
 72
     1
 10
6270.761099580661
 20
-340.6915252426988
 11
6232.355630135193
 21
-349.3686883380287
 72
     1
 10
6232.355630135193
 20
-349.3686883380287
 11
6192.532065631065
 21
-354.9009063087869
 72
     1
 10
6192.532065631065
 20
-354.9009063087869
 11
6166.76650215211
 21
-357.2964632537332
 72
     1
 10
6166.76650215211
 20
-357.2964632537332
 11
6134.839447614882
 21
-358.8108933319454
 72
     1
 10
6134.839447614882
 20
-358.8108933319454
 11
6133.259627332955
 21
-412.0259533509961
 72
     1
 10
6133.259627332955
 20
-412.0259533509961
 11
6133.637881994626
 21
-415.1558364778175
 72
     1
 10
6133.637881994626
 20
-415.1558364778175
 11
6134.323846487634
 21
-417.541603124293
 72
     1
 10
6134.323846487634
 20
-417.541603124293
 11
6135.234018767922
 21
-419.59460720676
 72
     1
 10
6135.234018767922
 20
-419.59460720676
 11
6136.073838176599
 21
-420.9277553837746
 72
     1
 10
6136.073838176599
 20
-420.9277553837746
 11
6137.080469714696
 21
-421.7506783879362
 72
     1
 10
6137.080469714696
 20
-421.7506783879362
 11
6137.862989444853
 21
-422.1172766539385
 72
     1
 10
6137.862989444853
 20
-422.1172766539385
 11
6138.425428500268
 21
-422.2394940069062
 72
     1
 10
6138.425428500268
 20
-422.2394940069062
 11
6139.20794823044
 21
-422.2394940069062
 72
     1
 10
6139.20794823044
 20
-422.2394940069062
 11
6139.841603971712
 21
-422.1652598752989
 72
     1
 10
6139.841603971712
 20
-422.1652598752989
 11
6141.003434136524
 21
-421.8556282363716
 72
     1
 10
6141.003434136524
 20
-421.8556282363716
 11
6142.251549746856
 21
-421.2769785595592
 72
     1
 10
6142.251549746856
 20
-421.2769785595592
 11
6143.527115454446
 21
-420.4188750321628
 72
     1
 10
6143.527115454446
 20
-420.4188750321628
 11
6144.508312461869
 21
-419.8059593105572
 72
     1
 10
6144.508312461869
 20
-419.8059593105572
 11
6145.244186222597
 21
-419.1439845106215
 72
     1
 10
6145.244186222597
 20
-419.1439845106215
 11
6147.566694799883
 21
-417.0463861562894
 72
     1
 10
6147.566694799883
 20
-417.0463861562894
 11
6150.58083065247
 21
-413.7231715301168
 72
     1
 10
6150.58083065247
 20
-413.7231715301168
 11
6155.096275669712
 21
-407.8752433285117
 72
     1
 10
6155.096275669712
 20
-407.8752433285117
 11
6159.751562615915
 21
-407.531883573276
 72
     1
 10
6159.751562615915
 20
-407.531883573276
 11
6171.133563077237
 21
-406.8118662892957
 72
     1
 10
6171.133563077237
 20
-406.8118662892957
 11
6185.887222510864
 21
-405.5949644590146
 72
     1
 10
6185.887222510864
 20
-405.5949644590146
 11
6201.281832117194
 21
-403.8943573303986
 72
     1
 10
6201.281832117194
 20
-403.8943573303986
 11
6213.678526382937
 21
-402.3556666772929
 72
     1
 10
6213.678526382937
 20
-402.3556666772929
 11
6245.31188407552
 21
-396.6716990794521
 72
     1
 10
6245.31188407552
 20
-396.6716990794521
 11
6266.105908613812
 21
-392.1686458959593
 72
     1
 10
6266.105908613812
 20
-392.1686458959593
 11
6302.993272506472
 21
-381.8473581635044
 72
     1
 10
6302.993272506472
 20
-381.8473581635044
 11
6327.699703736886
 21
-373.1223194326158
 72
     1
 10
6327.699703736886
 20
-373.1223194326158
 11
6356.958915955969
 21
-361.677729427116
 72
     1
 10
6356.958915955969
 20
-361.677729427116
 11
6392.54019270424
 21
-344.7330357817118
 72
     1
 10
6392.54019270424
 20
-344.7330357817118
 11
6414.098308935398
 21
-332.8090439058142
 72
     1
 10
6414.098308935398
 20
-332.8090439058142
 11
6439.214476057896
 21
-317.5379533788655
 72
     1
 10
6439.214476057896
 20
-317.5379533788655
 11
6461.315451554823
 21
-302.3591175879119
 72
     1
 10
6461.315451554823
 20
-302.3591175879119
 11
6473.867056509203
 21
-292.990232247219
 72
     1
 10
6473.867056509203
 20
-292.990232247219
 11
6496.322867703711
 21
-275.3828107019654
 72
     1
 10
6496.322867703711
 20
-275.3828107019654
 11
6528.579803304659
 21
-247.8062832067953
 72
     1
 10
6528.579803304659
 20
-247.8062832067953
 11
6548.149227176065
 21
-228.1774877743446
 72
     1
 10
6548.149227176065
 20
-228.1774877743446
 11
6573.739820279952
 21
-201.5344275880489
 72
     1
 10
6573.739820279952
 20
-201.5344275880489
 11
6600.928469744336
 21
-170.0258580016089
 72
     1
 10
6600.928469744336
 20
-170.0258580016089
 11
6568.578434163239
 21
-139.3436003688257
 97
        1
330
254
 92
        1
 93
       16
 72
     1
 10
6285.258206182349
 20
-42.90969787654467
 11
6235.524196779617
 21
-86.16920774360187
 72
     1
 10
6235.524196779617
 20
-86.16920774360187
 11
6255.123758170375
 21
-103.3846407980309
 72
     1
 10
6255.123758170375
 20
-103.3846407980309
 11
6267.011185946685
 21
-116.0707159658195
 72
     1
 10
6267.011185946685
 20
-116.0707159658195
 11
6277.52649277827
 21
-127.0850169720943
 72
     1
 10
6277.52649277827
 20
-127.0850169720943
 11
6286.754620399573
 21
-138.1231482104631
 72
     1
 10
6286.754620399573
 20
-138.1231482104631
 11
6297.889186068263
 21
-151.922681559925
 72
     1
 10
6297.889186068263
 20
-151.922681559925
 11
6304.370672316058
 21
-160.4199075752986
 72
     1
 10
6304.370672316058
 20
-160.4199075752986
 11
6311.703975392666
 21
-169.9123550902004
 72
     1
 10
6311.703975392666
 20
-169.9123550902004
 11
6363.99881012601
 21
-130.9978550162632
 72
     1
 10
6363.99881012601
 20
-130.9978550162632
 11
6356.435252562398
 21
-120.6873796464643
 72
     1
 10
6356.435252562398
 20
-120.6873796464643
 11
6340.849644027694
 21
-100.6048415325931
 72
     1
 10
6340.849644027694
 20
-100.6048415325931
 11
6329.787542776554
 21
-87.33581326005515
 72
     1
 10
6329.787542776554
 20
-87.33581326005515
 11
6320.489446201071
 21
-76.43705929350108
 72
     1
 10
6320.489446201071
 20
-76.43705929350108
 11
6307.946287430459
 21
-63.09212931100046
 72
     1
 10
6307.946287430459
 20
-63.09212931100046
 11
6296.387013089377
 21
-52.2289862104808
 72
     1
 10
6296.387013089377
 20
-52.2289862104808
 11
6285.258206182349
 21
-42.90969787654467
 97
        1
330
253
 92
        1
 93
       48
 72
     1
 10
6007.995235673661
 20
-3.937800832733046
 11
5975.878429939767
 21
-34.81688650004799
 72
     1
 10
5975.878429939767
 20
-34.81688650004799
 11
5943.045618172866
 21
-62.95969131676247
 72
     1
 10
5943.045618172866
 20
-62.95969131676247
 11
5913.177992784462
 21
-86.3585047792294
 72
     1
 10
5913.177992784462
 20
-86.3585047792294
 11
5882.419103049877
 21
-109.0815186796244
 72
     1
 10
5882.419103049877
 20
-109.0815186796244
 11
5852.195106294108
 21
-129.933294534334
 72
     1
 10
5852.195106294108
 20
-129.933294534334
 11
5814.580986680026
 21
-154.0044110237504
 72
     1
 10
5814.580986680026
 20
-154.0044110237504
 11
5787.750532190839
 21
-170.0943362984108
 72
     1
 10
5787.750532190839
 20
-170.0943362984108
 11
5746.368166884844
 21
-192.5773802993353
 72
     1
 10
5746.368166884844
 20
-192.5773802993353
 11
5706.804130572855
 21
-211.9456569640315
 72
     1
 10
5706.804130572855
 20
-211.9456569640315
 11
5664.650859039364
 21
-230.7706796465791
 72
     1
 10
5664.650859039364
 20
-230.7706796465791
 11
5632.792717683347
 21
-243.9930695189978
 72
     1
 10
5632.792717683347
 20
-243.9930695189978
 11
5595.804863399739
 21
-258.2948129068245
 72
     1
 10
5595.804863399739
 20
-258.2948129068245
 11
5616.654939884858
 21
-299.1480610519648
 72
     1
 10
5616.654939884858
 20
-299.1480610519648
 11
5646.973860228652
 21
-286.6420305497595
 72
     1
 10
5646.973860228652
 20
-286.6420305497595
 11
5675.127102271013
 21
-274.6169619106222
 72
     1
 10
5675.127102271013
 20
-274.6169619106222
 11
5707.130364420867
 21
-259.4653453013161
 72
     1
 10
5707.130364420867
 20
-259.4653453013161
 11
5741.655292322059
 21
-241.9400116436882
 72
     1
 10
5741.655292322059
 20
-241.9400116436882
 11
5760.956741817572
 21
-232.2942545090918
 72
     1
 10
5760.956741817572
 20
-232.2942545090918
 11
5784.715568816915
 21
-218.6476542293676
 72
     1
 10
5784.715568816915
 20
-218.6476542293676
 11
5818.929619567847
 21
-198.5883008334204
 72
     1
 10
5818.929619567847
 20
-198.5883008334204
 11
5810.004498789189
 21
-225.2327058409574
 72
     1
 10
5810.004498789189
 20
-225.2327058409574
 11
5799.00929515266
 21
-258.9405960591976
 72
     1
 10
5799.00929515266
 20
-258.9405960591976
 11
5737.159906991263
 21
-438.7306601423188
 72
     1
 10
5737.159906991263
 20
-438.7306601423188
 11
5784.435021144731
 21
-438.7306601423188
 72
     1
 10
5784.435021144731
 20
-438.7306601423188
 11
5879.230956615807
 21
-159.5629874905571
 72
     1
 10
5879.230956615807
 20
-159.5629874905571
 11
5889.213961911315
 21
-152.7764816593844
 72
     1
 10
5889.213961911315
 20
-152.7764816593844
 11
5902.392216113614
 21
-143.8343887827359
 72
     1
 10
5902.392216113614
 20
-143.8343887827359
 11
5935.542911524113
 21
-120.5650547078112
 72
     1
 10
5935.542911524113
 20
-120.5650547078112
 11
5960.372484274689
 21
-101.4872056348831
 72
     1
 10
5960.372484274689
 20
-101.4872056348831
 11
5984.145324260739
 21
-82.3738532816642
 72
     1
 10
5984.145324260739
 20
-82.3738532816642
 11
6015.271047113027
 21
-54.92476104578236
 72
     1
 10
6015.271047113027
 20
-54.92476104578236
 11
6019.399887264197
 21
-54.27843996492447
 72
     1
 10
6019.399887264197
 20
-54.27843996492447
 11
6023.907653932547
 21
-53.21269604034023
 72
     1
 10
6023.907653932547
 20
-53.21269604034023
 11
6028.997055528511
 21
-51.61397256772034
 72
     1
 10
6028.997055528511
 20
-51.61397256772034
 11
6032.292986784989
 21
-50.30594565119827
 72
     1
 10
6032.292986784989
 20
-50.30594565119827
 11
6034.913511278151
 21
-48.74423165875487
 72
     1
 10
6034.913511278151
 20
-48.74423165875487
 11
6036.641523693455
 21
-47.36256233189488
 72
     1
 10
6036.641523693455
 20
-47.36256233189488
 11
6037.821685916206
 21
-46.23479525238508
 72
     1
 10
6037.821685916206
 20
-46.23479525238508
 11
6038.363489409006
 21
-45.28718042426044
 72
     1
 10
6038.363489409006
 20
-45.28718042426044
 11
6038.769770044091
 21
-44.61035879800329
 72
     1
 10
6038.769770044091
 20
-44.61035879800329
 11
6038.959425261404
 21
-43.98765277786879
 72
     1
 10
6038.959425261404
 20
-43.98765277786879
 11
6039.040623800815
 21
-43.12126515171258
 72
     1
 10
6039.040623800815
 20
-43.12126515171258
 11
6039.040623800815
 21
-42.49855913157808
 72
     1
 10
6039.040623800815
 20
-42.49855913157808
 11
6038.732050155217
 21
-41.37907615076983
 72
     1
 10
6038.732050155217
 20
-41.37907615076983
 11
6038.324521788454
 21
-40.07546024787007
 72
     1
 10
6038.324521788454
 20
-40.07546024787007
 11
6037.699504189673
 21
-39.12488681304967
 72
     1
 10
6037.699504189673
 20
-39.12488681304967
 11
6036.775606860756
 21
-37.84838250599569
 72
     1
 10
6036.775606860756
 20
-37.84838250599569
 11
6007.995235673661
 21
-3.937800832733046
 97
        1
330
252
 92
        1
 93
       49
 72
     1
 10
5116.455236776252
 20
-149.2924802075722
 11
5101.073200466213
 21
-194.4538362513413
 72
     1
 10
5101.073200466213
 20
-194.4538362513413
 11
5412.768382813359
 21
-194.608813449333
 72
     1
 10
5412.768382813359
 20
-194.608813449333
 11
5402.021381804356
 21
-215.3138962048106
 72
     1
 10
5402.021381804356
 20
-215.3138962048106
 11
5390.196436592043
 21
-235.1035322558018
 72
     1
 10
5390.196436592043
 20
-235.1035322558018
 11
5374.577139301633
 21
-257.4629064968904
 72
     1
 10
5374.577139301633
 20
-257.4629064968904
 11
5357.811080606087
 21
-277.6337724688346
 72
     1
 10
5357.811080606087
 20
-277.6337724688346
 11
5331.066527645002
 21
-305.1877069674083
 72
     1
 10
5331.066527645002
 20
-305.1877069674083
 11
5309.818040832411
 21
-322.4431619015522
 72
     1
 10
5309.818040832411
 20
-322.4431619015522
 11
5287.684144414656
 21
-338.3712782863295
 72
     1
 10
5287.684144414656
 20
-338.3712782863295
 11
5261.011192056874
 21
-354.9158607207937
 72
     1
 10
5261.011192056874
 20
-354.9158607207937
 11
5245.703155834155
 21
-363.1167419309495
 72
     1
 10
5245.703155834155
 20
-363.1167419309495
 11
5215.03487061635
 21
-377.5411868073861
 72
     1
 10
5215.03487061635
 20
-377.5411868073861
 11
5183.315803354402
 21
-390.4441547424067
 72
     1
 10
5183.315803354402
 20
-390.4441547424067
 11
5157.049803487214
 21
-399.4596748579643
 72
     1
 10
5157.049803487214
 20
-399.4596748579643
 11
5116.059033974074
 21
-409.8087197004934
 72
     1
 10
5116.059033974074
 20
-409.8087197004934
 11
5138.924293122589
 21
-450.9502437234623
 72
     1
 10
5138.924293122589
 20
-450.9502437234623
 11
5158.622521296435
 21
-445.2822526018135
 72
     1
 10
5158.622521296435
 20
-445.2822526018135
 11
5174.112918305036
 21
-440.2964623912703
 72
     1
 10
5174.112918305036
 20
-440.2964623912703
 11
5204.080554187603
 21
-429.1466034055338
 72
     1
 10
5204.080554187603
 20
-429.1466034055338
 11
5225.090916205576
 21
-420.6623952595983
 72
     1
 10
5225.090916205576
 20
-420.6623952595983
 11
5245.481539489629
 21
-411.0253525665612
 72
     1
 10
5245.481539489629
 20
-411.0253525665612
 11
5266.820438860275
 21
-399.6504780934192
 72
     1
 10
5266.820438860275
 20
-399.6504780934192
 11
5292.226175714881
 21
-384.764275401074
 72
     1
 10
5292.226175714881
 20
-384.764275401074
 11
5318.539013510235
 21
-367.0976817219635
 72
     1
 10
5318.539013510235
 20
-367.0976817219635
 11
5340.031095941027
 21
-350.0333527803887
 72
     1
 10
5340.031095941027
 20
-350.0333527803887
 11
5364.420123424643
 21
-328.2861411610502
 72
     1
 10
5364.420123424643
 20
-328.2861411610502
 11
5380.694575833186
 21
-311.8606560943299
 72
     1
 10
5380.694575833186
 20
-311.8606560943299
 11
5397.8974366006
 21
-292.9281552994507
 72
     1
 10
5397.8974366006
 20
-292.9281552994507
 11
5417.058468290983
 21
-269.1705973268836
 72
     1
 10
5417.058468290983
 20
-269.1705973268836
 11
5430.999854392532
 21
-249.662728219002
 72
     1
 10
5430.999854392532
 20
-249.662728219002
 11
5444.576710881025
 21
-228.8879299312248
 72
     1
 10
5444.576710881025
 20
-228.8879299312248
 11
5456.655713461892
 21
-208.4447107647429
 72
     1
 10
5456.655713461892
 20
-208.4447107647429
 11
5465.395977991269
 21
-192.5795858061174
 72
     1
 10
5465.395977991269
 20
-192.5795858061174
 11
5469.382960646879
 21
-184.263695484784
 72
     1
 10
5469.382960646879
 20
-184.263695484784
 11
5471.736566537133
 21
-183.2491623524693
 72
     1
 10
5471.736566537133
 20
-183.2491623524693
 11
5475.856768545797
 21
-181.1055173194036
 72
     1
 10
5475.856768545797
 20
-181.1055173194036
 11
5478.791721425572
 21
-179.0183009849279
 72
     1
 10
5478.791721425572
 20
-179.0183009849279
 11
5480.68769772262
 21
-176.9840168139199
 72
     1
 10
5480.68769772262
 20
-176.9840168139199
 11
5481.513216206513
 21
-175.6677057986381
 72
     1
 10
5481.513216206513
 20
-175.6677057986381
 11
5482.161940707461
 21
-174.3710291732568
 72
     1
 10
5482.161940707461
 20
-174.3710291732568
 11
5482.397761997418
 21
-173.4476749199675
 72
     1
 10
5482.397761997418
 20
-173.4476749199675
 11
5482.496044863074
 21
-172.3278153893189
 72
     1
 10
5482.496044863074
 20
-172.3278153893189
 11
5482.45678930443
 21
-171.0508269466227
 72
     1
 10
5482.45678930443
 20
-171.0508269466227
 11
5481.863636853494
 21
-168.9823843165068
 72
     1
 10
5481.863636853494
 20
-168.9823843165068
 11
5480.798649863922
 21
-167.1616577560198
 72
     1
 10
5480.798649863922
 20
-167.1616577560198
 11
5479.761688847764
 21
-165.9011837180587
 72
     1
 10
5479.761688847764
 20
-165.9011837180587
 11
5450.639631135535
 21
-143.3173319180496
 72
     1
 10
5450.639631135535
 20
-143.3173319180496
 11
5429.957614511513
 21
-149.4748917585821
 72
     1
 10
5429.957614511513
 20
-149.4748917585821
 11
5116.455236776252
 21
-149.2924802075722
 97
        1
330
251
 92
        1
 93
        4
 72
     1
 10
5192.948483982284
 20
-32.59508045733673
 11
5177.764069176541
 21
-77.618673014862
 72
     1
 10
5177.764069176541
 20
-77.618673014862
 11
5460.622252513611
 21
-77.82227894832613
 72
     1
 10
5460.622252513611
 20
-77.82227894832613
 11
5475.860991637688
 21
-32.70083719852846
 72
     1
 10
5475.860991637688
 20
-32.70083719852846
 11
5192.948483982284
 21
-32.59508045733673
 97
        1
330
250
 92
        1
 93
       52
 72
     1
 10
4868.079654442176
 20
-30.52104337094352
 11
4859.970550190672
 21
-44.06866480846656
 72
     1
 10
4859.970550190672
 20
-44.06866480846656
 11
4830.835823202797
 21
-88.4718644383247
 72
     1
 10
4830.835823202797
 20
-88.4718644383247
 11
4807.112796505098
 21
-122.0516738830484
 72
     1
 10
4807.112796505098
 20
-122.0516738830484
 11
4781.56932926747
 21
-154.5902151495102
 72
     1
 10
4781.56932926747
 20
-154.5902151495102
 11
4744.003871189401
 21
-197.4644606318907
 72
     1
 10
4744.003871189401
 20
-197.4644606318907
 11
4716.510967150665
 21
-224.2294692069408
 72
     1
 10
4716.510967150665
 20
-224.2294692069408
 11
4684.460099237767
 21
-253.6361908040126
 72
     1
 10
4684.460099237767
 20
-253.6361908040126
 11
4659.001957652057
 21
-272.7198495045886
 72
     1
 10
4659.001957652057
 20
-272.7198495045886
 11
4639.271960309707
 21
-287.9867979821865
 72
     1
 10
4639.271960309707
 20
-287.9867979821865
 11
4619.966191742962
 21
-301.0550713422126
 72
     1
 10
4619.966191742962
 20
-301.0550713422126
 11
4585.64790740599
 21
-322.3157266422641
 72
     1
 10
4585.64790740599
 20
-322.3157266422641
 11
4564.263609797577
 21
-335.1084192367853
 72
     1
 10
4564.263609797577
 20
-335.1084192367853
 11
4544.546569668979
 21
-345.214427987521
 72
     1
 10
4544.546569668979
 20
-345.214427987521
 11
4526.346291382128
 21
-354.5624954956584
 72
     1
 10
4526.346291382128
 20
-354.5624954956584
 11
4514.043752869518
 21
-360.2589968272951
 72
     1
 10
4514.043752869518
 20
-360.2589968272951
 11
4495.344285926156
 21
-369.0408945996314
 72
     1
 10
4495.344285926156
 20
-369.0408945996314
 11
4530.66785809015
 21
-407.7797610215493
 72
     1
 10
4530.66785809015
 20
-407.7797610215493
 11
4546.357700210894
 21
-399.625303040084
 72
     1
 10
4546.357700210894
 20
-399.625303040084
 11
4569.578754850605
 21
-386.4526177601074
 72
     1
 10
4569.578754850605
 20
-386.4526177601074
 11
4610.776839783488
 21
-361.9264675609302
 72
     1
 10
4610.776839783488
 20
-361.9264675609302
 11
4642.515582814449
 21
-340.4006673081312
 72
     1
 10
4642.515582814449
 20
-340.4006673081312
 11
4671.307087607405
 21
-319.5545934953843
 72
     1
 10
4671.307087607405
 20
-319.5545934953843
 11
4683.603771378999
 21
-309.9018970832694
 72
     1
 10
4683.603771378999
 20
-309.9018970832694
 11
4699.661886307862
 21
-297.0782736006076
 72
     1
 10
4699.661886307862
 20
-297.0782736006076
 11
4723.110028115669
 21
-277.6537834086339
 72
     1
 10
4723.110028115669
 20
-277.6537834086339
 11
4749.011978266615
 21
-254.6025255435961
 72
     1
 10
4749.011978266615
 20
-254.6025255435961
 11
4758.387818124495
 21
-246.0314419465722
 72
     1
 10
4758.387818124495
 20
-246.0314419465722
 11
4778.655779785186
 21
-226.1654738428188
 72
     1
 10
4778.655779785186
 20
-226.1654738428188
 11
4792.784133681955
 21
-209.6603753595264
 72
     1
 10
4792.784133681955
 20
-209.6603753595264
 11
4810.215233369803
 21
-191.3213172749383
 72
     1
 10
4810.215233369803
 20
-191.3213172749383
 11
4849.386522136629
 21
-145.157531489851
 72
     1
 10
4849.386522136629
 20
-145.157531489851
 11
4870.315205718391
 21
-117.7028447976918
 72
     1
 10
4870.315205718391
 20
-117.7028447976918
 11
4889.078882854272
 21
-91.93402599345427
 72
     1
 10
4889.078882854272
 20
-91.93402599345427
 11
4903.337768681973
 21
-71.5205004796735
 72
     1
 10
4903.337768681973
 20
-71.5205004796735
 11
4906.315624336115
 21
-70.41086159023689
 72
     1
 10
4906.315624336115
 20
-70.41086159023689
 11
4910.327369666862
 21
-68.69244902860373
 72
     1
 10
4910.327369666862
 20
-68.69244902860373
 11
4913.078234132263
 21
-67.37500836350955
 72
     1
 10
4913.078234132263
 20
-67.37500836350955
 11
4914.654599157191
 21
-66.28247560013551
 72
     1
 10
4914.654599157191
 20
-66.28247560013551
 11
4916.224821503027
 21
-65.1588505699765
 72
     1
 10
4916.224821503027
 20
-65.1588505699765
 11
4917.473992886342
 21
-63.92823156318627
 72
     1
 10
4917.473992886342
 20
-63.92823156318627
 11
4918.223495716331
 21
-62.98292982752901
 72
     1
 10
4918.223495716331
 20
-62.98292982752901
 11
4918.616051302786
 21
-62.23386440507602
 72
     1
 10
4918.616051302786
 20
-62.23386440507602
 11
4918.883737740587
 21
-61.37775121303275
 72
     1
 10
4918.883737740587
 20
-61.37775121303275
 11
4918.932879173415
 21
-60.68468414642848
 72
     1
 10
4918.932879173415
 20
-60.68468414642848
 11
4918.932879173415
 21
-60.28199087869143
 72
     1
 10
4918.932879173415
 20
-60.28199087869143
 11
4918.832100844375
 21
-59.63760634040227
 72
     1
 10
4918.832100844375
 20
-59.63760634040227
 11
4918.590328834034
 21
-58.83216601220192
 72
     1
 10
4918.590328834034
 20
-58.83216601220192
 11
4918.126940479167
 21
-58.06696273502894
 72
     1
 10
4918.126940479167
 20
-58.06696273502894
 11
4917.421876093314
 21
-57.160875986272
 72
     1
 10
4917.421876093314
 20
-57.160875986272
 11
4916.303716537761
 21
-56.00438352540368
 72
     1
 10
4916.303716537761
 20
-56.00438352540368
 11
4915.097255970089
 21
-55.08565545716556
 72
     1
 10
4915.097255970089
 20
-55.08565545716556
 11
4868.079654442176
 21
-30.52104337094352
 97
        1
330
24F
 92
        1
 93
       87
 72
     1
 10
4211.581881029168
 20
2.276133913546801
 11
4194.227756788823
 21
-27.76900121552171
 72
     1
 10
4194.227756788823
 20
-27.76900121552171
 11
4151.912856011433
 21
-83.70490353758214
 72
     1
 10
4151.912856011433
 20
-83.70490353758214
 11
4118.337068011097
 21
-122.5936906296993
 72
     1
 10
4118.337068011097
 20
-122.5936906296993
 11
4080.623417799667
 21
-158.2612005444826
 72
     1
 10
4080.623417799667
 20
-158.2612005444826
 11
4056.082359008229
 21
-179.2096959417104
 72
     1
 10
4056.082359008229
 20
-179.2096959417104
 11
4019.939698977527
 21
-207.3863902533194
 72
     1
 10
4019.939698977527
 20
-207.3863902533194
 11
3997.531205607971
 21
-223.2809399003163
 72
     1
 10
3997.531205607971
 20
-223.2809399003163
 11
4028.975292000672
 21
-249.6513779278612
 72
     1
 10
4028.975292000672
 20
-249.6513779278612
 11
4059.498552404024
 21
-228.11223704851
 72
     1
 10
4059.498552404024
 20
-228.11223704851
 11
4080.651731711158
 21
-211.035912301566
 72
     1
 10
4080.651731711158
 20
-211.035912301566
 11
4102.211575570808
 21
-192.3332145576715
 72
     1
 10
4102.211575570808
 20
-192.3332145576715
 11
4119.296765641659
 21
-176.0700763092609
 72
     1
 10
4119.296765641659
 20
-176.0700763092609
 11
4142.597291192258
 21
-153.7559418542078
 72
     1
 10
4142.597291192258
 20
-153.7559418542078
 11
4158.674697972689
 21
-137.1129185060272
 72
     1
 10
4158.674697972689
 20
-137.1129185060272
 11
4170.73277705285
 21
-125.0610610281001
 72
     1
 10
4170.73277705285
 20
-125.0610610281001
 11
4334.95643907052
 21
-123.8415233481792
 72
     1
 10
4334.95643907052
 20
-123.8415233481792
 11
4315.717664097742
 21
-157.3897563905339
 72
     1
 10
4315.717664097742
 20
-157.3897563905339
 11
4291.206838805025
 21
-194.7615851405426
 72
     1
 10
4291.206838805025
 20
-194.7615851405426
 11
4253.245465862871
 21
-240.6927168536931
 72
     1
 10
4253.245465862871
 20
-240.6927168536931
 11
4231.650493557085
 21
-263.0706496276543
 72
     1
 10
4231.650493557085
 20
-263.0706496276543
 11
4198.073457825056
 21
-294.0488217228558
 72
     1
 10
4198.073457825056
 20
-294.0488217228558
 11
4161.018609947482
 21
-323.3309590815916
 72
     1
 10
4161.018609947482
 20
-323.3309590815916
 11
4110.30417137222
 21
-356.0329768162337
 72
     1
 10
4110.30417137222
 20
-356.0329768162337
 11
4072.049485502881
 21
-376.109812888084
 72
     1
 10
4072.049485502881
 20
-376.109812888084
 11
4038.248817859742
 21
-391.7064577372512
 72
     1
 10
4038.248817859742
 20
-391.7064577372512
 11
3996.418036979187
 21
-407.7869154704385
 72
     1
 10
3996.418036979187
 20
-407.7869154704385
 11
4019.760697469276
 21
-446.8419224660029
 72
     1
 10
4019.760697469276
 20
-446.8419224660029
 11
4038.073367587844
 21
-439.5851595488493
 72
     1
 10
4038.073367587844
 20
-439.5851595488493
 11
4069.861156072264
 21
-425.7244099372183
 72
     1
 10
4069.861156072264
 20
-425.7244099372183
 11
4090.653452982064
 21
-415.6095253663952
 72
     1
 10
4090.653452982064
 20
-415.6095253663952
 11
4124.693973048328
 21
-397.5866616482963
 72
     1
 10
4124.693973048328
 20
-397.5866616482963
 11
4143.472431005794
 21
-386.5838723116904
 72
     1
 10
4143.472431005794
 20
-386.5838723116904
 11
4159.104589530573
 21
-376.688677736267
 72
     1
 10
4159.104589530573
 20
-376.688677736267
 11
4171.331976203525
 21
-368.6809666468762
 72
     1
 10
4171.331976203525
 20
-368.6809666468762
 11
4193.939818705854
 21
-352.837251242192
 72
     1
 10
4193.939818705854
 20
-352.837251242192
 11
4224.516827551357
 21
-329.1318723331788
 72
     1
 10
4224.516827551357
 20
-329.1318723331788
 11
4257.072642882428
 21
-299.7226762650535
 72
     1
 10
4257.072642882428
 20
-299.7226762650535
 11
4292.50006471503
 21
-263.545425313001
 72
     1
 10
4292.50006471503
 20
-263.545425313001
 11
4316.055511448431
 21
-234.9572157065268
 72
     1
 10
4316.055511448431
 20
-234.9572157065268
 11
4340.620469100744
 21
-201.324043755536
 72
     1
 10
4340.620469100744
 20
-201.324043755536
 11
4359.061367645613
 21
-172.7419665338239
 72
     1
 10
4359.061367645613
 20
-172.7419665338239
 11
4377.163651004885
 21
-141.4143560914672
 72
     1
 10
4377.163651004885
 20
-141.4143560914672
 11
4384.919071311131
 21
-126.9501045067445
 72
     1
 10
4384.919071311131
 20
-126.9501045067445
 11
4388.664377935769
 21
-125.7023255811073
 72
     1
 10
4388.664377935769
 20
-125.7023255811073
 11
4392.409684560393
 21
-124.2049478360568
 72
     1
 10
4392.409684560393
 20
-124.2049478360568
 11
4395.073015848568
 21
-122.7907876284444
 72
     1
 10
4395.073015848568
 20
-122.7907876284444
 11
4397.153752415514
 21
-121.2934636762366
 72
     1
 10
4397.153752415514
 20
-121.2934636762366
 11
4398.747489704794
 21
-119.6962464034441
 72
     1
 10
4398.747489704794
 20
-119.6962464034441
 11
4399.617062715377
 21
-118.3925229148008
 72
     1
 10
4399.617062715377
 20
-118.3925229148008
 11
4400.254749589804
 21
-117.0019239750691
 72
     1
 10
4400.254749589804
 20
-117.0019239750691
 11
4400.689536095102
 21
-115.2636618521647
 72
     1
 10
4400.689536095102
 20
-115.2636618521647
 11
4400.810374110588
 21
-114.2872678497224
 72
     1
 10
4400.810374110588
 20
-114.2872678497224
 11
4400.577816118908
 21
-112.1952101588831
 72
     1
 10
4400.577816118908
 20
-112.1952101588831
 11
4400.112700135535
 21
-110.2426373254857
 72
     1
 10
4400.112700135535
 20
-110.2426373254857
 11
4399.182372189447
 21
-108.3830185352126
 72
     1
 10
4399.182372189447
 20
-108.3830185352126
 11
4397.786928259972
 21
-105.9190370863071
 72
     1
 10
4397.786928259972
 20
-105.9190370863071
 11
4373.456448186568
 21
-69.54979945614468
 72
     1
 10
4373.456448186568
 20
-69.54979945614468
 11
4351.177239016266
 21
-80.04742014763178
 72
     1
 10
4351.177239016266
 20
-80.04742014763178
 11
4204.116702310567
 21
-79.90836563298944
 72
     1
 10
4204.116702310567
 20
-79.90836563298944
 11
4211.781326141311
 21
-70.90710062236758
 72
     1
 10
4211.781326141311
 20
-70.90710062236758
 11
4220.97893232583
 21
-59.03302851039916
 72
     1
 10
4220.97893232583
 20
-59.03302851039916
 11
4230.943029687216
 21
-46.96750764880562
 72
     1
 10
4230.943029687216
 20
-46.96750764880562
 11
4237.266341948096
 21
-37.39162742503686
 72
     1
 10
4237.266341948096
 20
-37.39162742503686
 11
4241.0786421667
 21
-32.05440853192704
 72
     1
 10
4241.0786421667
 20
-32.05440853192704
 11
4244.734975923697
 21
-26.37485194776673
 72
     1
 10
4244.734975923697
 20
-26.37485194776673
 11
4246.749870649001
 21
-25.74552940716967
 72
     1
 10
4246.749870649001
 20
-25.74552940716967
 11
4248.206549410781
 21
-25.10340416856343
 72
     1
 10
4248.206549410781
 20
-25.10340416856343
 11
4249.543733868122
 21
-24.5875845393748
 72
     1
 10
4249.543733868122
 20
-24.5875845393748
 11
4250.787146489776
 21
-23.93104281724663
 72
     1
 10
4250.787146489776
 20
-23.93104281724663
 11
4252.311970597861
 21
-23.15728647704236
 72
     1
 10
4252.311970597861
 20
-23.15728647704236
 11
4253.789956777779
 21
-22.28971540823113
 72
     1
 10
4253.789956777779
 20
-22.28971540823113
 11
4254.479280548418
 21
-21.79944738233462
 72
     1
 10
4254.479280548418
 20
-21.79944738233462
 11
4255.106505672506
 21
-21.25608581450069
 72
     1
 10
4255.106505672506
 20
-21.25608581450069
 11
4255.614428450878
 21
-20.77442464441992
 72
     1
 10
4255.614428450878
 20
-20.77442464441992
 11
4256.0380813503
 21
-20.18641501193633
 72
     1
 10
4256.0380813503
 20
-20.18641501193633
 11
4256.320452630331
 21
-19.6689278044505
 72
     1
 10
4256.320452630331
 20
-19.6689278044505
 11
4256.508764136597
 21
-19.1750018648454
 72
     1
 10
4256.508764136597
 20
-19.1750018648454
 11
4256.555794023487
 21
-18.7280908752582
 72
     1
 10
4256.555794023487
 20
-18.7280908752582
 11
4256.555794023487
 21
-18.30474115355173
 72
     1
 10
4256.555794023487
 20
-18.30474115355173
 11
4256.508764136597
 21
-17.71673152100993
 72
     1
 10
4256.508764136597
 20
-17.71673152100993
 11
4256.273422743456
 21
-17.12872188846814
 72
     1
 10
4256.273422743456
 20
-17.12872188846814
 11
4255.802739957144
 21
-16.37605234509101
 72
     1
 10
4255.802739957144
 20
-16.37605234509101
 11
4255.214386474269
 21
-15.76453523756936
 72
     1
 10
4255.214386474269
 20
-15.76453523756936
 11
4254.343661711348
 21
-15.05888064426836
 72
     1
 10
4254.343661711348
 20
-15.05888064426836
 11
4253.449422004982
 21
-14.42385606170865
 72
     1
 10
4253.449422004982
 20
-14.42385606170865
 11
4252.861164501461
 21
-14.07102876499994
 72
     1
 10
4252.861164501461
 20
-14.07102876499994
 11
4211.581881029168
 21
2.276133913546801
 97
        1
330
24E
 92
        1
 93
       35
 72
     1
 10
3475.246075658914
 20
-157.8212288324139
 11
3459.488760047403
 21
-202.5196436176775
 72
     1
 10
3459.488760047403
 20
-202.5196436176775
 11
3664.504034404163
 21
-202.7858644273947
 72
     1
 10
3664.504034404163
 20
-202.7858644273947
 11
3646.573458121697
 21
-253.8477580791223
 72
     1
 10
3646.573458121697
 20
-253.8477580791223
 11
3641.180281848196
 21
-265.1423198287375
 72
     1
 10
3641.180281848196
 20
-265.1423198287375
 11
3635.099509432534
 21
-277.4617429376813
 72
     1
 10
3635.099509432534
 20
-277.4617429376813
 11
3624.043166943055
 21
-296.3971485464135
 72
     1
 10
3624.043166943055
 20
-296.3971485464135
 11
3614.319017984133
 21
-311.8540395738673
 72
     1
 10
3614.319017984133
 20
-311.8540395738673
 11
3603.324486203128
 21
-326.8907008648966
 72
     1
 10
3603.324486203128
 20
-326.8907008648966
 11
3588.659991595865
 21
-344.7420729803271
 72
     1
 10
3588.659991595865
 20
-344.7420729803271
 11
3565.159061139508
 21
-368.2307742935373
 72
     1
 10
3565.159061139508
 20
-368.2307742935373
 11
3544.041298216587
 21
-386.4167917227023
 72
     1
 10
3544.041298216587
 20
-386.4167917227023
 11
3525.181833678449
 21
-400.5540365782217
 72
     1
 10
3525.181833678449
 20
-400.5540365782217
 11
3507.453965806403
 21
-411.8638754969579
 72
     1
 10
3507.453965806403
 20
-411.8638754969579
 11
3537.871073036484
 21
-442.7219281602884
 72
     1
 10
3537.871073036484
 20
-442.7219281602884
 11
3549.063322301139
 21
-435.0631712824688
 72
     1
 10
3549.063322301139
 20
-435.0631712824688
 11
3562.779540821794
 21
-424.667757004092
 72
     1
 10
3562.779540821794
 20
-424.667757004092
 11
3577.021630261326
 21
-412.9607116882689
 72
     1
 10
3577.021630261326
 20
-412.9607116882689
 11
3592.994035620825
 21
-398.7260479831602
 72
     1
 10
3592.994035620825
 20
-398.7260479831602
 11
3605.105671184429
 21
-386.7997968076379
 72
     1
 10
3605.105671184429
 20
-386.7997968076379
 11
3615.814856325204
 21
-375.395390060381
 72
     1
 10
3615.814856325204
 20
-375.395390060381
 11
3623.59331167808
 21
-366.6297915212926
 72
     1
 10
3623.59331167808
 20
-366.6297915212926
 11
3632.048709464041
 21
-356.6159837137675
 72
     1
 10
3632.048709464041
 20
-356.6159837137675
 11
3645.88778156678
 21
-339.1137809812208
 72
     1
 10
3645.88778156678
 20
-339.1137809812208
 11
3653.8661619286
 21
-327.9461703553097
 72
     1
 10
3653.8661619286
 20
-327.9461703553097
 11
3663.828147744062
 21
-312.260713512369
 72
     1
 10
3663.828147744062
 20
-312.260713512369
 11
3674.336064164833
 21
-294.529353243066
 72
     1
 10
3674.336064164833
 20
-294.529353243066
 11
3680.468089559261
 21
-283.1228485747124
 72
     1
 10
3680.468089559261
 20
-283.1228485747124
 11
3687.861667674559
 21
-266.9819276792114
 72
     1
 10
3687.861667674559
 20
-266.9819276792114
 11
3695.64453807805
 21
-248.896341499174
 72
     1
 10
3695.64453807805
 20
-248.896341499174
 11
3701.092422587317
 21
-234.5056247390457
 72
     1
 10
3701.092422587317
 20
-234.5056247390457
 11
3705.655953264417
 21
-220.0541758524487
 72
     1
 10
3705.655953264417
 20
-220.0541758524487
 11
3711.511270161093
 21
-203.082478196884
 72
     1
 10
3711.511270161093
 20
-203.082478196884
 11
3879.829603677412
 21
-202.7872092486359
 72
     1
 10
3879.829603677412
 20
-202.7872092486359
 11
3895.114700832856
 21
-157.6556544431951
 72
     1
 10
3895.114700832856
 20
-157.6556544431951
 11
3475.246075658914
 21
-157.8212288324139
 97
        1
330
24D
 92
        1
 93
        4
 72
     1
 10
3591.157566527603
 20
-32.92956439248519
 11
3575.954819663908
 21
-77.97811683191685
 72
     1
 10
3575.954819663908
 20
-77.97811683191685
 11
3848.51576127758
 21
-77.61791991494829
 72
     1
 10
3848.51576127758
 20
-77.61791991494829
 11
3863.816311110131
 21
-32.60933556233067
 72
     1
 10
3863.816311110131
 20
-32.60933556233067
 11
3591.157566527603
 21
-32.92956439248519
 97
        1
330
24C
 75
     0
 76
     1
 98
        1
 10
130654.3852641379
 20
314551.2273301992
  0
TEXT
  5
237
330
231
100
AcDbEntity
  8
0
100
AcDbText
 10
5863.154665318187
 20
224.1471955479938
 30
0.0
 40
120.0
  1
çÜ
 41
1.05
 51
20.0
  7
WAKU-R
100
AcDbText
  0
ELLIPSE
  5
238
102
{ACAD_REACTORS
330
234
102
}
330
231
100
AcDbEntity
  8
0
100
AcDbEllipse
 10
416.3833155334432
 20
-205.9187638580333
 30
0.0
 11
-831.5032369274521
 21
0.0
 31
0.0
210
0.0
220
0.0
230
1.0
 40
0.6991817024439397
 41
3.36927665917309
 42
9.25579178527738
  0
LINE
  5
239
102
{ACAD_REACTORS
330
234
102
}
330
231
100
AcDbEntity
  8
0
100
AcDbLine
 10
1102.300789069021
 20
-74.69040077680256
 30
0.0
 11
1226.426932258372
 21
-74.69040077680256
 31
0.0
  0
LINE
  5
23A
102
{ACAD_REACTORS
330
234
102
}
330
231
100
AcDbEntity
  8
0
100
AcDbLine
 10
1114.924240675289
 20
-303.6956559079117
 30
0.0
 11
1236.042438737364
 21
-303.6956559079117
 31
0.0
  0
SPLINE
  5
23B
102
{ACAD_REACTORS
330
234
102
}
330
231
100
AcDbEntity
  8
0
100
AcDbSpline
210
0.0
220
0.0
230
1.0
 70
     8
 71
     3
 72
   123
 73
   119
 74
     0
 42
0.000000001
 43
0.0000000001
 40
3.455844915156064
 40
3.455844915156064
 40
3.455844915156064
 40
3.455844915156064
 40
3.523685734367834
 40
3.523685734367834
 40
3.623251639560284
 40
3.623251639560284
 40
3.722817544752735
 40
3.722817544752735
 40
3.822383449945185
 40
3.822383449945185
 40
3.921949355137635
 40
3.921949355137635
 40
4.021515260330086
 40
4.021515260330086
 40
4.121081165522537
 40
4.121081165522537
 40
4.220647070714988
 40
4.220647070714988
 40
4.320212975907439
 40
4.320212975907439
 40
4.41977888109989
 40
4.41977888109989
 40
4.519344786292341
 40
4.519344786292341
 40
4.618910691484792
 40
4.618910691484792
 40
4.718476596677243
 40
4.718476596677243
 40
4.818042501869694
 40
4.818042501869694
 40
4.917608407062144
 40
4.917608407062144
 40
5.017174312254595
 40
5.017174312254595
 40
5.116740217447046
 40
5.116740217447046
 40
5.216306122639497
 40
5.216306122639497
 40
5.315872027831948
 40
5.315872027831948
 40
5.415437933024399
 40
5.415437933024399
 40
5.51500383821685
 40
5.51500383821685
 40
5.614569743409301
 40
5.614569743409301
 40
5.714135648601752
 40
5.714135648601752
 40
5.813701553794203
 40
5.813701553794203
 40
5.913267458986653
 40
5.913267458986653
 40
6.012833364179104
 40
6.012833364179104
 40
6.112399269371555
 40
6.112399269371555
 40
6.211965174564006
 40
6.211965174564006
 40
6.283185307179586
 40
6.283185307179586
 40
6.283185307179586
 40
6.40219073868807
 40
6.40219073868807
 40
6.521196170196554
 40
6.521196170196554
 40
6.620762075389004
 40
6.620762075389004
 40
6.720327980581455
 40
6.720327980581455
 40
6.819893885773905
 40
6.819893885773905
 40
6.919459790966356
 40
6.919459790966356
 40
7.019025696158806
 40
7.019025696158806
 40
7.118591601351257
 40
7.118591601351257
 40
7.218157506543708
 40
7.218157506543708
 40
7.317723411736159
 40
7.317723411736159
 40
7.417289316928609
 40
7.417289316928609
 40
7.516855222121059
 40
7.516855222121059
 40
7.61642112731351
 40
7.61642112731351
 40
7.715987032505961
 40
7.715987032505961
 40
7.815552937698411
 40
7.815552937698411
 40
7.915118842890861
 40
7.915118842890861
 40
8.014684748083312
 40
8.014684748083312
 40
8.114250653275763
 40
8.114250653275763
 40
8.213816558468213
 40
8.213816558468213
 40
8.313382463660663
 40
8.313382463660663
 40
8.412948368853113
 40
8.412948368853113
 40
8.512514274045564
 40
8.512514274045564
 40
8.612080179238013
 40
8.612080179238013
 40
8.711646084430464
 40
8.711646084430464
 40
8.811211989622915
 40
8.811211989622915
 40
8.910777894815366
 40
8.910777894815366
 40
9.010343800007817
 40
9.010343800007817
 40
9.109909705200266
 40
9.109909705200266
 40
9.190580419291637
 40
9.190580419291637
 40
9.190580419291637
 40
9.190580419291637
 10
1102.88272521089
 20
-74.69040077680256
 30
0.0
 10
1098.49587664158
 20
-65.253542535007
 30
0.0
 10
1093.610832842096
 20
-55.83386262517888
 30
0.0
 10
1080.303095428797
 20
-32.6791591225192
 30
0.0
 10
1071.293741509624
 20
-18.98668211634504
 30
0.0
 10
1051.064809797535
 20
8.0711380536668
 30
0.0
 10
1039.845033236183
 20
21.43578742037062
 30
0.0
 10
1015.22555010549
 20
47.63909732492175
 30
0.0
 10
1001.825931155821
 20
60.47717945656041
 30
0.0
 10
972.9308796348923
 20
85.41994018177502
 30
0.0
 10
957.4356748735154
 20
97.52421680866973
 30
0.0
 10
924.4821166412148
 20
120.7982367444201
 30
0.0
 10
907.0240283410676
 20
131.967735331622
 30
0.0
 10
870.3181700719579
 20
153.1869390049833
 30
0.0
 10
851.0706499512889
 20
163.2365112340194
 30
0.0
 10
810.9923048994387
 20
182.0519535290077
 30
0.0
 10
790.1616962401895
 20
190.8177598412731
 30
0.0
 10
747.1494194972765
 20
206.9259047771338
 30
0.0
 10
724.9679336524132
 20
214.2682177926181
 30
0.0
 10
679.5060464602138
 20
227.414984610572
 30
0.0
 10
656.225799760141
 20
233.2194315175875
 30
0.0
 10
608.8334078857006
 20
243.2018691290868
 30
0.0
 10
584.7213975805935
 20
247.3798606002238
 30
0.0
 10
535.9430561916233
 20
254.0466394657851
 30
0.0
 10
511.2768472275493
 20
256.535429509182
 30
0.0
 10
461.67441845547
 20
259.7868363771122
 30
0.0
 10
436.7383138280711
 20
260.5494549866416
 30
0.0
 10
386.8835981710436
 20
260.3372532501235
 30
0.0
 10
361.9651002972532
 20
259.3624327789876
 30
0.0
 10
312.4328908350435
 20
255.6897627093131
 30
0.0
 10
287.8192949991499
 20
252.9919111381168
 30
0.0
 10
239.1805552000878
 20
245.9132969580241
 30
0.0
 10
215.1555345807283
 20
241.532531737932
 30
0.0
 10
167.9704176235828
 20
231.1539915073081
 30
0.0
 10
144.8104581720254
 20
225.1562162761111
 30
0.0
 10
99.62086388822354
 20
211.6353972740471
 30
0.0
 10
77.59138665541832
 20
204.1123619577265
 30
0.0
 10
34.91269702368299
 20
187.658509609988
 30
0.0
 10
14.26367074823065
 20
178.727721603238
 30
0.0
 10
-25.42476241398253
 20
159.6010880500544
 30
0.0
 10
-44.46394866910123
 20
149.405312790419
 30
0.0
 10
-80.73001527780434
 20
127.9152684301371
 30
0.0
 10
-97.95664241384657
 20
116.6211433746503
 30
0.0
 10
-130.4287011166452
 20
93.12172764353454
 30
0.0
 10
-145.6738683628646
 20
80.91669863584684
 30
0.0
 10
-174.0557905258174
 20
55.79766163032036
 30
0.0
 10
-187.1923281646013
 20
42.88407715316862
 30
0.0
 10
-211.278946035527
 20
16.55485606082948
 30
0.0
 10
-222.2289653338084
 20
3.139817552291788
 30
0.0
 10
-241.9183263464947
 20
-23.99598004255677
 30
0.0
 10
-250.6579120673123
 20
-37.71604173228843
 30
0.0
 10
-265.9538560322253
 20
-65.29600217583356
 30
0.0
 10
-272.510877537934
 20
-79.15532150736544
 30
0.0
 10
-283.5075426433177
 20
-106.8985135285184
 30
0.0
 10
-287.9482094448176
 20
-120.7822564928792
 30
0.0
 10
-294.790627785158
 20
-148.5215794675751
 30
0.0
 10
-297.1934250231279
 20
-162.3777381630498
 30
0.0
 10
-299.6164164012007
 20
-186.1244773873477
 30
0.0
 10
-300.1199213940126
 20
-196.0216851855512
 30
0.0
 10
-300.1199213940126
 20
-205.9187638579751
 30
0.0
 10
-300.1199213940126
 20
-222.4563084375113
 30
0.0
 10
-298.7167216357193
 20
-238.9955003004288
 30
0.0
 10
-293.0522986467404
 20
-272.1179114415427
 30
0.0
 10
-288.7890111137385
 20
-288.7034147062222
 30
0.0
 10
-278.2184142545884
 20
-319.1670565739623
 30
0.0
 10
-272.3573184370907
 20
-333.043965511315
 30
0.0
 10
-258.471688136764
 20
-360.7027284035576
 30
0.0
 10
-250.4463543348829
 20
-374.4841107581742
 30
0.0
 10
-232.1893882340664
 20
-401.8007899434306
 30
0.0
 10
-221.9573830687586
 20
-415.3353964557173
 30
0.0
 10
-199.2931110452628
 20
-441.9696724121459
 30
0.0
 10
-186.8608229430538
 20
-455.068697124836
 30
0.0
 10
-159.8564149390731
 20
-480.6260581751121
 30
0.0
 10
-145.2844760932057
 20
-493.0839127502404
 30
0.0
 10
-114.1126076179498
 20
-517.1535130121629
 30
0.0
 10
-97.51293569874542
 20
-528.7649486783193
 30
0.0
 10
-62.44182757976523
 20
-550.9484673056868
 30
0.0
 10
-43.97065195419418
 20
-561.5203732174705
 30
0.0
 10
-5.349131573093473
 20
-581.4509023809223
 30
0.0
 10
14.80098110510153
 20
-590.8094355709036
 30
0.0
 10
56.55889493846917
 20
-608.1624355854583
 30
0.0
 10
78.16649920294003
 20
-616.1568627745728
 30
0.0
 10
122.5954764751514
 20
-630.6558273978881
 30
0.0
 10
145.416683461779
 20
-637.160351356084
 30
0.0
 10
192.0119290555449
 20
-648.5793585390202
 30
0.0
 10
215.7858248895209
 20
-653.4938400705578
 30
0.0
 10
264.0130950672174
 20
-661.6584623565432
 30
0.0
 10
288.4663423794991
 20
-664.9086053983774
 30
0.0
 10
337.770565007173
 20
-669.696066594508
 30
0.0
 10
362.6214226880693
 20
-671.2333871293813
 30
0.0
 10
412.4343644058972
 20
-672.5724524180987
 30
0.0
 10
437.3963349550177
 20
-672.3741979530896
 30
0.0
 10
487.1436966150795
 20
-670.2450429285527
 30
0.0
 10
511.9289737143554
 20
-668.3141411492834
 30
0.0
 10
561.0372328458034
 20
-662.748307755508
 30
0.0
 10
585.3600955954607
 20
-659.1133735732292
 30
0.0
 10
633.2633808488463
 20
-650.1938387147966
 30
0.0
 10
656.8436733351555
 20
-644.9092362099909
 30
0.0
 10
702.990960341951
 20
-632.7705511699314
 30
0.0
 10
725.5578074802906
 20
-625.916472140816
 30
0.0
 10
769.4207672589255
 20
-610.7448399459827
 30
0.0
 10
790.716707467378
 20
-602.4273046551389
 30
0.0
 10
831.7986045579601
 20
-584.4603058934445
 30
0.0
 10
851.5843566692492
 20
-574.8108910006122
 30
0.0
 10
889.4304480782303
 20
-554.3362955184421
 30
0.0
 10
907.4905475843552
 20
-543.5112211632659
 30
0.0
 10
941.7003903283912
 20
-520.863881428726
 30
0.0
 10
957.8498696439201
 20
-509.0418192329817
 30
0.0
 10
988.0916342007986
 20
-484.5970146610052
 30
0.0
 10
1002.18367085635
 20
-471.9746189357829
 30
0.0
 10
1028.209699329382
 20
-446.1355277376715
 30
0.0
 10
1040.14354345105
 20
-432.9193548408803
 30
0.0
 10
1061.80465566249
 20
-406.096011663496
 30
0.0
 10
1071.532012602009
 20
-392.4895119903958
 30
0.0
 10
1088.785389749421
 20
-365.0676358341007
 30
0.0
 10
1096.31187911224
 20
-351.2529280307936
 30
0.0
 10
1107.990358001262
 20
-326.1829692967003
 30
0.0
 10
1112.512262557168
 20
-314.9397749991622
 30
0.0
 10
1116.348913463342
 20
-303.6956559078535
 30
0.0
  0
LWPOLYLINE
  5
23C
102
{ACAD_REACTORS
330
235
102
}
330
231
100
AcDbEntity
  8
0
100
AcDbPolyline
 90
        9
 70
     0
 43
0.0
 10
0.0
 20
0.0
 10
-45.95613402905292
 20
-115.5654623217415
 10
120.3910410737153
 20
-91.46520998381311
 10
-29.54246712877648
 20
-484.8610240078415
 10
94.30148764954356
 20
-482.7263305641245
 10
243.7550723098102
 20
-84.21875051024836
 10
391.561863132345
 20
-80.36417337146122
 10
423.7850326301705
 20
7.096109133039135
 10
0.0
 20
0.0
  0
LWPOLYLINE
  5
23D
102
{ACAD_REACTORS
330
234
102
}
330
231
100
AcDbEntity
  8
0
100
AcDbPolyline
 90
       16
 70
     0
 43
0.0
 10
547.7061347489507
 20
170.7847905248636
 10
646.7085117330134
 20
154.6315167203429
 10
744.876557001262
 20
171.0341615317157
 10
647.1869594130985
 20
-104.1675577734713
 10
531.418586979169
 20
-368.8307807045057
 10
613.1944995178492
 20
-385.947674535797
 10
713.3189342552796
 20
-385.4491751009482
 10
794.7408411282522
 20
-369.2391378571629
 10
876.1723411052953
 20
-319.8980761774001
 10
860.54926673304
 20
-433.4618267538026
 10
827.064503422589
 20
-532.5582261886448
 10
696.3834829949919
 20
-565.2052574019181
 10
564.1141665391333
 20
-565.3025800166652
 10
432.778802495217
 20
-516.4017988597043
 10
333.8557195602043
 20
-434.0650717146927
 10
547.7061347489507
 20
170.7847905248636
  0
LWPOLYLINE
  5
23E
102
{ACAD_REACTORS
330
255
102
}
330
231
100
AcDbEntity
  8
0
100
AcDbPolyline
 90
       85
 70
     0
 43
0.0
 10
2060.144545081305
 20
-169.3502257781802
 10
2072.697289472912
 20
-144.4209361319081
 10
2082.709135893325
 20
-120.4801065815846
 10
2115.43980072203
 20
-127.2426213482977
 10
2115.911607022368
 20
-128.0726289718295
 10
2116.257830869377
 20
-129.0879182831268
 10
2116.353426486894
 20
-129.8525751778507
 10
2116.307943098364
 20
-130.2423022785806
 10
2116.118630233366
 20
-130.8856697730953
 10
2115.418132382067
 20
-131.8507452727063
 10
2114.566157404916
 20
-132.4184281814378
 10
2113.427663913812
 20
-132.9701979209203
 10
2112.102406774153
 20
-133.3675419960055
 10
2110.531083160808
 20
-133.7298091765842
 10
2109.771819161484
 20
-133.8629364222288
 10
2109.079170213518
 20
-133.9694285155856
 10
2096.453370644726
 20
-157.9130234642653
 10
2090.48411194855
 20
-169.0556380829657
 10
2251.872323091812
 20
-168.9074709516717
 10
2243.432873639075
 20
-194.4796429348062
 10
2076.355817611009
 20
-194.355588136299
 10
2068.159147484417
 20
-207.5328567014076
 10
2060.843365816487
 20
-217.0200650702463
 10
2053.391603575437
 20
-225.7356787907192
 10
2092.42695031967
 20
-225.739268956997
 10
2146.598806514172
 20
-225.585862123582
 10
2186.711398469663
 20
-225.9028155842097
 10
2141.632664497767
 20
-359.2312075985246
 10
2127.36879209496
 20
-400.9493275064742
 10
2125.354038985621
 20
-406.9903644049773
 10
2122.844804966328
 20
-411.7338958157343
 10
2120.388970323533
 20
-415.5910442897584
 10
2117.582350077952
 20
-418.7468974517542
 10
2115.33702704763
 20
-420.6404190521571
 10
2112.179554114613
 20
-422.7443049882422
 10
2108.250205269229
 20
-424.2170494013699
 10
2105.86454116393
 20
-425.0586037758039
 10
2103.057920918349
 20
-425.6196400254266
 10
2099.479424760415
 20
-425.9702634235146
 10
2066.312776831183
 20
-426.1346348187071
 10
2068.365499848966
 20
-400.4523805758799
 10
2083.653754763655
 20
-400.4523805758799
 10
2096.364282237672
 20
-400.4523805758799
 10
2097.291123677365
 20
-400.2906290317769
 10
2098.529372033925
 20
-399.8884333806927
 10
2099.860465537582
 20
-399.1149466176284
 10
2100.915304477792
 20
-397.9971920210519
 10
2101.751112055761
 20
-396.8524141460657
 10
2102.215404875984
 20
-395.7695423809928
 10
2107.382532485412
 20
-380.8496362293372
 10
2112.119110850486
 20
-366.7125803824747
 10
2114.879308522504
 20
-358.7497857112321
 10
2087.309733685281
 20
-358.9522419780842
 10
2047.64258376509
 20
-358.8572481198353
 10
2016.892794300569
 20
-358.64945511939
 10
1997.713697126063
 20
-358.6770120711299
 10
1987.441830626005
 20
-388.9171279108268
 10
1980.154492847069
 20
-410.8695875498233
 10
1973.445491782943
 20
-430.0475279010716
 10
1963.490935648399
 20
-430.0800334603409
 10
1955.042161430145
 20
-430.0809067439986
 10
1946.544147083303
 20
-430.0688748355024
 10
1949.253226256697
 20
-422.3274090617779
 10
1960.385453314375
 20
-389.6179865809972
 10
1973.231625938293
 20
-351.4757692859275
 10
1987.620745371212
 20
-309.44152068533
 10
1994.025115067518
 20
-290.5632621840923
 10
1997.010515889007
 20
-281.8656478106859
 10
1982.021659739898
 20
-293.2448252755567
 10
1967.777308968463
 20
-303.3120395562146
 10
1950.173694655241
 20
-314.5957380052423
 10
1931.472038891152
 20
-325.8266513072886
 10
1919.57994407235
 20
-332.2267533461563
 10
1909.262795437695
 20
-337.2723923950107
 10
1902.922424491641
 20
-308.8362380625331
 10
1936.731340801256
 20
-291.9764292438631
 10
1968.279571697116
 20
-271.0728803379461
 10
1988.532492766041
 20
-255.9717193066026
 10
2011.006586393502
 20
-235.1940687980969
 10
2025.968273261853
 20
-218.7572203758755
 10
2036.688198098302
 20
-205.3188885056879
 10
2044.102325854154
 20
-194.5518343858421
 10
1954.091974534385
 20
-194.5888033949886
 10
1962.629032143974
 20
-168.9394428375526
 10
2060.144545081305
 20
-169.3502257781802
  0
LWPOLYLINE
  5
23F
102
{ACAD_REACTORS
330
255
102
}
330
231
100
AcDbEntity
  8
0
100
AcDbPolyline
 90
        5
 70
     0
 43
0.0
 10
2034.364318950015
 20
-251.0062282934668
 10
2151.349472654445
 20
-250.9699385049171
 10
2142.203152309245
 20
-277.9245185559266
 10
2025.059678845268
 20
-277.9335910030641
 10
2034.364318950015
 20
-251.0062282934668
  0
LWPOLYLINE
  5
240
102
{ACAD_REACTORS
330
255
102
}
330
231
100
AcDbEntity
  8
0
100
AcDbPolyline
 90
        5
 70
     0
 43
0.0
 10
2016.57561810434
 20
-303.3497363017523
 10
2133.864195653005
 20
-303.3684148694156
 10
2123.437967387407
 20
-333.0965924087213
 10
2006.360706466949
 20
-333.0653967749677
 10
2016.57561810434
 20
-303.3497363017523
  0
LWPOLYLINE
  5
241
102
{ACAD_REACTORS
330
255
102
}
330
231
100
AcDbEntity
  8
0
100
AcDbPolyline
 90
       57
 70
     0
 43
0.0
 10
2333.413506461599
 20
-134.1314226385439
 10
2233.51709242868
 20
-428.6396005434217
 10
2260.331025837368
 20
-428.6769576786901
 10
2351.80194402345
 20
-159.4465581247932
 10
2397.675563940546
 20
-159.4509245431982
 10
2342.876533410512
 20
-241.4778300442849
 10
2347.481357535027
 20
-253.3370224394603
 10
2349.604049836344
 20
-260.3463368777302
 10
2351.184027368756
 20
-266.899651686952
 10
2352.210959097123
 20
-274.1808969604899
 10
2353.001954132982
 20
-283.9071909949998
 10
2352.306286376057
 20
-294.8570524989045
 10
2351.150485046834
 20
-303.7435872421484
 10
2347.903454114247
 20
-317.4099917004933
 10
2343.471708370926
 20
-329.2056769657065
 10
2339.894620990497
 20
-334.528826162219
 10
2335.681571186186
 20
-338.5012965979404
 10
2332.104483805772
 20
-340.7258897451102
 10
2329.083863546243
 20
-341.838162060827
 10
2325.983680899081
 20
-342.4737670337199
 10
2297.743259623152
 20
-342.5552735106321
 10
2294.844196738326
 20
-370.7693226934643
 10
2324.699613730773
 20
-370.8196820524172
 10
2326.562956798909
 20
-370.7877586823306
 10
2329.306852902461
 20
-370.474298356392
 10
2331.506424205669
 20
-370.1399277378805
 10
2334.054366064491
 20
-369.55225633597
 10
2337.48936816919
 20
-368.4722470007255
 10
2340.590221662773
 20
-367.1374814092997
 10
2342.631339037165
 20
-366.0775575987063
 10
2345.045245777525
 20
-364.5858435233822
 10
2348.067207729939
 20
-362.487003226357
 10
2350.324538911504
 20
-360.6032332937466
 10
2354.014261408986
 20
-357.1172303843778
 10
2358.684157638054
 20
-351.7457109750831
 10
2362.650939714717
 20
-346.0726176010212
 10
2367.217324338286
 20
-338.4248842758243
 10
2371.40528448578
 20
-329.572067985835
 10
2375.256077213199
 20
-320.4632340298849
 10
2377.370920611196
 20
-314.4763407196733
 10
2379.308392210806
 20
-307.1426499094814
 10
2380.900780402328
 20
-297.953037212952
 10
2381.494278246654
 20
-286.6229576973128
 10
2381.135576655885
 20
-277.4705080730491
 10
2380.172710762418
 20
-269.6795562240295
 10
2378.934931998374
 20
-263.0057767825201
 10
2376.628159434273
 20
-253.628699189052
 10
2373.851056432002
 20
-245.0306391553022
 10
2371.050406719718
 20
-237.5145776029094
 10
2374.785478436447
 20
-232.3760793893016
 10
2389.80687063784
 20
-211.5010092345183
 10
2409.538342769971
 20
-183.6381656389567
 10
2433.113832080475
 20
-149.986664128839
 10
2438.526422401832
 20
-145.9703354460071
 10
2417.492233570389
 20
-128.5365366697661
 10
2414.366424589273
 20
-133.9734068079269
 10
2333.413506461599
 20
-134.1314226385439
  0
LWPOLYLINE
  5
242
102
{ACAD_REACTORS
330
255
102
}
330
231
100
AcDbEntity
  8
0
100
AcDbPolyline
 90
       87
 70
     0
 43
0.0
 10
2453.253916778427
 20
-131.5825501509826
 10
2364.724190633511
 20
-391.0568184778676
 10
2325.207981162021
 20
-396.3979185055941
 10
2323.612574161511
 20
-428.1734126047813
 10
2323.636456294728
 20
-428.7273655533791
 10
2324.240888935994
 20
-429.8024262810941
 10
2324.813657625346
 20
-430.3258628167096
 10
2325.353756093158
 20
-430.5712070154259
 10
2325.888957381947
 20
-430.6512095038197
 10
2326.312596907985
 20
-430.5959985688678
 10
2326.920383781442
 20
-430.4118812592933
 10
2327.601896678505
 20
-430.0989060910069
 10
2328.615008970228
 20
-429.3993573463522
 10
2329.94120529489
 20
-428.2211521127028
 10
2331.525207905943
 20
-426.4169965424226
 10
2333.018109570636
 20
-424.6013427369762
 10
2448.511837472557
 20
-401.6124894310487
 10
2453.116527427774
 20
-376.2161870782147
 10
2392.905174914966
 20
-386.9593714441289
 10
2428.255696340726
 20
-283.356876728416
 10
2455.122425364127
 20
-283.3680353531963
 10
2453.947773249966
 20
-290.6213355489308
 10
2452.840071610379
 20
-301.6127265434479
 10
2451.97736309022
 20
-313.3529582949122
 10
2451.97736309022
 20
-327.154624692339
 10
2452.500019550615
 20
-335.3058060599724
 10
2453.847548792023
 20
-346.5067851380445
 10
2454.946663597191
 20
-352.7855492609669
 10
2457.474077554973
 20
-363.3291397898574
 10
2460.887746742927
 20
-373.3583662303863
 10
2464.733776460635
 20
-381.5955660406617
 10
2467.937873221148
 20
-387.6691084984341
 10
2472.113556878816
 20
-394.2588586434722
 10
2476.838663769784
 20
-400.6289294268354
 10
2483.005151318939
 20
-407.7883516268339
 10
2489.158758616468
 20
-414.048631245154
 10
2495.989853732434
 20
-419.7797009524656
 10
2502.802768909926
 20
-424.7220014323248
 10
2513.791367745085
 20
-431.0920722156879
 10
2539.340286024293
 20
-403.1961408717325
 10
2531.036615890742
 20
-398.1852391071734
 10
2520.844378862967
 20
-391.42451942357
 10
2512.697418457494
 20
-385.0042833441985
 10
2504.393748323928
 20
-377.6444910551072
 10
2498.745489648675
 20
-370.7230386583251
 10
2496.144953429059
 20
-367.5182330944226
 10
2492.887725630615
 20
-362.8674638169468
 10
2490.328446466971
 20
-357.6740457628621
 10
2487.381418061778
 20
-350.6978675887221
 10
2501.233189497289
 20
-343.8853330733837
 10
2518.058890280198
 20
-335.0712808757089
 10
2535.266571025306
 20
-325.0818373584771
 10
2550.44098329937
 20
-315.4612591651385
 10
2554.021223658056
 20
-312.9111737835337
 10
2555.560547896283
 20
-313.2380729750148
 10
2556.919414442513
 20
-313.4141851841123
 10
2558.47872990463
 20
-313.5873379318509
 10
2559.603001451236
 20
-313.6082967402181
 10
2560.683399640752
 20
-313.5225693921675
 10
2561.592262395905
 20
-313.3512117275386
 10
2562.449738313852
 20
-313.0598260724801
 10
2563.118505128587
 20
-312.7170137116918
 10
2563.582261271659
 20
-312.306861475925
 10
2563.871798594599
 20
-311.8824456066941
 10
2564.161335917539
 20
-311.361580406432
 10
2564.29644439029
 20
-310.8214544494404
 10
2564.372652545732
 20
-310.3374612267944
 10
2564.387947844545
 20
-309.6500414221664
 10
2564.265652538772
 20
-308.8098454890423
 10
2564.082243122423
 20
-308.0613443424227
 10
2563.929424303686
 20
-307.5572170793894
 10
2546.08423818789
 20
-288.7127740629367
 10
2540.335285462177
 20
-293.1304736289894
 10
2529.705589471734
 20
-300.7090719960979
 10
2510.24695058621
 20
-313.1071289385436
 10
2498.627689014044
 20
-319.5701074025128
 10
2479.92046522451
 20
-329.0950125169475
 10
2479.701031354416
 20
-326.524065358506
 10
2478.910505911059
 20
-317.6069656864274
 10
2478.455336602405
 20
-309.9744177940884
 10
2478.172843167064
 20
-300.7577333034715
 10
2478.510815602873
 20
-292.2783913346357
 10
2478.906078324566
 20
-286.2395861611003
 10
2479.35782631638
 20
-283.2484440046246
 10
2548.126093493353
 20
-283.0047978574294
 10
2599.728540743003
 20
-131.2864584671333
 10
2453.253916778427
 20
-131.5825501509826
  0
LWPOLYLINE
  5
243
102
{ACAD_REACTORS
330
255
102
}
330
231
100
AcDbEntity
  8
0
100
AcDbPolyline
 90
        5
 70
     0
 43
0.0
 10
2471.511002607586
 20
-156.9777366413036
 10
2563.929759726904
 20
-156.8304913094616
 10
2550.859054799963
 20
-195.8039776378428
 10
2457.997471946452
 20
-195.8947991407476
 10
2471.511002607586
 20
-156.9777366413036
  0
LWPOLYLINE
  5
244
102
{ACAD_REACTORS
330
255
102
}
330
231
100
AcDbEntity
  8
0
100
AcDbPolyline
 90
        5
 70
     0
 43
0.0
 10
2449.413388001529
 20
-221.2337558651925
 10
2436.885196589545
 20
-257.8006664302666
 10
2529.765026466194
 20
-257.7532180169364
 10
2542.021390901209
 20
-221.4323793869698
 10
2449.413388001529
 20
-221.2337558651925
  0
LWPOLYLINE
  5
245
102
{ACAD_REACTORS
330
255
102
}
330
231
100
AcDbEntity
  8
0
100
AcDbPolyline
 90
       85
 70
     0
 43
0.0
 10
2821.674059907499
 20
-123.2078566765995
 10
2816.482714741637
 20
-129.0227131015854
 10
2803.52176029206
 20
-142.7133269241895
 10
2782.459530079505
 20
-162.3852062288788
 10
2760.789177570245
 20
-179.0245109178941
 10
2741.348919877157
 20
-192.3827432681574
 10
2725.067745148539
 20
-202.0978301621508
 10
2709.272598664757
 20
-210.112779275456
 10
2695.69600843839
 20
-216.3441435007844
 10
2681.268248250606
 20
-222.3083314352552
 10
2669.145382256902
 20
-226.5395364195574
 10
2659.524035548457
 20
-229.4244290614733
 10
2649.325425479503
 20
-232.3093702191836
 10
2644.034057109646
 20
-233.3511006197077
 10
2645.319130547607
 20
-265.8145967126475
 10
2659.307955910539
 20
-261.4526902706712
 10
2668.742203547241
 20
-258.2381330389762
 10
2682.588474041957
 20
-252.7654097541235
 10
2693.30920389414
 20
-247.943573906552
 10
2699.935221253807
 20
-244.4460727620171
 10
2708.898534690539
 20
-240.1024567616405
 10
2719.084130338568
 20
-234.5372139223036
 10
2726.039868722845
 20
-230.7450280510238
 10
2716.572481272088
 20
-257.7581181086716
 10
2868.806120658963
 20
-257.6634638607502
 10
2878.306379585207
 20
-229.4244775772677
 10
2880.560423619231
 20
-231.0490763194393
 10
2883.093741025689
 20
-232.8972841998911
 10
2886.216464113182
 20
-234.9139873150853
 10
2891.164694529667
 20
-238.2751106580254
 10
2895.321527402412
 20
-240.8182582859299
 10
2899.658750882518
 20
-243.2265806165524
 10
2904.5260772185
 20
-246.0202151137637
 10
2910.472191712528
 20
-249.0408548524138
 10
2916.862205295067
 20
-251.9938636214938
 10
2922.908678416338
 20
-254.3287816070952
 10
2927.136553926947
 20
-255.5968380284612
 10
2929.76982745275
 20
-256.3313181203557
 10
2954.169921205714
 20
-224.0883746728068
 10
2948.825555967196
 20
-222.6761779282242
 10
2941.010999972088
 20
-220.0848541505984
 10
2933.997099201574
 20
-217.457968320814
 10
2925.198881073404
 20
-214.1261484969291
 10
2918.029142675179
 20
-210.8003931431449
 10
2913.021206925652
 20
-208.4294279477908
 10
2907.310425362317
 20
-205.3560030621593
 10
2902.038914047022
 20
-202.2825296607916
 10
2897.174472350744
 20
-199.075637919188
 10
2893.466167406907
 20
-196.6774553824216
 10
2889.452560248814
 20
-193.8432131939917
 10
2885.700717371117
 20
-190.7909411797882
 10
2882.488503368703
 20
-188.2071373449289
 10
2879.862743323
 20
-185.9326214806642
 10
2877.236983277282
 20
-183.4832063012291
 10
2873.762602486619
 20
-179.8032858988154
 10
2870.829997279856
 20
-176.6851294823573
 10
2864.882474008308
 20
-169.5801904809778
 10
2859.367311266484
 20
-161.513329504407
 10
2857.799476054599
 20
-159.0191342784092
 10
2855.198336073198
 20
-154.2865189136355
 10
2852.772890774068
 20
-149.6685462899623
 10
2850.781818544027
 20
-144.835697364877
 10
2849.061030344121
 20
-140.8155359369703
 10
2847.858806441335
 20
-137.6856387066073
 10
2847.019980054378
 20
-135.3102585770539
 10
2847.888323684631
 20
-134.7909943968989
 10
2848.869973278372
 20
-134.174262054672
 10
2849.963788396679
 20
-133.4734519002377
 10
2850.94543799042
 20
-132.7726417458616
 10
2851.786880678483
 20
-132.0157473727595
 10
2852.34784247051
 20
-131.4550992492004
 10
2852.886129652936
 20
-130.7812638573814
 10
2853.095031233941
 20
-130.3219166409108
 10
2853.220345348688
 20
-129.9878371169907
 10
2853.26213908181
 20
-129.6676816161489
 10
2853.234298954616
 20
-129.3892981847748
 10
2853.081077628013
 20
-129.0134951071814
 10
2852.816495792591
 20
-128.6933396063978
 10
2852.398692630581
 20
-128.373184105556
 10
2851.911255608211
 20
-128.0669526279089
 10
2851.242757132044
 20
-127.7885691965348
 10
2850.681527001434
 20
-127.6254592111218
 10
2849.994848586794
 20
-127.4573521024431
 10
2849.111947588827
 20
-127.3172871030984
 10
2821.674059907499
 20
-123.2078566765995
  0
LWPOLYLINE
  5
246
102
{ACAD_REACTORS
330
255
102
}
330
231
100
AcDbEntity
  8
0
100
AcDbPolyline
 90
       35
 70
     0
 43
0.0
 10
2825.396385541914
 20
-151.543680417235
 10
2827.047741135408
 20
-158.0631312259356
 10
2829.359612132452
 20
-165.0776853663265
 10
2832.712301379128
 20
-174.1721101414878
 10
2835.013371748501
 20
-179.6082040275214
 10
2836.640643954859
 20
-183.0075092735933
 10
2838.125294208323
 20
-185.9501841858146
 10
2841.539298819509
 20
-192.1156640088884
 10
2844.582258265437
 20
-196.8977654489572
 10
2849.435899334058
 20
-203.4574358227546
 10
2852.460007995076
 20
-207.1956721688039
 10
2855.152114753553
 20
-210.3067452842952
 10
2858.769587089599
 20
-213.9223337888252
 10
2862.30286819757
 20
-217.5379222934134
 10
2865.079099099472
 20
-219.6400131463888
 10
2868.275950718453
 20
-222.3306972006685
 10
2871.809298911074
 20
-225.2736146916868
 10
2876.268012681234
 20
-228.0483765582321
 10
2730.724121065694
 20
-228.1114955620724
 10
2733.144132508664
 20
-226.6230320426985
 10
2737.905263853391
 20
-223.8434186001541
 10
2742.636341277656
 20
-220.7697996514617
 10
2747.320124028003
 20
-217.8380407852819
 10
2756.144505167278
 20
-211.9437155452906
 10
2762.014881098381
 20
-207.6395428578253
 10
2766.555169795495
 20
-204.1693560862332
 10
2771.896650394338
 20
-200.1653018906945
 10
2778.856346772606
 20
-194.7034946518252
 10
2785.168877591467
 20
-189.4797057319665
 10
2793.449806030753
 20
-182.2207291923114
 10
2799.388004536813
 20
-177.1689771577367
 10
2804.982327158403
 20
-171.8073064477067
 10
2814.561678879778
 20
-162.7691114384215
 10
2818.678395135503
 20
-158.3330243992968
 10
2825.396385541914
 20
-151.543680417235
  0
LWPOLYLINE
  5
247
102
{ACAD_REACTORS
330
255
102
}
330
231
100
AcDbEntity
  8
0
100
AcDbPolyline
 90
       72
 70
     0
 43
0.0
 10
2642.777964237816
 20
-288.7705078174477
 10
2632.786779887713
 20
-318.329025743762
 10
2729.944597503927
 20
-318.4346930692554
 10
2714.535992738136
 20
-335.9158917430323
 10
2705.889855497619
 20
-345.3614735897281
 10
2693.436798886789
 20
-359.3872827987652
 10
2679.317628060802
 20
-375.5150858292473
 10
2668.829078161056
 20
-387.0061891525984
 10
2647.384331309135
 20
-388.235529997386
 10
2629.803659944126
 20
-388.9940253905952
 10
2612.981917155194
 20
-389.6260887129465
 10
2612.548416186503
 20
-389.6369077274576
 10
2610.532925146079
 20
-423.2785605382523
 10
2611.227787887285
 20
-423.7786124774721
 10
2611.922650628491
 20
-424.2508648861549
 10
2612.617446285062
 20
-424.556417143147
 10
2613.36785511137
 20
-424.7508683095803
 10
2614.229490277241
 20
-424.8064188548597
 10
2615.257830783114
 20
-424.7508683095803
 10
2616.091625821777
 20
-424.6119676884264
 10
2617.397898007214
 20
-424.1952658250812
 10
2618.879328197785
 20
-423.5493269953295
 10
2620.322855564577
 20
-422.7751610116102
 10
2621.237957191596
 20
-422.1338311790605
 10
2622.353373565217
 20
-421.4718821484712
 10
2623.590749821408
 20
-420.6009272233932
 10
2826.208981833101
 20
-399.1641415983904
 10
2828.095670357289
 20
-401.8102396691684
 10
2829.896155114111
 20
-404.5456067385385
 10
2830.942071796686
 20
-405.9715819589328
 10
2831.806054925081
 20
-407.2782569252886
 10
2832.708880062288
 20
-408.7291207306553
 10
2833.505510208241
 20
-410.0029990432085
 10
2837.026581911036
 20
-416.1050687678508
 10
2838.707991424977
 20
-419.6932458679657
 10
2840.116701861611
 20
-422.6909861678723
 10
2841.116464309191
 20
-425.0528304003528
 10
2842.025327064345
 20
-427.3238531299285
 10
2876.179058443464
 20
-409.8174747766461
 10
2875.183991920931
 20
-407.4339925151435
 10
2873.255845086838
 20
-403.2043400352122
 10
2871.824661294522
 20
-400.3435112102889
 10
2870.955780987119
 20
-398.8109468649491
 10
2869.046082430083
 20
-395.6731415656977
 10
2865.782414505811
 20
-389.9879677674617
 10
2860.187555207071
 20
-381.8796258159564
 10
2852.914238118712
 20
-371.8140610711416
 10
2848.337790798556
 20
-366.3061153444578
 10
2842.355048088968
 20
-358.7318833957543
 10
2836.372238294716
 20
-352.3535649331752
 10
2828.661126820473
 20
-343.716304165253
 10
2822.412460582578
 20
-336.8064470351674
 10
2814.834310872481
 20
-329.3650997533114
 10
2785.137750316703
 20
-345.2297047853353
 10
2792.17882036799
 20
-352.4543806826114
 10
2798.358121084137
 20
-359.154455666081
 10
2803.897635551665
 20
-365.6452821763232
 10
2809.867632178939
 20
-373.2187863886356
 10
2813.147870010231
 20
-377.5108301360742
 10
2808.00469161867
 20
-377.9834706708207
 10
2798.344569986075
 20
-378.5769639639184
 10
2782.974740144419
 20
-379.7709853354027
 10
2753.225316889293
 20
-381.8882131054997
 10
2733.281387690018
 20
-383.4216022187611
 10
2700.122320325565
 20
-385.6026767291478
 10
2708.656426210801
 20
-376.4519736721995
 10
2730.231518525776
 20
-353.9686060706154
 10
2757.066181089409
 20
-325.4254259713925
 10
2763.959463670239
 20
-318.0435590114212
 10
2909.072068110341
 20
-318.133216136077
 10
2918.507053678099
 20
-288.9656382045359
 10
2642.777964237816
 20
-288.7705078174477
  0
LWPOLYLINE
  5
248
102
{ACAD_REACTORS
330
255
102
}
330
231
100
AcDbEntity
  8
0
100
AcDbPolyline
 90
       74
 70
     0
 43
0.0
 10
3078.522645923164
 20
-182.3777261919458
 10
3028.616702232335
 20
-182.4100862039486
 10
3020.102386317027
 20
-207.8826553316321
 10
3108.811832222855
 20
-207.9080290741404
 10
3097.340022697914
 20
-220.0894146320061
 10
3081.818179053255
 20
-234.9866154079791
 10
3061.994733874381
 20
-252.3886363612837
 10
3046.880228187307
 20
-263.7917320958804
 10
3018.935851444782
 20
-282.577034400776
 10
2996.268486958332
 20
-295.6592605918995
 10
2974.643416583684
 20
-306.2049372985493
 10
2977.438028678007
 20
-333.079272282368
 10
2985.149475575483
 20
-329.2710276945145
 10
2996.090175974925
 20
-323.5492244974012
 10
3016.384152845902
 20
-311.8652710276656
 10
3028.88772419357
 20
-303.8774422242423
 10
3039.546065326955
 20
-296.7959363349364
 10
3034.933056875889
 20
-310.2003071730724
 10
3028.604559911794
 20
-329.066824860347
 10
3022.133440994832
 20
-348.1494802587549
 10
3013.733839820547
 20
-373.0369008040871
 10
3002.889472969692
 20
-405.008155995165
 10
2994.488932610402
 20
-430.0213293906418
 10
3021.258321815549
 20
-429.9912981351372
 10
3029.166997566005
 20
-406.5500838821754
 10
3039.825674122607
 20
-375.2852666737163
 10
3049.357664085416
 20
-347.2068675560877
 10
3065.324077664991
 20
-300.2676756108413
 10
3066.548036992405
 20
-296.7859420883469
 10
3073.689935263421
 20
-301.9121172989253
 10
3081.572380918107
 20
-308.7871886290377
 10
3087.632941814605
 20
-314.4239436987555
 10
3093.104298283972
 20
-319.892446112528
 10
3096.723783159323
 20
-323.6783734507044
 10
3100.427459262734
 20
-327.8848839131533
 10
3125.280978123599
 20
-297.9484767315444
 10
3117.572550035111
 20
-291.8928365892498
 10
3111.067083780479
 20
-287.254293283273
 10
3102.594293259725
 20
-282.0672307938221
 10
3098.283568213941
 20
-279.744344716717
 10
3090.600296866891
 20
-275.9598728512647
 10
3084.672228142052
 20
-273.3573904488003
 10
3078.744897348297
 20
-271.0052493683761
 10
3075.625528492994
 20
-269.8634794705431
 10
3080.076326275186
 20
-266.0163252430502
 10
3089.576920624648
 20
-257.771556974214
 10
3110.69335522948
 20
-237.5627537526889
 10
3124.793339847311
 20
-223.7433791028452
 10
3132.319297704497
 20
-215.4397612170433
 10
3142.362070145726
 20
-203.7925341776572
 10
3154.127576241532
 20
-197.1288460142678
 10
3140.8308631494
 20
-177.0447768119047
 10
3133.699094659605
 20
-182.3907769314246
 10
3105.316990615829
 20
-182.3511395553942
 10
3109.888272418393
 20
-170.0259047689033
 10
3118.069043484386
 20
-145.4516534549184
 10
3122.24660551209
 20
-132.5563099716092
 10
3123.350952919471
 20
-132.0553362329956
 10
3124.825272137794
 20
-130.9747447086265
 10
3126.692640284557
 20
-129.6977128716535
 10
3127.872055408429
 20
-128.5189254488796
 10
3128.154683013054
 20
-128.0346411317005
 10
3128.445629113514
 20
-127.4359566522762
 10
3128.531229119093
 20
-126.8885533311986
 10
3128.445629113514
 20
-126.4951390326605
 10
3128.154683013054
 20
-126.0161914491327
 10
3127.675497401884
 20
-125.6398546981509
 10
3126.84384907184
 20
-125.2636634944356
 10
3126.12335999668
 20
-124.9918782064342
 10
3125.44359130034
 20
-124.8288652525516
 10
3124.627976200165
 20
-124.6522193701239
 10
3123.676313442237
 20
-124.5163267261232
 10
3098.314561319407
 20
-124.5481045489432
 10
3078.522645923164
 20
-182.3777261919458
  0
LWPOLYLINE
  5
249
102
{ACAD_REACTORS
330
255
102
}
330
231
100
AcDbEntity
  8
0
100
AcDbPolyline
 90
       39
 70
     0
 43
0.0
 10
3239.201638211438
 20
-132.8647246584878
 10
3211.630319173448
 20
-214.6969849301386
 10
3153.680591259443
 20
-214.6258608258213
 10
3143.576100945837
 20
-244.3483135054703
 10
3201.540922904737
 20
-244.2571523922379
 10
3153.813284685006
 20
-384.6435201522545
 10
3074.270955363973
 20
-384.273733028851
 10
3064.528185450123
 20
-413.8749933398212
 10
3248.926697779302
 20
-414.253852910304
 10
3259.192325407465
 20
-384.5198534797528
 10
3184.673897981207
 20
-384.6266851834953
 10
3233.046018374589
 20
-244.1802549125277
 10
3294.424710775377
 20
-243.5060799103812
 10
3304.542148425229
 20
-214.8550492764916
 10
3242.826154435068
 20
-214.8550492764916
 10
3253.733178343275
 20
-182.6567888439749
 10
3266.634762883027
 20
-143.2830960106221
 10
3267.229736589507
 20
-142.9859854959068
 10
3269.283130453725
 20
-141.8457681023865
 10
3270.652126781177
 20
-140.9336232970236
 10
3272.02105602398
 20
-139.9562733100611
 10
3272.615828476526
 20
-139.5056589304004
 10
3273.351948273703
 20
-138.7929138990003
 10
3274.157031084789
 20
-137.7813117855112
 10
3274.456094427151
 20
-137.3214794113883
 10
3274.640107605286
 20
-136.8386505670496
 10
3274.732147736679
 20
-136.4017661474645
 10
3274.732147736679
 20
-135.9879267139477
 10
3274.684182216312
 20
-135.6999371621059
 10
3274.511103835132
 20
-135.2962375224452
 10
3274.150456789678
 20
-134.8204919790151
 10
3273.847569622624
 20
-134.5032959395903
 10
3273.385960188142
 20
-134.1428723579156
 10
3272.722291806335
 20
-133.7793437676155
 10
3271.75077199383
 20
-133.3763233485515
 10
3270.797633373717
 20
-133.046513211506
 10
3269.917751184723
 20
-132.8266883025644
 10
3269.056250188151
 20
-132.6068148778868
 10
3239.201638211438
 20
-132.8647246584878
  0
TEXT
  5
24A
330
231
100
AcDbEntity
  8
0
100
AcDbText
 10
3729.583824938134
 20
219.5385909263277
 30
0.0
 40
120.0
  1
ë™ó ã∆ìoò^ëÊ
 41
1.05
 51
20.0
  7
WAKU-R
100
AcDbText
  0
TEXT
  5
24B
330
231
100
AcDbEntity
  8
0
100
AcDbText
 10
4838.258394681267
 20
217.9232015389716
 30
0.0
 40
130.0
  1
(1)-30442
 41
1.3
 51
20.0
  7
WAKU-R
100
AcDbText
  0
LWPOLYLINE
  5
24C
102
{ACAD_REACTORS
330
236
102
}
330
231
100
AcDbEntity
  8
0
100
AcDbPolyline
 90
        5
 70
     0
 43
0.0
 10
3591.157566527603
 20
-32.92956439248519
 10
3575.954819663908
 20
-77.97811683191685
 10
3848.51576127758
 20
-77.61791991494829
 10
3863.816311110131
 20
-32.60933556233067
 10
3591.157566527603
 20
-32.92956439248519
  0
LWPOLYLINE
  5
24D
102
{ACAD_REACTORS
330
236
102
}
330
231
100
AcDbEntity
  8
0
100
AcDbPolyline
 90
       36
 70
     0
 43
0.0
 10
3475.246075658914
 20
-157.8212288324139
 10
3459.488760047403
 20
-202.5196436176775
 10
3664.504034404163
 20
-202.7858644273947
 10
3646.573458121697
 20
-253.8477580791223
 10
3641.180281848196
 20
-265.1423198287375
 10
3635.099509432534
 20
-277.4617429376813
 10
3624.043166943055
 20
-296.3971485464135
 10
3614.319017984133
 20
-311.8540395738673
 10
3603.324486203128
 20
-326.8907008648966
 10
3588.659991595865
 20
-344.7420729803271
 10
3565.159061139508
 20
-368.2307742935373
 10
3544.041298216587
 20
-386.4167917227023
 10
3525.181833678449
 20
-400.5540365782217
 10
3507.453965806403
 20
-411.8638754969579
 10
3537.871073036484
 20
-442.7219281602884
 10
3549.063322301139
 20
-435.0631712824688
 10
3562.779540821794
 20
-424.667757004092
 10
3577.021630261326
 20
-412.9607116882689
 10
3592.994035620825
 20
-398.7260479831602
 10
3605.105671184429
 20
-386.7997968076379
 10
3615.814856325204
 20
-375.395390060381
 10
3623.59331167808
 20
-366.6297915212926
 10
3632.048709464041
 20
-356.6159837137675
 10
3645.88778156678
 20
-339.1137809812208
 10
3653.8661619286
 20
-327.9461703553097
 10
3663.828147744062
 20
-312.260713512369
 10
3674.336064164833
 20
-294.529353243066
 10
3680.468089559261
 20
-283.1228485747124
 10
3687.861667674559
 20
-266.9819276792114
 10
3695.64453807805
 20
-248.896341499174
 10
3701.092422587317
 20
-234.5056247390457
 10
3705.655953264417
 20
-220.0541758524487
 10
3711.511270161093
 20
-203.082478196884
 10
3879.829603677412
 20
-202.7872092486359
 10
3895.114700832856
 20
-157.6556544431951
 10
3475.246075658914
 20
-157.8212288324139
  0
LWPOLYLINE
  5
24E
102
{ACAD_REACTORS
330
236
102
}
330
231
100
AcDbEntity
  8
0
100
AcDbPolyline
 90
       88
 70
     0
 43
0.0
 10
4211.581881029168
 20
2.276133913546801
 10
4194.227756788823
 20
-27.76900121552171
 10
4151.912856011433
 20
-83.70490353758214
 10
4118.337068011097
 20
-122.5936906296993
 10
4080.623417799667
 20
-158.2612005444826
 10
4056.082359008229
 20
-179.2096959417104
 10
4019.939698977527
 20
-207.3863902533194
 10
3997.531205607971
 20
-223.2809399003163
 10
4028.975292000672
 20
-249.6513779278612
 10
4059.498552404024
 20
-228.11223704851
 10
4080.651731711158
 20
-211.035912301566
 10
4102.211575570808
 20
-192.3332145576715
 10
4119.296765641659
 20
-176.0700763092609
 10
4142.597291192258
 20
-153.7559418542078
 10
4158.674697972689
 20
-137.1129185060272
 10
4170.73277705285
 20
-125.0610610281001
 10
4334.95643907052
 20
-123.8415233481792
 10
4315.717664097742
 20
-157.3897563905339
 10
4291.206838805025
 20
-194.7615851405426
 10
4253.245465862871
 20
-240.6927168536931
 10
4231.650493557085
 20
-263.0706496276543
 10
4198.073457825056
 20
-294.0488217228558
 10
4161.018609947482
 20
-323.3309590815916
 10
4110.30417137222
 20
-356.0329768162337
 10
4072.049485502881
 20
-376.109812888084
 10
4038.248817859742
 20
-391.7064577372512
 10
3996.418036979187
 20
-407.7869154704385
 10
4019.760697469276
 20
-446.8419224660029
 10
4038.073367587844
 20
-439.5851595488493
 10
4069.861156072264
 20
-425.7244099372183
 10
4090.653452982064
 20
-415.6095253663952
 10
4124.693973048328
 20
-397.5866616482963
 10
4143.472431005794
 20
-386.5838723116904
 10
4159.104589530573
 20
-376.688677736267
 10
4171.331976203525
 20
-368.6809666468762
 10
4193.939818705854
 20
-352.837251242192
 10
4224.516827551357
 20
-329.1318723331788
 10
4257.072642882428
 20
-299.7226762650535
 10
4292.50006471503
 20
-263.545425313001
 10
4316.055511448431
 20
-234.9572157065268
 10
4340.620469100744
 20
-201.324043755536
 10
4359.061367645613
 20
-172.7419665338239
 10
4377.163651004885
 20
-141.4143560914672
 10
4384.919071311131
 20
-126.9501045067445
 10
4388.664377935769
 20
-125.7023255811073
 10
4392.409684560393
 20
-124.2049478360568
 10
4395.073015848568
 20
-122.7907876284444
 10
4397.153752415514
 20
-121.2934636762366
 10
4398.747489704794
 20
-119.6962464034441
 10
4399.617062715377
 20
-118.3925229148008
 10
4400.254749589804
 20
-117.0019239750691
 10
4400.689536095102
 20
-115.2636618521647
 10
4400.810374110588
 20
-114.2872678497224
 10
4400.577816118908
 20
-112.1952101588831
 10
4400.112700135535
 20
-110.2426373254857
 10
4399.182372189447
 20
-108.3830185352126
 10
4397.786928259972
 20
-105.9190370863071
 10
4373.456448186568
 20
-69.54979945614468
 10
4351.177239016266
 20
-80.04742014763178
 10
4204.116702310567
 20
-79.90836563298944
 10
4211.781326141311
 20
-70.90710062236758
 10
4220.97893232583
 20
-59.03302851039916
 10
4230.943029687216
 20
-46.96750764880562
 10
4237.266341948096
 20
-37.39162742503686
 10
4241.0786421667
 20
-32.05440853192704
 10
4244.734975923697
 20
-26.37485194776673
 10
4246.749870649001
 20
-25.74552940716967
 10
4248.206549410781
 20
-25.10340416856343
 10
4249.543733868122
 20
-24.5875845393748
 10
4250.787146489776
 20
-23.93104281724663
 10
4252.311970597861
 20
-23.15728647704236
 10
4253.789956777779
 20
-22.28971540823113
 10
4254.479280548418
 20
-21.79944738233462
 10
4255.106505672506
 20
-21.25608581450069
 10
4255.614428450878
 20
-20.77442464441992
 10
4256.0380813503
 20
-20.18641501193633
 10
4256.320452630331
 20
-19.6689278044505
 10
4256.508764136597
 20
-19.1750018648454
 10
4256.555794023487
 20
-18.7280908752582
 10
4256.555794023487
 20
-18.30474115355173
 10
4256.508764136597
 20
-17.71673152100993
 10
4256.273422743456
 20
-17.12872188846814
 10
4255.802739957144
 20
-16.37605234509101
 10
4255.214386474269
 20
-15.76453523756936
 10
4254.343661711348
 20
-15.05888064426836
 10
4253.449422004982
 20
-14.42385606170865
 10
4252.861164501461
 20
-14.07102876499994
 10
4211.581881029168
 20
2.276133913546801
  0
LWPOLYLINE
  5
24F
102
{ACAD_REACTORS
330
236
102
}
330
231
100
AcDbEntity
  8
0
100
AcDbPolyline
 90
       53
 70
     0
 43
0.0
 10
4868.079654442176
 20
-30.52104337094352
 10
4859.970550190672
 20
-44.06866480846656
 10
4830.835823202797
 20
-88.4718644383247
 10
4807.112796505098
 20
-122.0516738830484
 10
4781.56932926747
 20
-154.5902151495102
 10
4744.003871189401
 20
-197.4644606318907
 10
4716.510967150665
 20
-224.2294692069408
 10
4684.460099237767
 20
-253.6361908040126
 10
4659.001957652057
 20
-272.7198495045886
 10
4639.271960309707
 20
-287.9867979821865
 10
4619.966191742962
 20
-301.0550713422126
 10
4585.64790740599
 20
-322.3157266422641
 10
4564.263609797577
 20
-335.1084192367853
 10
4544.546569668979
 20
-345.214427987521
 10
4526.346291382128
 20
-354.5624954956584
 10
4514.043752869518
 20
-360.2589968272951
 10
4495.344285926156
 20
-369.0408945996314
 10
4530.66785809015
 20
-407.7797610215493
 10
4546.357700210894
 20
-399.625303040084
 10
4569.578754850605
 20
-386.4526177601074
 10
4610.776839783488
 20
-361.9264675609302
 10
4642.515582814449
 20
-340.4006673081312
 10
4671.307087607405
 20
-319.5545934953843
 10
4683.603771378999
 20
-309.9018970832694
 10
4699.661886307862
 20
-297.0782736006076
 10
4723.110028115669
 20
-277.6537834086339
 10
4749.011978266615
 20
-254.6025255435961
 10
4758.387818124495
 20
-246.0314419465722
 10
4778.655779785186
 20
-226.1654738428188
 10
4792.784133681955
 20
-209.6603753595264
 10
4810.215233369803
 20
-191.3213172749383
 10
4849.386522136629
 20
-145.157531489851
 10
4870.315205718391
 20
-117.7028447976918
 10
4889.078882854272
 20
-91.93402599345427
 10
4903.337768681973
 20
-71.5205004796735
 10
4906.315624336115
 20
-70.41086159023689
 10
4910.327369666862
 20
-68.69244902860373
 10
4913.078234132263
 20
-67.37500836350955
 10
4914.654599157191
 20
-66.28247560013551
 10
4916.224821503027
 20
-65.1588505699765
 10
4917.473992886342
 20
-63.92823156318627
 10
4918.223495716331
 20
-62.98292982752901
 10
4918.616051302786
 20
-62.23386440507602
 10
4918.883737740587
 20
-61.37775121303275
 10
4918.932879173415
 20
-60.68468414642848
 10
4918.932879173415
 20
-60.28199087869143
 10
4918.832100844375
 20
-59.63760634040227
 10
4918.590328834034
 20
-58.83216601220192
 10
4918.126940479167
 20
-58.06696273502894
 10
4917.421876093314
 20
-57.160875986272
 10
4916.303716537761
 20
-56.00438352540368
 10
4915.097255970089
 20
-55.08565545716556
 10
4868.079654442176
 20
-30.52104337094352
  0
LWPOLYLINE
  5
250
102
{ACAD_REACTORS
330
236
102
}
330
231
100
AcDbEntity
  8
0
100
AcDbPolyline
 90
        5
 70
     0
 43
0.0
 10
5192.948483982284
 20
-32.59508045733673
 10
5177.764069176541
 20
-77.618673014862
 10
5460.622252513611
 20
-77.82227894832613
 10
5475.860991637688
 20
-32.70083719852846
 10
5192.948483982284
 20
-32.59508045733673
  0
LWPOLYLINE
  5
251
102
{ACAD_REACTORS
330
236
102
}
330
231
100
AcDbEntity
  8
0
100
AcDbPolyline
 90
       50
 70
     0
 43
0.0
 10
5116.455236776252
 20
-149.2924802075722
 10
5101.073200466213
 20
-194.4538362513413
 10
5412.768382813359
 20
-194.608813449333
 10
5402.021381804356
 20
-215.3138962048106
 10
5390.196436592043
 20
-235.1035322558018
 10
5374.577139301633
 20
-257.4629064968904
 10
5357.811080606087
 20
-277.6337724688346
 10
5331.066527645002
 20
-305.1877069674083
 10
5309.818040832411
 20
-322.4431619015522
 10
5287.684144414656
 20
-338.3712782863295
 10
5261.011192056874
 20
-354.9158607207937
 10
5245.703155834155
 20
-363.1167419309495
 10
5215.03487061635
 20
-377.5411868073861
 10
5183.315803354402
 20
-390.4441547424067
 10
5157.049803487214
 20
-399.4596748579643
 10
5116.059033974074
 20
-409.8087197004934
 10
5138.924293122589
 20
-450.9502437234623
 10
5158.622521296435
 20
-445.2822526018135
 10
5174.112918305036
 20
-440.2964623912703
 10
5204.080554187603
 20
-429.1466034055338
 10
5225.090916205576
 20
-420.6623952595983
 10
5245.481539489629
 20
-411.0253525665612
 10
5266.820438860275
 20
-399.6504780934192
 10
5292.226175714881
 20
-384.764275401074
 10
5318.539013510235
 20
-367.0976817219635
 10
5340.031095941027
 20
-350.0333527803887
 10
5364.420123424643
 20
-328.2861411610502
 10
5380.694575833186
 20
-311.8606560943299
 10
5397.8974366006
 20
-292.9281552994507
 10
5417.058468290983
 20
-269.1705973268836
 10
5430.999854392532
 20
-249.662728219002
 10
5444.576710881025
 20
-228.8879299312248
 10
5456.655713461892
 20
-208.4447107647429
 10
5465.395977991269
 20
-192.5795858061174
 10
5469.382960646879
 20
-184.263695484784
 10
5471.736566537133
 20
-183.2491623524693
 10
5475.856768545797
 20
-181.1055173194036
 10
5478.791721425572
 20
-179.0183009849279
 10
5480.68769772262
 20
-176.9840168139199
 10
5481.513216206513
 20
-175.6677057986381
 10
5482.161940707461
 20
-174.3710291732568
 10
5482.397761997418
 20
-173.4476749199675
 10
5482.496044863074
 20
-172.3278153893189
 10
5482.45678930443
 20
-171.0508269466227
 10
5481.863636853494
 20
-168.9823843165068
 10
5480.798649863922
 20
-167.1616577560198
 10
5479.761688847764
 20
-165.9011837180587
 10
5450.639631135535
 20
-143.3173319180496
 10
5429.957614511513
 20
-149.4748917585821
 10
5116.455236776252
 20
-149.2924802075722
  0
LWPOLYLINE
  5
252
102
{ACAD_REACTORS
330
236
102
}
330
231
100
AcDbEntity
  8
0
100
AcDbPolyline
 90
       49
 70
     0
 43
0.0
 10
6007.995235673661
 20
-3.937800832733046
 10
5975.878429939767
 20
-34.81688650004799
 10
5943.045618172866
 20
-62.95969131676247
 10
5913.177992784462
 20
-86.3585047792294
 10
5882.419103049877
 20
-109.0815186796244
 10
5852.195106294108
 20
-129.933294534334
 10
5814.580986680026
 20
-154.0044110237504
 10
5787.750532190839
 20
-170.0943362984108
 10
5746.368166884844
 20
-192.5773802993353
 10
5706.804130572855
 20
-211.9456569640315
 10
5664.650859039364
 20
-230.7706796465791
 10
5632.792717683347
 20
-243.9930695189978
 10
5595.804863399739
 20
-258.2948129068245
 10
5616.654939884858
 20
-299.1480610519648
 10
5646.973860228652
 20
-286.6420305497595
 10
5675.127102271013
 20
-274.6169619106222
 10
5707.130364420867
 20
-259.4653453013161
 10
5741.655292322059
 20
-241.9400116436882
 10
5760.956741817572
 20
-232.2942545090918
 10
5784.715568816915
 20
-218.6476542293676
 10
5818.929619567847
 20
-198.5883008334204
 10
5810.004498789189
 20
-225.2327058409574
 10
5799.00929515266
 20
-258.9405960591976
 10
5737.159906991263
 20
-438.7306601423188
 10
5784.435021144731
 20
-438.7306601423188
 10
5879.230956615807
 20
-159.5629874905571
 10
5889.213961911315
 20
-152.7764816593844
 10
5902.392216113614
 20
-143.8343887827359
 10
5935.542911524113
 20
-120.5650547078112
 10
5960.372484274689
 20
-101.4872056348831
 10
5984.145324260739
 20
-82.3738532816642
 10
6015.271047113027
 20
-54.92476104578236
 10
6019.399887264197
 20
-54.27843996492447
 10
6023.907653932547
 20
-53.21269604034023
 10
6028.997055528511
 20
-51.61397256772034
 10
6032.292986784989
 20
-50.30594565119827
 10
6034.913511278151
 20
-48.74423165875487
 10
6036.641523693455
 20
-47.36256233189488
 10
6037.821685916206
 20
-46.23479525238508
 10
6038.363489409006
 20
-45.28718042426044
 10
6038.769770044091
 20
-44.61035879800329
 10
6038.959425261404
 20
-43.98765277786879
 10
6039.040623800815
 20
-43.12126515171258
 10
6039.040623800815
 20
-42.49855913157808
 10
6038.732050155217
 20
-41.37907615076983
 10
6038.324521788454
 20
-40.07546024787007
 10
6037.699504189673
 20
-39.12488681304967
 10
6036.775606860756
 20
-37.84838250599569
 10
6007.995235673661
 20
-3.937800832733046
  0
LWPOLYLINE
  5
253
102
{ACAD_REACTORS
330
236
102
}
330
231
100
AcDbEntity
  8
0
100
AcDbPolyline
 90
       17
 70
     0
 43
0.0
 10
6285.258206182349
 20
-42.90969787654467
 10
6235.524196779617
 20
-86.16920774360187
 10
6255.123758170375
 20
-103.3846407980309
 10
6267.011185946685
 20
-116.0707159658195
 10
6277.52649277827
 20
-127.0850169720943
 10
6286.754620399573
 20
-138.1231482104631
 10
6297.889186068263
 20
-151.922681559925
 10
6304.370672316058
 20
-160.4199075752986
 10
6311.703975392666
 20
-169.9123550902004
 10
6363.99881012601
 20
-130.9978550162632
 10
6356.435252562398
 20
-120.6873796464643
 10
6340.849644027694
 20
-100.6048415325931
 10
6329.787542776554
 20
-87.33581326005515
 10
6320.489446201071
 20
-76.43705929350108
 10
6307.946287430459
 20
-63.09212931100046
 10
6296.387013089377
 20
-52.2289862104808
 10
6285.258206182349
 20
-42.90969787654467
  0
LWPOLYLINE
  5
254
102
{ACAD_REACTORS
330
236
102
}
330
231
100
AcDbEntity
  8
0
100
AcDbPolyline
 90
       57
 70
     0
 43
0.0
 10
6568.578434163239
 20
-139.3436003688257
 10
6551.658328593301
 20
-159.9588490664028
 10
6538.844124107243
 20
-174.8599523779121
 10
6519.841170424421
 20
-195.2451290602912
 10
6506.613774789294
 20
-208.2995238652802
 10
6493.102376224982
 20
-221.3385339154047
 10
6477.20329909728
 20
-235.0375284300535
 10
6445.216161480086
 20
-260.0877285643364
 10
6419.416237389887
 20
-277.1436120286235
 10
6398.833271466399
 20
-289.4870267482474
 10
6375.204688459926
 20
-302.2840765635483
 10
6337.899622388242
 20
-318.9424308736925
 10
6301.821268529384
 20
-332.2572906535352
 10
6270.761099580661
 20
-340.6915252426988
 10
6232.355630135193
 20
-349.3686883380287
 10
6192.532065631065
 20
-354.9009063087869
 10
6166.76650215211
 20
-357.2964632537332
 10
6134.839447614882
 20
-358.8108933319454
 10
6133.259627332955
 20
-412.0259533509961
 10
6133.637881994626
 20
-415.1558364778175
 10
6134.323846487634
 20
-417.541603124293
 10
6135.234018767922
 20
-419.59460720676
 10
6136.073838176599
 20
-420.9277553837746
 10
6137.080469714696
 20
-421.7506783879362
 10
6137.862989444853
 20
-422.1172766539385
 10
6138.425428500268
 20
-422.2394940069062
 10
6139.20794823044
 20
-422.2394940069062
 10
6139.841603971712
 20
-422.1652598752989
 10
6141.003434136524
 20
-421.8556282363716
 10
6142.251549746856
 20
-421.2769785595592
 10
6143.527115454446
 20
-420.4188750321628
 10
6144.508312461869
 20
-419.8059593105572
 10
6145.244186222597
 20
-419.1439845106215
 10
6147.566694799883
 20
-417.0463861562894
 10
6150.58083065247
 20
-413.7231715301168
 10
6155.096275669712
 20
-407.8752433285117
 10
6159.751562615915
 20
-407.531883573276
 10
6171.133563077237
 20
-406.8118662892957
 10
6185.887222510864
 20
-405.5949644590146
 10
6201.281832117194
 20
-403.8943573303986
 10
6213.678526382937
 20
-402.3556666772929
 10
6245.31188407552
 20
-396.6716990794521
 10
6266.105908613812
 20
-392.1686458959593
 10
6302.993272506472
 20
-381.8473581635044
 10
6327.699703736886
 20
-373.1223194326158
 10
6356.958915955969
 20
-361.677729427116
 10
6392.54019270424
 20
-344.7330357817118
 10
6414.098308935398
 20
-332.8090439058142
 10
6439.214476057896
 20
-317.5379533788655
 10
6461.315451554823
 20
-302.3591175879119
 10
6473.867056509203
 20
-292.990232247219
 10
6496.322867703711
 20
-275.3828107019654
 10
6528.579803304659
 20
-247.8062832067953
 10
6548.149227176065
 20
-228.1774877743446
 10
6573.739820279952
 20
-201.5344275880489
 10
6600.928469744336
 20
-170.0258580016089
 10
6568.578434163239
 20
-139.3436003688257
  0
HATCH
  5
255
330
231
100
AcDbEntity
  8
0
100
AcDbHatch
 10
0.0
 20
0.0
 30
0.0
210
0.0
220
0.0
230
1.0
  2
SOLID
 70
     1
 71
     1
 91
       12
 92
        1
 93
       38
 72
     1
 10
3239.201638211438
 20
-132.8647246584878
 11
3211.630319173448
 21
-214.6969849301386
 72
     1
 10
3211.630319173448
 20
-214.6969849301386
 11
3153.680591259443
 21
-214.6258608258213
 72
     1
 10
3153.680591259443
 20
-214.6258608258213
 11
3143.576100945837
 21
-244.3483135054703
 72
     1
 10
3143.576100945837
 20
-244.3483135054703
 11
3201.540922904737
 21
-244.2571523922379
 72
     1
 10
3201.540922904737
 20
-244.2571523922379
 11
3153.813284685006
 21
-384.6435201522545
 72
     1
 10
3153.813284685006
 20
-384.6435201522545
 11
3074.270955363973
 21
-384.273733028851
 72
     1
 10
3074.270955363973
 20
-384.273733028851
 11
3064.528185450123
 21
-413.8749933398212
 72
     1
 10
3064.528185450123
 20
-413.8749933398212
 11
3248.926697779302
 21
-414.253852910304
 72
     1
 10
3248.926697779302
 20
-414.253852910304
 11
3259.192325407465
 21
-384.5198534797528
 72
     1
 10
3259.192325407465
 20
-384.5198534797528
 11
3184.673897981207
 21
-384.6266851834953
 72
     1
 10
3184.673897981207
 20
-384.6266851834953
 11
3233.046018374589
 21
-244.1802549125277
 72
     1
 10
3233.046018374589
 20
-244.1802549125277
 11
3294.424710775377
 21
-243.5060799103812
 72
     1
 10
3294.424710775377
 20
-243.5060799103812
 11
3304.542148425229
 21
-214.8550492764916
 72
     1
 10
3304.542148425229
 20
-214.8550492764916
 11
3242.826154435068
 21
-214.8550492764916
 72
     1
 10
3242.826154435068
 20
-214.8550492764916
 11
3253.733178343275
 21
-182.6567888439749
 72
     1
 10
3253.733178343275
 20
-182.6567888439749
 11
3266.634762883027
 21
-143.2830960106221
 72
     1
 10
3266.634762883027
 20
-143.2830960106221
 11
3267.229736589507
 21
-142.9859854959068
 72
     1
 10
3267.229736589507
 20
-142.9859854959068
 11
3269.283130453725
 21
-141.8457681023865
 72
     1
 10
3269.283130453725
 20
-141.8457681023865
 11
3270.652126781177
 21
-140.9336232970236
 72
     1
 10
3270.652126781177
 20
-140.9336232970236
 11
3272.02105602398
 21
-139.9562733100611
 72
     1
 10
3272.02105602398
 20
-139.9562733100611
 11
3272.615828476526
 21
-139.5056589304004
 72
     1
 10
3272.615828476526
 20
-139.5056589304004
 11
3273.351948273703
 21
-138.7929138990003
 72
     1
 10
3273.351948273703
 20
-138.7929138990003
 11
3274.157031084789
 21
-137.7813117855112
 72
     1
 10
3274.157031084789
 20
-137.7813117855112
 11
3274.456094427151
 21
-137.3214794113883
 72
     1
 10
3274.456094427151
 20
-137.3214794113883
 11
3274.640107605286
 21
-136.8386505670496
 72
     1
 10
3274.640107605286
 20
-136.8386505670496
 11
3274.732147736679
 21
-136.4017661474645
 72
     1
 10
3274.732147736679
 20
-136.4017661474645
 11
3274.732147736679
 21
-135.9879267139477
 72
     1
 10
3274.732147736679
 20
-135.9879267139477
 11
3274.684182216312
 21
-135.6999371621059
 72
     1
 10
3274.684182216312
 20
-135.6999371621059
 11
3274.511103835132
 21
-135.2962375224452
 72
     1
 10
3274.511103835132
 20
-135.2962375224452
 11
3274.150456789678
 21
-134.8204919790151
 72
     1
 10
3274.150456789678
 20
-134.8204919790151
 11
3273.847569622624
 21
-134.5032959395903
 72
     1
 10
3273.847569622624
 20
-134.5032959395903
 11
3273.385960188142
 21
-134.1428723579156
 72
     1
 10
3273.385960188142
 20
-134.1428723579156
 11
3272.722291806335
 21
-133.7793437676155
 72
     1
 10
3272.722291806335
 20
-133.7793437676155
 11
3271.75077199383
 21
-133.3763233485515
 72
     1
 10
3271.75077199383
 20
-133.3763233485515
 11
3270.797633373717
 21
-133.046513211506
 72
     1
 10
3270.797633373717
 20
-133.046513211506
 11
3269.917751184723
 21
-132.8266883025644
 72
     1
 10
3269.917751184723
 20
-132.8266883025644
 11
3269.056250188151
 21
-132.6068148778868
 72
     1
 10
3269.056250188151
 20
-132.6068148778868
 11
3239.201638211438
 21
-132.8647246584878
 97
        1
330
249
 92
        1
 93
       73
 72
     1
 10
3078.522645923164
 20
-182.3777261919458
 11
3028.616702232335
 21
-182.4100862039486
 72
     1
 10
3028.616702232335
 20
-182.4100862039486
 11
3020.102386317027
 21
-207.8826553316321
 72
     1
 10
3020.102386317027
 20
-207.8826553316321
 11
3108.811832222855
 21
-207.9080290741404
 72
     1
 10
3108.811832222855
 20
-207.9080290741404
 11
3097.340022697914
 21
-220.0894146320061
 72
     1
 10
3097.340022697914
 20
-220.0894146320061
 11
3081.818179053255
 21
-234.9866154079791
 72
     1
 10
3081.818179053255
 20
-234.9866154079791
 11
3061.994733874381
 21
-252.3886363612837
 72
     1
 10
3061.994733874381
 20
-252.3886363612837
 11
3046.880228187307
 21
-263.7917320958804
 72
     1
 10
3046.880228187307
 20
-263.7917320958804
 11
3018.935851444782
 21
-282.577034400776
 72
     1
 10
3018.935851444782
 20
-282.577034400776
 11
2996.268486958332
 21
-295.6592605918995
 72
     1
 10
2996.268486958332
 20
-295.6592605918995
 11
2974.643416583684
 21
-306.2049372985493
 72
     1
 10
2974.643416583684
 20
-306.2049372985493
 11
2977.438028678007
 21
-333.079272282368
 72
     1
 10
2977.438028678007
 20
-333.079272282368
 11
2985.149475575483
 21
-329.2710276945145
 72
     1
 10
2985.149475575483
 20
-329.2710276945145
 11
2996.090175974925
 21
-323.5492244974012
 72
     1
 10
2996.090175974925
 20
-323.5492244974012
 11
3016.384152845902
 21
-311.8652710276656
 72
     1
 10
3016.384152845902
 20
-311.8652710276656
 11
3028.88772419357
 21
-303.8774422242423
 72
     1
 10
3028.88772419357
 20
-303.8774422242423
 11
3039.546065326955
 21
-296.7959363349364
 72
     1
 10
3039.546065326955
 20
-296.7959363349364
 11
3034.933056875889
 21
-310.2003071730724
 72
     1
 10
3034.933056875889
 20
-310.2003071730724
 11
3028.604559911794
 21
-329.066824860347
 72
     1
 10
3028.604559911794
 20
-329.066824860347
 11
3022.133440994832
 21
-348.1494802587549
 72
     1
 10
3022.133440994832
 20
-348.1494802587549
 11
3013.733839820547
 21
-373.0369008040871
 72
     1
 10
3013.733839820547
 20
-373.0369008040871
 11
3002.889472969692
 21
-405.008155995165
 72
     1
 10
3002.889472969692
 20
-405.008155995165
 11
2994.488932610402
 21
-430.0213293906418
 72
     1
 10
2994.488932610402
 20
-430.0213293906418
 11
3021.258321815549
 21
-429.9912981351372
 72
     1
 10
3021.258321815549
 20
-429.9912981351372
 11
3029.166997566005
 21
-406.5500838821754
 72
     1
 10
3029.166997566005
 20
-406.5500838821754
 11
3039.825674122607
 21
-375.2852666737163
 72
     1
 10
3039.825674122607
 20
-375.2852666737163
 11
3049.357664085416
 21
-347.2068675560877
 72
     1
 10
3049.357664085416
 20
-347.2068675560877
 11
3065.324077664991
 21
-300.2676756108413
 72
     1
 10
3065.324077664991
 20
-300.2676756108413
 11
3066.548036992405
 21
-296.7859420883469
 72
     1
 10
3066.548036992405
 20
-296.7859420883469
 11
3073.689935263421
 21
-301.9121172989253
 72
     1
 10
3073.689935263421
 20
-301.9121172989253
 11
3081.572380918107
 21
-308.7871886290377
 72
     1
 10
3081.572380918107
 20
-308.7871886290377
 11
3087.632941814605
 21
-314.4239436987555
 72
     1
 10
3087.632941814605
 20
-314.4239436987555
 11
3093.104298283972
 21
-319.892446112528
 72
     1
 10
3093.104298283972
 20
-319.892446112528
 11
3096.723783159323
 21
-323.6783734507044
 72
     1
 10
3096.723783159323
 20
-323.6783734507044
 11
3100.427459262734
 21
-327.8848839131533
 72
     1
 10
3100.427459262734
 20
-327.8848839131533
 11
3125.280978123599
 21
-297.9484767315444
 72
     1
 10
3125.280978123599
 20
-297.9484767315444
 11
3117.572550035111
 21
-291.8928365892498
 72
     1
 10
3117.572550035111
 20
-291.8928365892498
 11
3111.067083780479
 21
-287.254293283273
 72
     1
 10
3111.067083780479
 20
-287.254293283273
 11
3102.594293259725
 21
-282.0672307938221
 72
     1
 10
3102.594293259725
 20
-282.0672307938221
 11
3098.283568213941
 21
-279.744344716717
 72
     1
 10
3098.283568213941
 20
-279.744344716717
 11
3090.600296866891
 21
-275.9598728512647
 72
     1
 10
3090.600296866891
 20
-275.9598728512647
 11
3084.672228142052
 21
-273.3573904488003
 72
     1
 10
3084.672228142052
 20
-273.3573904488003
 11
3078.744897348297
 21
-271.0052493683761
 72
     1
 10
3078.744897348297
 20
-271.0052493683761
 11
3075.625528492994
 21
-269.8634794705431
 72
     1
 10
3075.625528492994
 20
-269.8634794705431
 11
3080.076326275186
 21
-266.0163252430502
 72
     1
 10
3080.076326275186
 20
-266.0163252430502
 11
3089.576920624648
 21
-257.771556974214
 72
     1
 10
3089.576920624648
 20
-257.771556974214
 11
3110.69335522948
 21
-237.5627537526889
 72
     1
 10
3110.69335522948
 20
-237.5627537526889
 11
3124.793339847311
 21
-223.7433791028452
 72
     1
 10
3124.793339847311
 20
-223.7433791028452
 11
3132.319297704497
 21
-215.4397612170433
 72
     1
 10
3132.319297704497
 20
-215.4397612170433
 11
3142.362070145726
 21
-203.7925341776572
 72
     1
 10
3142.362070145726
 20
-203.7925341776572
 11
3154.127576241532
 21
-197.1288460142678
 72
     1
 10
3154.127576241532
 20
-197.1288460142678
 11
3140.8308631494
 21
-177.0447768119047
 72
     1
 10
3140.8308631494
 20
-177.0447768119047
 11
3133.699094659605
 21
-182.3907769314246
 72
     1
 10
3133.699094659605
 20
-182.3907769314246
 11
3105.316990615829
 21
-182.3511395553942
 72
     1
 10
3105.316990615829
 20
-182.3511395553942
 11
3109.888272418393
 21
-170.0259047689033
 72
     1
 10
3109.888272418393
 20
-170.0259047689033
 11
3118.069043484386
 21
-145.4516534549184
 72
     1
 10
3118.069043484386
 20
-145.4516534549184
 11
3122.24660551209
 21
-132.5563099716092
 72
     1
 10
3122.24660551209
 20
-132.5563099716092
 11
3123.350952919471
 21
-132.0553362329956
 72
     1
 10
3123.350952919471
 20
-132.0553362329956
 11
3124.825272137794
 21
-130.9747447086265
 72
     1
 10
3124.825272137794
 20
-130.9747447086265
 11
3126.692640284557
 21
-129.6977128716535
 72
     1
 10
3126.692640284557
 20
-129.6977128716535
 11
3127.872055408429
 21
-128.5189254488796
 72
     1
 10
3127.872055408429
 20
-128.5189254488796
 11
3128.154683013054
 21
-128.0346411317005
 72
     1
 10
3128.154683013054
 20
-128.0346411317005
 11
3128.445629113514
 21
-127.4359566522762
 72
     1
 10
3128.445629113514
 20
-127.4359566522762
 11
3128.531229119093
 21
-126.8885533311986
 72
     1
 10
3128.531229119093
 20
-126.8885533311986
 11
3128.445629113514
 21
-126.4951390326605
 72
     1
 10
3128.445629113514
 20
-126.4951390326605
 11
3128.154683013054
 21
-126.0161914491327
 72
     1
 10
3128.154683013054
 20
-126.0161914491327
 11
3127.675497401884
 21
-125.6398546981509
 72
     1
 10
3127.675497401884
 20
-125.6398546981509
 11
3126.84384907184
 21
-125.2636634944356
 72
     1
 10
3126.84384907184
 20
-125.2636634944356
 11
3126.12335999668
 21
-124.9918782064342
 72
     1
 10
3126.12335999668
 20
-124.9918782064342
 11
3125.44359130034
 21
-124.8288652525516
 72
     1
 10
3125.44359130034
 20
-124.8288652525516
 11
3124.627976200165
 21
-124.6522193701239
 72
     1
 10
3124.627976200165
 20
-124.6522193701239
 11
3123.676313442237
 21
-124.5163267261232
 72
     1
 10
3123.676313442237
 20
-124.5163267261232
 11
3098.314561319407
 21
-124.5481045489432
 72
     1
 10
3098.314561319407
 20
-124.5481045489432
 11
3078.522645923164
 21
-182.3777261919458
 97
        1
330
248
 92
        1
 93
       71
 72
     1
 10
2642.777964237816
 20
-288.7705078174477
 11
2632.786779887713
 21
-318.329025743762
 72
     1
 10
2632.786779887713
 20
-318.329025743762
 11
2729.944597503927
 21
-318.4346930692554
 72
     1
 10
2729.944597503927
 20
-318.4346930692554
 11
2714.535992738136
 21
-335.9158917430323
 72
     1
 10
2714.535992738136
 20
-335.9158917430323
 11
2705.889855497619
 21
-345.3614735897281
 72
     1
 10
2705.889855497619
 20
-345.3614735897281
 11
2693.436798886789
 21
-359.3872827987652
 72
     1
 10
2693.436798886789
 20
-359.3872827987652
 11
2679.317628060802
 21
-375.5150858292473
 72
     1
 10
2679.317628060802
 20
-375.5150858292473
 11
2668.829078161056
 21
-387.0061891525984
 72
     1
 10
2668.829078161056
 20
-387.0061891525984
 11
2647.384331309135
 21
-388.235529997386
 72
     1
 10
2647.384331309135
 20
-388.235529997386
 11
2629.803659944126
 21
-388.9940253905952
 72
     1
 10
2629.803659944126
 20
-388.9940253905952
 11
2612.981917155194
 21
-389.6260887129465
 72
     1
 10
2612.981917155194
 20
-389.6260887129465
 11
2612.548416186503
 21
-389.6369077274576
 72
     1
 10
2612.548416186503
 20
-389.6369077274576
 11
2610.532925146079
 21
-423.2785605382523
 72
     1
 10
2610.532925146079
 20
-423.2785605382523
 11
2611.227787887285
 21
-423.7786124774721
 72
     1
 10
2611.227787887285
 20
-423.7786124774721
 11
2611.922650628491
 21
-424.2508648861549
 72
     1
 10
2611.922650628491
 20
-424.2508648861549
 11
2612.617446285062
 21
-424.556417143147
 72
     1
 10
2612.617446285062
 20
-424.556417143147
 11
2613.36785511137
 21
-424.7508683095803
 72
     1
 10
2613.36785511137
 20
-424.7508683095803
 11
2614.229490277241
 21
-424.8064188548597
 72
     1
 10
2614.229490277241
 20
-424.8064188548597
 11
2615.257830783114
 21
-424.7508683095803
 72
     1
 10
2615.257830783114
 20
-424.7508683095803
 11
2616.091625821777
 21
-424.6119676884264
 72
     1
 10
2616.091625821777
 20
-424.6119676884264
 11
2617.397898007214
 21
-424.1952658250812
 72
     1
 10
2617.397898007214
 20
-424.1952658250812
 11
2618.879328197785
 21
-423.5493269953295
 72
     1
 10
2618.879328197785
 20
-423.5493269953295
 11
2620.322855564577
 21
-422.7751610116102
 72
     1
 10
2620.322855564577
 20
-422.7751610116102
 11
2621.237957191596
 21
-422.1338311790605
 72
     1
 10
2621.237957191596
 20
-422.1338311790605
 11
2622.353373565217
 21
-421.4718821484712
 72
     1
 10
2622.353373565217
 20
-421.4718821484712
 11
2623.590749821408
 21
-420.6009272233932
 72
     1
 10
2623.590749821408
 20
-420.6009272233932
 11
2826.208981833101
 21
-399.1641415983904
 72
     1
 10
2826.208981833101
 20
-399.1641415983904
 11
2828.095670357289
 21
-401.8102396691684
 72
     1
 10
2828.095670357289
 20
-401.8102396691684
 11
2829.896155114111
 21
-404.5456067385385
 72
     1
 10
2829.896155114111
 20
-404.5456067385385
 11
2830.942071796686
 21
-405.9715819589328
 72
     1
 10
2830.942071796686
 20
-405.9715819589328
 11
2831.806054925081
 21
-407.2782569252886
 72
     1
 10
2831.806054925081
 20
-407.2782569252886
 11
2832.708880062288
 21
-408.7291207306553
 72
     1
 10
2832.708880062288
 20
-408.7291207306553
 11
2833.505510208241
 21
-410.0029990432085
 72
     1
 10
2833.505510208241
 20
-410.0029990432085
 11
2837.026581911036
 21
-416.1050687678508
 72
     1
 10
2837.026581911036
 20
-416.1050687678508
 11
2838.707991424977
 21
-419.6932458679657
 72
     1
 10
2838.707991424977
 20
-419.6932458679657
 11
2840.116701861611
 21
-422.6909861678723
 72
     1
 10
2840.116701861611
 20
-422.6909861678723
 11
2841.116464309191
 21
-425.0528304003528
 72
     1
 10
2841.116464309191
 20
-425.0528304003528
 11
2842.025327064345
 21
-427.3238531299285
 72
     1
 10
2842.025327064345
 20
-427.3238531299285
 11
2876.179058443464
 21
-409.8174747766461
 72
     1
 10
2876.179058443464
 20
-409.8174747766461
 11
2875.183991920931
 21
-407.4339925151435
 72
     1
 10
2875.183991920931
 20
-407.4339925151435
 11
2873.255845086838
 21
-403.2043400352122
 72
     1
 10
2873.255845086838
 20
-403.2043400352122
 11
2871.824661294522
 21
-400.3435112102889
 72
     1
 10
2871.824661294522
 20
-400.3435112102889
 11
2870.955780987119
 21
-398.8109468649491
 72
     1
 10
2870.955780987119
 20
-398.8109468649491
 11
2869.046082430083
 21
-395.6731415656977
 72
     1
 10
2869.046082430083
 20
-395.6731415656977
 11
2865.782414505811
 21
-389.9879677674617
 72
     1
 10
2865.782414505811
 20
-389.9879677674617
 11
2860.187555207071
 21
-381.8796258159564
 72
     1
 10
2860.187555207071
 20
-381.8796258159564
 11
2852.914238118712
 21
-371.8140610711416
 72
     1
 10
2852.914238118712
 20
-371.8140610711416
 11
2848.337790798556
 21
-366.3061153444578
 72
     1
 10
2848.337790798556
 20
-366.3061153444578
 11
2842.355048088968
 21
-358.7318833957543
 72
     1
 10
2842.355048088968
 20
-358.7318833957543
 11
2836.372238294716
 21
-352.3535649331752
 72
     1
 10
2836.372238294716
 20
-352.3535649331752
 11
2828.661126820473
 21
-343.716304165253
 72
     1
 10
2828.661126820473
 20
-343.716304165253
 11
2822.412460582578
 21
-336.8064470351674
 72
     1
 10
2822.412460582578
 20
-336.8064470351674
 11
2814.834310872481
 21
-329.3650997533114
 72
     1
 10
2814.834310872481
 20
-329.3650997533114
 11
2785.137750316703
 21
-345.2297047853353
 72
     1
 10
2785.137750316703
 20
-345.2297047853353
 11
2792.17882036799
 21
-352.4543806826114
 72
     1
 10
2792.17882036799
 20
-352.4543806826114
 11
2798.358121084137
 21
-359.154455666081
 72
     1
 10
2798.358121084137
 20
-359.154455666081
 11
2803.897635551665
 21
-365.6452821763232
 72
     1
 10
2803.897635551665
 20
-365.6452821763232
 11
2809.867632178939
 21
-373.2187863886356
 72
     1
 10
2809.867632178939
 20
-373.2187863886356
 11
2813.147870010231
 21
-377.5108301360742
 72
     1
 10
2813.147870010231
 20
-377.5108301360742
 11
2808.00469161867
 21
-377.9834706708207
 72
     1
 10
2808.00469161867
 20
-377.9834706708207
 11
2798.344569986075
 21
-378.5769639639184
 72
     1
 10
2798.344569986075
 20
-378.5769639639184
 11
2782.974740144419
 21
-379.7709853354027
 72
     1
 10
2782.974740144419
 20
-379.7709853354027
 11
2753.225316889293
 21
-381.8882131054997
 72
     1
 10
2753.225316889293
 20
-381.8882131054997
 11
2733.281387690018
 21
-383.4216022187611
 72
     1
 10
2733.281387690018
 20
-383.4216022187611
 11
2700.122320325565
 21
-385.6026767291478
 72
     1
 10
2700.122320325565
 20
-385.6026767291478
 11
2708.656426210801
 21
-376.4519736721995
 72
     1
 10
2708.656426210801
 20
-376.4519736721995
 11
2730.231518525776
 21
-353.9686060706154
 72
     1
 10
2730.231518525776
 20
-353.9686060706154
 11
2757.066181089409
 21
-325.4254259713925
 72
     1
 10
2757.066181089409
 20
-325.4254259713925
 11
2763.959463670239
 21
-318.0435590114212
 72
     1
 10
2763.959463670239
 20
-318.0435590114212
 11
2909.072068110341
 21
-318.133216136077
 72
     1
 10
2909.072068110341
 20
-318.133216136077
 11
2918.507053678099
 21
-288.9656382045359
 72
     1
 10
2918.507053678099
 20
-288.9656382045359
 11
2642.777964237816
 21
-288.7705078174477
 97
        1
330
247
 92
       16
 93
       34
 72
     1
 10
2825.396385541914
 20
-151.543680417235
 11
2827.047741135408
 21
-158.0631312259356
 72
     1
 10
2827.047741135408
 20
-158.0631312259356
 11
2829.359612132452
 21
-165.0776853663265
 72
     1
 10
2829.359612132452
 20
-165.0776853663265
 11
2832.712301379128
 21
-174.1721101414878
 72
     1
 10
2832.712301379128
 20
-174.1721101414878
 11
2835.013371748501
 21
-179.6082040275214
 72
     1
 10
2835.013371748501
 20
-179.6082040275214
 11
2836.640643954859
 21
-183.0075092735933
 72
     1
 10
2836.640643954859
 20
-183.0075092735933
 11
2838.125294208323
 21
-185.9501841858146
 72
     1
 10
2838.125294208323
 20
-185.9501841858146
 11
2841.539298819509
 21
-192.1156640088884
 72
     1
 10
2841.539298819509
 20
-192.1156640088884
 11
2844.582258265437
 21
-196.8977654489572
 72
     1
 10
2844.582258265437
 20
-196.8977654489572
 11
2849.435899334058
 21
-203.4574358227546
 72
     1
 10
2849.435899334058
 20
-203.4574358227546
 11
2852.460007995076
 21
-207.1956721688039
 72
     1
 10
2852.460007995076
 20
-207.1956721688039
 11
2855.152114753553
 21
-210.3067452842952
 72
     1
 10
2855.152114753553
 20
-210.3067452842952
 11
2858.769587089599
 21
-213.9223337888252
 72
     1
 10
2858.769587089599
 20
-213.9223337888252
 11
2862.30286819757
 21
-217.5379222934134
 72
     1
 10
2862.30286819757
 20
-217.5379222934134
 11
2865.079099099472
 21
-219.6400131463888
 72
     1
 10
2865.079099099472
 20
-219.6400131463888
 11
2868.275950718453
 21
-222.3306972006685
 72
     1
 10
2868.275950718453
 20
-222.3306972006685
 11
2871.809298911074
 21
-225.2736146916868
 72
     1
 10
2871.809298911074
 20
-225.2736146916868
 11
2876.268012681234
 21
-228.0483765582321
 72
     1
 10
2876.268012681234
 20
-228.0483765582321
 11
2730.724121065694
 21
-228.1114955620724
 72
     1
 10
2730.724121065694
 20
-228.1114955620724
 11
2733.144132508664
 21
-226.6230320426985
 72
     1
 10
2733.144132508664
 20
-226.6230320426985
 11
2737.905263853391
 21
-223.8434186001541
 72
     1
 10
2737.905263853391
 20
-223.8434186001541
 11
2742.636341277656
 21
-220.7697996514617
 72
     1
 10
2742.636341277656
 20
-220.7697996514617
 11
2747.320124028003
 21
-217.8380407852819
 72
     1
 10
2747.320124028003
 20
-217.8380407852819
 11
2756.144505167278
 21
-211.9437155452906
 72
     1
 10
2756.144505167278
 20
-211.9437155452906
 11
2762.014881098381
 21
-207.6395428578253
 72
     1
 10
2762.014881098381
 20
-207.6395428578253
 11
2766.555169795495
 21
-204.1693560862332
 72
     1
 10
2766.555169795495
 20
-204.1693560862332
 11
2771.896650394338
 21
-200.1653018906945
 72
     1
 10
2771.896650394338
 20
-200.1653018906945
 11
2778.856346772606
 21
-194.7034946518252
 72
     1
 10
2778.856346772606
 20
-194.7034946518252
 11
2785.168877591467
 21
-189.4797057319665
 72
     1
 10
2785.168877591467
 20
-189.4797057319665
 11
2793.449806030753
 21
-182.2207291923114
 72
     1
 10
2793.449806030753
 20
-182.2207291923114
 11
2799.388004536813
 21
-177.1689771577367
 72
     1
 10
2799.388004536813
 20
-177.1689771577367
 11
2804.982327158403
 21
-171.8073064477067
 72
     1
 10
2804.982327158403
 20
-171.8073064477067
 11
2814.561678879778
 21
-162.7691114384215
 72
     1
 10
2814.561678879778
 20
-162.7691114384215
 11
2818.678395135503
 21
-158.3330243992968
 72
     1
 10
2818.678395135503
 20
-158.3330243992968
 11
2825.396385541914
 21
-151.543680417235
 97
        1
330
246
 92
        1
 93
       84
 72
     1
 10
2821.674059907499
 20
-123.2078566765995
 11
2816.482714741637
 21
-129.0227131015854
 72
     1
 10
2816.482714741637
 20
-129.0227131015854
 11
2803.52176029206
 21
-142.7133269241895
 72
     1
 10
2803.52176029206
 20
-142.7133269241895
 11
2782.459530079505
 21
-162.3852062288788
 72
     1
 10
2782.459530079505
 20
-162.3852062288788
 11
2760.789177570245
 21
-179.0245109178941
 72
     1
 10
2760.789177570245
 20
-179.0245109178941
 11
2741.348919877157
 21
-192.3827432681574
 72
     1
 10
2741.348919877157
 20
-192.3827432681574
 11
2725.067745148539
 21
-202.0978301621508
 72
     1
 10
2725.067745148539
 20
-202.0978301621508
 11
2709.272598664757
 21
-210.112779275456
 72
     1
 10
2709.272598664757
 20
-210.112779275456
 11
2695.69600843839
 21
-216.3441435007844
 72
     1
 10
2695.69600843839
 20
-216.3441435007844
 11
2681.268248250606
 21
-222.3083314352552
 72
     1
 10
2681.268248250606
 20
-222.3083314352552
 11
2669.145382256902
 21
-226.5395364195574
 72
     1
 10
2669.145382256902
 20
-226.5395364195574
 11
2659.524035548457
 21
-229.4244290614733
 72
     1
 10
2659.524035548457
 20
-229.4244290614733
 11
2649.325425479503
 21
-232.3093702191836
 72
     1
 10
2649.325425479503
 20
-232.3093702191836
 11
2644.034057109646
 21
-233.3511006197077
 72
     1
 10
2644.034057109646
 20
-233.3511006197077
 11
2645.319130547607
 21
-265.8145967126475
 72
     1
 10
2645.319130547607
 20
-265.8145967126475
 11
2659.307955910539
 21
-261.4526902706712
 72
     1
 10
2659.307955910539
 20
-261.4526902706712
 11
2668.742203547241
 21
-258.2381330389762
 72
     1
 10
2668.742203547241
 20
-258.2381330389762
 11
2682.588474041957
 21
-252.7654097541235
 72
     1
 10
2682.588474041957
 20
-252.7654097541235
 11
2693.30920389414
 21
-247.943573906552
 72
     1
 10
2693.30920389414
 20
-247.943573906552
 11
2699.935221253807
 21
-244.4460727620171
 72
     1
 10
2699.935221253807
 20
-244.4460727620171
 11
2708.898534690539
 21
-240.1024567616405
 72
     1
 10
2708.898534690539
 20
-240.1024567616405
 11
2719.084130338568
 21
-234.5372139223036
 72
     1
 10
2719.084130338568
 20
-234.5372139223036
 11
2726.039868722845
 21
-230.7450280510238
 72
     1
 10
2726.039868722845
 20
-230.7450280510238
 11
2716.572481272088
 21
-257.7581181086716
 72
     1
 10
2716.572481272088
 20
-257.7581181086716
 11
2868.806120658963
 21
-257.6634638607502
 72
     1
 10
2868.806120658963
 20
-257.6634638607502
 11
2878.306379585207
 21
-229.4244775772677
 72
     1
 10
2878.306379585207
 20
-229.4244775772677
 11
2880.560423619231
 21
-231.0490763194393
 72
     1
 10
2880.560423619231
 20
-231.0490763194393
 11
2883.093741025689
 21
-232.8972841998911
 72
     1
 10
2883.093741025689
 20
-232.8972841998911
 11
2886.216464113182
 21
-234.9139873150853
 72
     1
 10
2886.216464113182
 20
-234.9139873150853
 11
2891.164694529667
 21
-238.2751106580254
 72
     1
 10
2891.164694529667
 20
-238.2751106580254
 11
2895.321527402412
 21
-240.8182582859299
 72
     1
 10
2895.321527402412
 20
-240.8182582859299
 11
2899.658750882518
 21
-243.2265806165524
 72
     1
 10
2899.658750882518
 20
-243.2265806165524
 11
2904.5260772185
 21
-246.0202151137637
 72
     1
 10
2904.5260772185
 20
-246.0202151137637
 11
2910.472191712528
 21
-249.0408548524138
 72
     1
 10
2910.472191712528
 20
-249.0408548524138
 11
2916.862205295067
 21
-251.9938636214938
 72
     1
 10
2916.862205295067
 20
-251.9938636214938
 11
2922.908678416338
 21
-254.3287816070952
 72
     1
 10
2922.908678416338
 20
-254.3287816070952
 11
2927.136553926947
 21
-255.5968380284612
 72
     1
 10
2927.136553926947
 20
-255.5968380284612
 11
2929.76982745275
 21
-256.3313181203557
 72
     1
 10
2929.76982745275
 20
-256.3313181203557
 11
2954.169921205714
 21
-224.0883746728068
 72
     1
 10
2954.169921205714
 20
-224.0883746728068
 11
2948.825555967196
 21
-222.6761779282242
 72
     1
 10
2948.825555967196
 20
-222.6761779282242
 11
2941.010999972088
 21
-220.0848541505984
 72
     1
 10
2941.010999972088
 20
-220.0848541505984
 11
2933.997099201574
 21
-217.457968320814
 72
     1
 10
2933.997099201574
 20
-217.457968320814
 11
2925.198881073404
 21
-214.1261484969291
 72
     1
 10
2925.198881073404
 20
-214.1261484969291
 11
2918.029142675179
 21
-210.8003931431449
 72
     1
 10
2918.029142675179
 20
-210.8003931431449
 11
2913.021206925652
 21
-208.4294279477908
 72
     1
 10
2913.021206925652
 20
-208.4294279477908
 11
2907.310425362317
 21
-205.3560030621593
 72
     1
 10
2907.310425362317
 20
-205.3560030621593
 11
2902.038914047022
 21
-202.2825296607916
 72
     1
 10
2902.038914047022
 20
-202.2825296607916
 11
2897.174472350744
 21
-199.075637919188
 72
     1
 10
2897.174472350744
 20
-199.075637919188
 11
2893.466167406907
 21
-196.6774553824216
 72
     1
 10
2893.466167406907
 20
-196.6774553824216
 11
2889.452560248814
 21
-193.8432131939917
 72
     1
 10
2889.452560248814
 20
-193.8432131939917
 11
2885.700717371117
 21
-190.7909411797882
 72
     1
 10
2885.700717371117
 20
-190.7909411797882
 11
2882.488503368703
 21
-188.2071373449289
 72
     1
 10
2882.488503368703
 20
-188.2071373449289
 11
2879.862743323
 21
-185.9326214806642
 72
     1
 10
2879.862743323
 20
-185.9326214806642
 11
2877.236983277282
 21
-183.4832063012291
 72
     1
 10
2877.236983277282
 20
-183.4832063012291
 11
2873.762602486619
 21
-179.8032858988154
 72
     1
 10
2873.762602486619
 20
-179.8032858988154
 11
2870.829997279856
 21
-176.6851294823573
 72
     1
 10
2870.829997279856
 20
-176.6851294823573
 11
2864.882474008308
 21
-169.5801904809778
 72
     1
 10
2864.882474008308
 20
-169.5801904809778
 11
2859.367311266484
 21
-161.513329504407
 72
     1
 10
2859.367311266484
 20
-161.513329504407
 11
2857.799476054599
 21
-159.0191342784092
 72
     1
 10
2857.799476054599
 20
-159.0191342784092
 11
2855.198336073198
 21
-154.2865189136355
 72
     1
 10
2855.198336073198
 20
-154.2865189136355
 11
2852.772890774068
 21
-149.6685462899623
 72
     1
 10
2852.772890774068
 20
-149.6685462899623
 11
2850.781818544027
 21
-144.835697364877
 72
     1
 10
2850.781818544027
 20
-144.835697364877
 11
2849.061030344121
 21
-140.8155359369703
 72
     1
 10
2849.061030344121
 20
-140.8155359369703
 11
2847.858806441335
 21
-137.6856387066073
 72
     1
 10
2847.858806441335
 20
-137.6856387066073
 11
2847.019980054378
 21
-135.3102585770539
 72
     1
 10
2847.019980054378
 20
-135.3102585770539
 11
2847.888323684631
 21
-134.7909943968989
 72
     1
 10
2847.888323684631
 20
-134.7909943968989
 11
2848.869973278372
 21
-134.174262054672
 72
     1
 10
2848.869973278372
 20
-134.174262054672
 11
2849.963788396679
 21
-133.4734519002377
 72
     1
 10
2849.963788396679
 20
-133.4734519002377
 11
2850.94543799042
 21
-132.7726417458616
 72
     1
 10
2850.94543799042
 20
-132.7726417458616
 11
2851.786880678483
 21
-132.0157473727595
 72
     1
 10
2851.786880678483
 20
-132.0157473727595
 11
2852.34784247051
 21
-131.4550992492004
 72
     1
 10
2852.34784247051
 20
-131.4550992492004
 11
2852.886129652936
 21
-130.7812638573814
 72
     1
 10
2852.886129652936
 20
-130.7812638573814
 11
2853.095031233941
 21
-130.3219166409108
 72
     1
 10
2853.095031233941
 20
-130.3219166409108
 11
2853.220345348688
 21
-129.9878371169907
 72
     1
 10
2853.220345348688
 20
-129.9878371169907
 11
2853.26213908181
 21
-129.6676816161489
 72
     1
 10
2853.26213908181
 20
-129.6676816161489
 11
2853.234298954616
 21
-129.3892981847748
 72
     1
 10
2853.234298954616
 20
-129.3892981847748
 11
2853.081077628013
 21
-129.0134951071814
 72
     1
 10
2853.081077628013
 20
-129.0134951071814
 11
2852.816495792591
 21
-128.6933396063978
 72
     1
 10
2852.816495792591
 20
-128.6933396063978
 11
2852.398692630581
 21
-128.373184105556
 72
     1
 10
2852.398692630581
 20
-128.373184105556
 11
2851.911255608211
 21
-128.0669526279089
 72
     1
 10
2851.911255608211
 20
-128.0669526279089
 11
2851.242757132044
 21
-127.7885691965348
 72
     1
 10
2851.242757132044
 20
-127.7885691965348
 11
2850.681527001434
 21
-127.6254592111218
 72
     1
 10
2850.681527001434
 20
-127.6254592111218
 11
2849.994848586794
 21
-127.4573521024431
 72
     1
 10
2849.994848586794
 20
-127.4573521024431
 11
2849.111947588827
 21
-127.3172871030984
 72
     1
 10
2849.111947588827
 20
-127.3172871030984
 11
2821.674059907499
 21
-123.2078566765995
 97
        1
330
245
 92
       16
 93
        4
 72
     1
 10
2449.413388001529
 20
-221.2337558651925
 11
2436.885196589545
 21
-257.8006664302666
 72
     1
 10
2436.885196589545
 20
-257.8006664302666
 11
2529.765026466194
 21
-257.7532180169364
 72
     1
 10
2529.765026466194
 20
-257.7532180169364
 11
2542.021390901209
 21
-221.4323793869698
 72
     1
 10
2542.021390901209
 20
-221.4323793869698
 11
2449.413388001529
 21
-221.2337558651925
 97
        1
330
244
 92
       16
 93
        4
 72
     1
 10
2471.511002607586
 20
-156.9777366413036
 11
2563.929759726904
 21
-156.8304913094616
 72
     1
 10
2563.929759726904
 20
-156.8304913094616
 11
2550.859054799963
 21
-195.8039776378428
 72
     1
 10
2550.859054799963
 20
-195.8039776378428
 11
2457.997471946452
 21
-195.8947991407476
 72
     1
 10
2457.997471946452
 20
-195.8947991407476
 11
2471.511002607586
 21
-156.9777366413036
 97
        1
330
243
 92
        1
 93
       86
 72
     1
 10
2453.253916778427
 20
-131.5825501509826
 11
2364.724190633511
 21
-391.0568184778676
 72
     1
 10
2364.724190633511
 20
-391.0568184778676
 11
2325.207981162021
 21
-396.3979185055941
 72
     1
 10
2325.207981162021
 20
-396.3979185055941
 11
2323.612574161511
 21
-428.1734126047813
 72
     1
 10
2323.612574161511
 20
-428.1734126047813
 11
2323.636456294728
 21
-428.7273655533791
 72
     1
 10
2323.636456294728
 20
-428.7273655533791
 11
2324.240888935994
 21
-429.8024262810941
 72
     1
 10
2324.240888935994
 20
-429.8024262810941
 11
2324.813657625346
 21
-430.3258628167096
 72
     1
 10
2324.813657625346
 20
-430.3258628167096
 11
2325.353756093158
 21
-430.5712070154259
 72
     1
 10
2325.353756093158
 20
-430.5712070154259
 11
2325.888957381947
 21
-430.6512095038197
 72
     1
 10
2325.888957381947
 20
-430.6512095038197
 11
2326.312596907985
 21
-430.5959985688678
 72
     1
 10
2326.312596907985
 20
-430.5959985688678
 11
2326.920383781442
 21
-430.4118812592933
 72
     1
 10
2326.920383781442
 20
-430.4118812592933
 11
2327.601896678505
 21
-430.0989060910069
 72
     1
 10
2327.601896678505
 20
-430.0989060910069
 11
2328.615008970228
 21
-429.3993573463522
 72
     1
 10
2328.615008970228
 20
-429.3993573463522
 11
2329.94120529489
 21
-428.2211521127028
 72
     1
 10
2329.94120529489
 20
-428.2211521127028
 11
2331.525207905943
 21
-426.4169965424226
 72
     1
 10
2331.525207905943
 20
-426.4169965424226
 11
2333.018109570636
 21
-424.6013427369762
 72
     1
 10
2333.018109570636
 20
-424.6013427369762
 11
2448.511837472557
 21
-401.6124894310487
 72
     1
 10
2448.511837472557
 20
-401.6124894310487
 11
2453.116527427774
 21
-376.2161870782147
 72
     1
 10
2453.116527427774
 20
-376.2161870782147
 11
2392.905174914966
 21
-386.9593714441289
 72
     1
 10
2392.905174914966
 20
-386.9593714441289
 11
2428.255696340726
 21
-283.356876728416
 72
     1
 10
2428.255696340726
 20
-283.356876728416
 11
2455.122425364127
 21
-283.3680353531963
 72
     1
 10
2455.122425364127
 20
-283.3680353531963
 11
2453.947773249966
 21
-290.6213355489308
 72
     1
 10
2453.947773249966
 20
-290.6213355489308
 11
2452.840071610379
 21
-301.6127265434479
 72
     1
 10
2452.840071610379
 20
-301.6127265434479
 11
2451.97736309022
 21
-313.3529582949122
 72
     1
 10
2451.97736309022
 20
-313.3529582949122
 11
2451.97736309022
 21
-327.154624692339
 72
     1
 10
2451.97736309022
 20
-327.154624692339
 11
2452.500019550615
 21
-335.3058060599724
 72
     1
 10
2452.500019550615
 20
-335.3058060599724
 11
2453.847548792023
 21
-346.5067851380445
 72
     1
 10
2453.847548792023
 20
-346.5067851380445
 11
2454.946663597191
 21
-352.7855492609669
 72
     1
 10
2454.946663597191
 20
-352.7855492609669
 11
2457.474077554973
 21
-363.3291397898574
 72
     1
 10
2457.474077554973
 20
-363.3291397898574
 11
2460.887746742927
 21
-373.3583662303863
 72
     1
 10
2460.887746742927
 20
-373.3583662303863
 11
2464.733776460635
 21
-381.5955660406617
 72
     1
 10
2464.733776460635
 20
-381.5955660406617
 11
2467.937873221148
 21
-387.6691084984341
 72
     1
 10
2467.937873221148
 20
-387.6691084984341
 11
2472.113556878816
 21
-394.2588586434722
 72
     1
 10
2472.113556878816
 20
-394.2588586434722
 11
2476.838663769784
 21
-400.6289294268354
 72
     1
 10
2476.838663769784
 20
-400.6289294268354
 11
2483.005151318939
 21
-407.7883516268339
 72
     1
 10
2483.005151318939
 20
-407.7883516268339
 11
2489.158758616468
 21
-414.048631245154
 72
     1
 10
2489.158758616468
 20
-414.048631245154
 11
2495.989853732434
 21
-419.7797009524656
 72
     1
 10
2495.989853732434
 20
-419.7797009524656
 11
2502.802768909926
 21
-424.7220014323248
 72
     1
 10
2502.802768909926
 20
-424.7220014323248
 11
2513.791367745085
 21
-431.0920722156879
 72
     1
 10
2513.791367745085
 20
-431.0920722156879
 11
2539.340286024293
 21
-403.1961408717325
 72
     1
 10
2539.340286024293
 20
-403.1961408717325
 11
2531.036615890742
 21
-398.1852391071734
 72
     1
 10
2531.036615890742
 20
-398.1852391071734
 11
2520.844378862967
 21
-391.42451942357
 72
     1
 10
2520.844378862967
 20
-391.42451942357
 11
2512.697418457494
 21
-385.0042833441985
 72
     1
 10
2512.697418457494
 20
-385.0042833441985
 11
2504.393748323928
 21
-377.6444910551072
 72
     1
 10
2504.393748323928
 20
-377.6444910551072
 11
2498.745489648675
 21
-370.7230386583251
 72
     1
 10
2498.745489648675
 20
-370.7230386583251
 11
2496.144953429059
 21
-367.5182330944226
 72
     1
 10
2496.144953429059
 20
-367.5182330944226
 11
2492.887725630615
 21
-362.8674638169468
 72
     1
 10
2492.887725630615
 20
-362.8674638169468
 11
2490.328446466971
 21
-357.6740457628621
 72
     1
 10
2490.328446466971
 20
-357.6740457628621
 11
2487.381418061778
 21
-350.6978675887221
 72
     1
 10
2487.381418061778
 20
-350.6978675887221
 11
2501.233189497289
 21
-343.8853330733837
 72
     1
 10
2501.233189497289
 20
-343.8853330733837
 11
2518.058890280198
 21
-335.0712808757089
 72
     1
 10
2518.058890280198
 20
-335.0712808757089
 11
2535.266571025306
 21
-325.0818373584771
 72
     1
 10
2535.266571025306
 20
-325.0818373584771
 11
2550.44098329937
 21
-315.4612591651385
 72
     1
 10
2550.44098329937
 20
-315.4612591651385
 11
2554.021223658056
 21
-312.9111737835337
 72
     1
 10
2554.021223658056
 20
-312.9111737835337
 11
2555.560547896283
 21
-313.2380729750148
 72
     1
 10
2555.560547896283
 20
-313.2380729750148
 11
2556.919414442513
 21
-313.4141851841123
 72
     1
 10
2556.919414442513
 20
-313.4141851841123
 11
2558.47872990463
 21
-313.5873379318509
 72
     1
 10
2558.47872990463
 20
-313.5873379318509
 11
2559.603001451236
 21
-313.6082967402181
 72
     1
 10
2559.603001451236
 20
-313.6082967402181
 11
2560.683399640752
 21
-313.5225693921675
 72
     1
 10
2560.683399640752
 20
-313.5225693921675
 11
2561.592262395905
 21
-313.3512117275386
 72
     1
 10
2561.592262395905
 20
-313.3512117275386
 11
2562.449738313852
 21
-313.0598260724801
 72
     1
 10
2562.449738313852
 20
-313.0598260724801
 11
2563.118505128587
 21
-312.7170137116918
 72
     1
 10
2563.118505128587
 20
-312.7170137116918
 11
2563.582261271659
 21
-312.306861475925
 72
     1
 10
2563.582261271659
 20
-312.306861475925
 11
2563.871798594599
 21
-311.8824456066941
 72
     1
 10
2563.871798594599
 20
-311.8824456066941
 11
2564.161335917539
 21
-311.361580406432
 72
     1
 10
2564.161335917539
 20
-311.361580406432
 11
2564.29644439029
 21
-310.8214544494404
 72
     1
 10
2564.29644439029
 20
-310.8214544494404
 11
2564.372652545732
 21
-310.3374612267944
 72
     1
 10
2564.372652545732
 20
-310.3374612267944
 11
2564.387947844545
 21
-309.6500414221664
 72
     1
 10
2564.387947844545
 20
-309.6500414221664
 11
2564.265652538772
 21
-308.8098454890423
 72
     1
 10
2564.265652538772
 20
-308.8098454890423
 11
2564.082243122423
 21
-308.0613443424227
 72
     1
 10
2564.082243122423
 20
-308.0613443424227
 11
2563.929424303686
 21
-307.5572170793894
 72
     1
 10
2563.929424303686
 20
-307.5572170793894
 11
2546.08423818789
 21
-288.7127740629367
 72
     1
 10
2546.08423818789
 20
-288.7127740629367
 11
2540.335285462177
 21
-293.1304736289894
 72
     1
 10
2540.335285462177
 20
-293.1304736289894
 11
2529.705589471734
 21
-300.7090719960979
 72
     1
 10
2529.705589471734
 20
-300.7090719960979
 11
2510.24695058621
 21
-313.1071289385436
 72
     1
 10
2510.24695058621
 20
-313.1071289385436
 11
2498.627689014044
 21
-319.5701074025128
 72
     1
 10
2498.627689014044
 20
-319.5701074025128
 11
2479.92046522451
 21
-329.0950125169475
 72
     1
 10
2479.92046522451
 20
-329.0950125169475
 11
2479.701031354416
 21
-326.524065358506
 72
     1
 10
2479.701031354416
 20
-326.524065358506
 11
2478.910505911059
 21
-317.6069656864274
 72
     1
 10
2478.910505911059
 20
-317.6069656864274
 11
2478.455336602405
 21
-309.9744177940884
 72
     1
 10
2478.455336602405
 20
-309.9744177940884
 11
2478.172843167064
 21
-300.7577333034715
 72
     1
 10
2478.172843167064
 20
-300.7577333034715
 11
2478.510815602873
 21
-292.2783913346357
 72
     1
 10
2478.510815602873
 20
-292.2783913346357
 11
2478.906078324566
 21
-286.2395861611003
 72
     1
 10
2478.906078324566
 20
-286.2395861611003
 11
2479.35782631638
 21
-283.2484440046246
 72
     1
 10
2479.35782631638
 20
-283.2484440046246
 11
2548.126093493353
 21
-283.0047978574294
 72
     1
 10
2548.126093493353
 20
-283.0047978574294
 11
2599.728540743003
 21
-131.2864584671333
 72
     1
 10
2599.728540743003
 20
-131.2864584671333
 11
2453.253916778427
 21
-131.5825501509826
 97
        1
330
242
 92
        1
 93
       56
 72
     1
 10
2333.413506461599
 20
-134.1314226385439
 11
2233.51709242868
 21
-428.6396005434217
 72
     1
 10
2233.51709242868
 20
-428.6396005434217
 11
2260.331025837368
 21
-428.6769576786901
 72
     1
 10
2260.331025837368
 20
-428.6769576786901
 11
2351.80194402345
 21
-159.4465581247932
 72
     1
 10
2351.80194402345
 20
-159.4465581247932
 11
2397.675563940546
 21
-159.4509245431982
 72
     1
 10
2397.675563940546
 20
-159.4509245431982
 11
2342.876533410512
 21
-241.4778300442849
 72
     1
 10
2342.876533410512
 20
-241.4778300442849
 11
2347.481357535027
 21
-253.3370224394603
 72
     1
 10
2347.481357535027
 20
-253.3370224394603
 11
2349.604049836344
 21
-260.3463368777302
 72
     1
 10
2349.604049836344
 20
-260.3463368777302
 11
2351.184027368756
 21
-266.899651686952
 72
     1
 10
2351.184027368756
 20
-266.899651686952
 11
2352.210959097123
 21
-274.1808969604899
 72
     1
 10
2352.210959097123
 20
-274.1808969604899
 11
2353.001954132982
 21
-283.9071909949998
 72
     1
 10
2353.001954132982
 20
-283.9071909949998
 11
2352.306286376057
 21
-294.8570524989045
 72
     1
 10
2352.306286376057
 20
-294.8570524989045
 11
2351.150485046834
 21
-303.7435872421484
 72
     1
 10
2351.150485046834
 20
-303.7435872421484
 11
2347.903454114247
 21
-317.4099917004933
 72
     1
 10
2347.903454114247
 20
-317.4099917004933
 11
2343.471708370926
 21
-329.2056769657065
 72
     1
 10
2343.471708370926
 20
-329.2056769657065
 11
2339.894620990497
 21
-334.528826162219
 72
     1
 10
2339.894620990497
 20
-334.528826162219
 11
2335.681571186186
 21
-338.5012965979404
 72
     1
 10
2335.681571186186
 20
-338.5012965979404
 11
2332.104483805772
 21
-340.7258897451102
 72
     1
 10
2332.104483805772
 20
-340.7258897451102
 11
2329.083863546243
 21
-341.838162060827
 72
     1
 10
2329.083863546243
 20
-341.838162060827
 11
2325.983680899081
 21
-342.4737670337199
 72
     1
 10
2325.983680899081
 20
-342.4737670337199
 11
2297.743259623152
 21
-342.5552735106321
 72
     1
 10
2297.743259623152
 20
-342.5552735106321
 11
2294.844196738326
 21
-370.7693226934643
 72
     1
 10
2294.844196738326
 20
-370.7693226934643
 11
2324.699613730773
 21
-370.8196820524172
 72
     1
 10
2324.699613730773
 20
-370.8196820524172
 11
2326.562956798909
 21
-370.7877586823306
 72
     1
 10
2326.562956798909
 20
-370.7877586823306
 11
2329.306852902461
 21
-370.474298356392
 72
     1
 10
2329.306852902461
 20
-370.474298356392
 11
2331.506424205669
 21
-370.1399277378805
 72
     1
 10
2331.506424205669
 20
-370.1399277378805
 11
2334.054366064491
 21
-369.55225633597
 72
     1
 10
2334.054366064491
 20
-369.55225633597
 11
2337.48936816919
 21
-368.4722470007255
 72
     1
 10
2337.48936816919
 20
-368.4722470007255
 11
2340.590221662773
 21
-367.1374814092997
 72
     1
 10
2340.590221662773
 20
-367.1374814092997
 11
2342.631339037165
 21
-366.0775575987063
 72
     1
 10
2342.631339037165
 20
-366.0775575987063
 11
2345.045245777525
 21
-364.5858435233822
 72
     1
 10
2345.045245777525
 20
-364.5858435233822
 11
2348.067207729939
 21
-362.487003226357
 72
     1
 10
2348.067207729939
 20
-362.487003226357
 11
2350.324538911504
 21
-360.6032332937466
 72
     1
 10
2350.324538911504
 20
-360.6032332937466
 11
2354.014261408986
 21
-357.1172303843778
 72
     1
 10
2354.014261408986
 20
-357.1172303843778
 11
2358.684157638054
 21
-351.7457109750831
 72
     1
 10
2358.684157638054
 20
-351.7457109750831
 11
2362.650939714717
 21
-346.0726176010212
 72
     1
 10
2362.650939714717
 20
-346.0726176010212
 11
2367.217324338286
 21
-338.4248842758243
 72
     1
 10
2367.217324338286
 20
-338.4248842758243
 11
2371.40528448578
 21
-329.572067985835
 72
     1
 10
2371.40528448578
 20
-329.572067985835
 11
2375.256077213199
 21
-320.4632340298849
 72
     1
 10
2375.256077213199
 20
-320.4632340298849
 11
2377.370920611196
 21
-314.4763407196733
 72
     1
 10
2377.370920611196
 20
-314.4763407196733
 11
2379.308392210806
 21
-307.1426499094814
 72
     1
 10
2379.308392210806
 20
-307.1426499094814
 11
2380.900780402328
 21
-297.953037212952
 72
     1
 10
2380.900780402328
 20
-297.953037212952
 11
2381.494278246654
 21
-286.6229576973128
 72
     1
 10
2381.494278246654
 20
-286.6229576973128
 11
2381.135576655885
 21
-277.4705080730491
 72
     1
 10
2381.135576655885
 20
-277.4705080730491
 11
2380.172710762418
 21
-269.6795562240295
 72
     1
 10
2380.172710762418
 20
-269.6795562240295
 11
2378.934931998374
 21
-263.0057767825201
 72
     1
 10
2378.934931998374
 20
-263.0057767825201
 11
2376.628159434273
 21
-253.628699189052
 72
     1
 10
2376.628159434273
 20
-253.628699189052
 11
2373.851056432002
 21
-245.0306391553022
 72
     1
 10
2373.851056432002
 20
-245.0306391553022
 11
2371.050406719718
 21
-237.5145776029094
 72
     1
 10
2371.050406719718
 20
-237.5145776029094
 11
2374.785478436447
 21
-232.3760793893016
 72
     1
 10
2374.785478436447
 20
-232.3760793893016
 11
2389.80687063784
 21
-211.5010092345183
 72
     1
 10
2389.80687063784
 20
-211.5010092345183
 11
2409.538342769971
 21
-183.6381656389567
 72
     1
 10
2409.538342769971
 20
-183.6381656389567
 11
2433.113832080475
 21
-149.986664128839
 72
     1
 10
2433.113832080475
 20
-149.986664128839
 11
2438.526422401832
 21
-145.9703354460071
 72
     1
 10
2438.526422401832
 20
-145.9703354460071
 11
2417.492233570389
 21
-128.5365366697661
 72
     1
 10
2417.492233570389
 20
-128.5365366697661
 11
2414.366424589273
 21
-133.9734068079269
 72
     1
 10
2414.366424589273
 20
-133.9734068079269
 11
2333.413506461599
 21
-134.1314226385439
 97
        1
330
241
 92
       16
 93
        4
 72
     1
 10
2016.57561810434
 20
-303.3497363017523
 11
2133.864195653005
 21
-303.3684148694156
 72
     1
 10
2133.864195653005
 20
-303.3684148694156
 11
2123.437967387407
 21
-333.0965924087213
 72
     1
 10
2123.437967387407
 20
-333.0965924087213
 11
2006.360706466949
 21
-333.0653967749677
 72
     1
 10
2006.360706466949
 20
-333.0653967749677
 11
2016.57561810434
 21
-303.3497363017523
 97
        1
330
240
 92
       16
 93
        4
 72
     1
 10
2034.364318950015
 20
-251.0062282934668
 11
2151.349472654445
 21
-250.9699385049171
 72
     1
 10
2151.349472654445
 20
-250.9699385049171
 11
2142.203152309245
 21
-277.9245185559266
 72
     1
 10
2142.203152309245
 20
-277.9245185559266
 11
2025.059678845268
 21
-277.9335910030641
 72
     1
 10
2025.059678845268
 20
-277.9335910030641
 11
2034.364318950015
 21
-251.0062282934668
 97
        1
330
23F
 92
        1
 93
       84
 72
     1
 10
2060.144545081305
 20
-169.3502257781802
 11
2072.697289472912
 21
-144.4209361319081
 72
     1
 10
2072.697289472912
 20
-144.4209361319081
 11
2082.709135893325
 21
-120.4801065815846
 72
     1
 10
2082.709135893325
 20
-120.4801065815846
 11
2115.43980072203
 21
-127.2426213482977
 72
     1
 10
2115.43980072203
 20
-127.2426213482977
 11
2115.911607022368
 21
-128.0726289718295
 72
     1
 10
2115.911607022368
 20
-128.0726289718295
 11
2116.257830869377
 21
-129.0879182831268
 72
     1
 10
2116.257830869377
 20
-129.0879182831268
 11
2116.353426486894
 21
-129.8525751778507
 72
     1
 10
2116.353426486894
 20
-129.8525751778507
 11
2116.307943098364
 21
-130.2423022785806
 72
     1
 10
2116.307943098364
 20
-130.2423022785806
 11
2116.118630233366
 21
-130.8856697730953
 72
     1
 10
2116.118630233366
 20
-130.8856697730953
 11
2115.418132382067
 21
-131.8507452727063
 72
     1
 10
2115.418132382067
 20
-131.8507452727063
 11
2114.566157404916
 21
-132.4184281814378
 72
     1
 10
2114.566157404916
 20
-132.4184281814378
 11
2113.427663913812
 21
-132.9701979209203
 72
     1
 10
2113.427663913812
 20
-132.9701979209203
 11
2112.102406774153
 21
-133.3675419960055
 72
     1
 10
2112.102406774153
 20
-133.3675419960055
 11
2110.531083160808
 21
-133.7298091765842
 72
     1
 10
2110.531083160808
 20
-133.7298091765842
 11
2109.771819161484
 21
-133.8629364222288
 72
     1
 10
2109.771819161484
 20
-133.8629364222288
 11
2109.079170213518
 21
-133.9694285155856
 72
     1
 10
2109.079170213518
 20
-133.9694285155856
 11
2096.453370644726
 21
-157.9130234642653
 72
     1
 10
2096.453370644726
 20
-157.9130234642653
 11
2090.48411194855
 21
-169.0556380829657
 72
     1
 10
2090.48411194855
 20
-169.0556380829657
 11
2251.872323091812
 21
-168.9074709516717
 72
     1
 10
2251.872323091812
 20
-168.9074709516717
 11
2243.432873639075
 21
-194.4796429348062
 72
     1
 10
2243.432873639075
 20
-194.4796429348062
 11
2076.355817611009
 21
-194.355588136299
 72
     1
 10
2076.355817611009
 20
-194.355588136299
 11
2068.159147484417
 21
-207.5328567014076
 72
     1
 10
2068.159147484417
 20
-207.5328567014076
 11
2060.843365816487
 21
-217.0200650702463
 72
     1
 10
2060.843365816487
 20
-217.0200650702463
 11
2053.391603575437
 21
-225.7356787907192
 72
     1
 10
2053.391603575437
 20
-225.7356787907192
 11
2092.42695031967
 21
-225.739268956997
 72
     1
 10
2092.42695031967
 20
-225.739268956997
 11
2146.598806514172
 21
-225.585862123582
 72
     1
 10
2146.598806514172
 20
-225.585862123582
 11
2186.711398469663
 21
-225.9028155842097
 72
     1
 10
2186.711398469663
 20
-225.9028155842097
 11
2141.632664497767
 21
-359.2312075985246
 72
     1
 10
2141.632664497767
 20
-359.2312075985246
 11
2127.36879209496
 21
-400.9493275064742
 72
     1
 10
2127.36879209496
 20
-400.9493275064742
 11
2125.354038985621
 21
-406.9903644049773
 72
     1
 10
2125.354038985621
 20
-406.9903644049773
 11
2122.844804966328
 21
-411.7338958157343
 72
     1
 10
2122.844804966328
 20
-411.7338958157343
 11
2120.388970323533
 21
-415.5910442897584
 72
     1
 10
2120.388970323533
 20
-415.5910442897584
 11
2117.582350077952
 21
-418.7468974517542
 72
     1
 10
2117.582350077952
 20
-418.7468974517542
 11
2115.33702704763
 21
-420.6404190521571
 72
     1
 10
2115.33702704763
 20
-420.6404190521571
 11
2112.179554114613
 21
-422.7443049882422
 72
     1
 10
2112.179554114613
 20
-422.7443049882422
 11
2108.250205269229
 21
-424.2170494013699
 72
     1
 10
2108.250205269229
 20
-424.2170494013699
 11
2105.86454116393
 21
-425.0586037758039
 72
     1
 10
2105.86454116393
 20
-425.0586037758039
 11
2103.057920918349
 21
-425.6196400254266
 72
     1
 10
2103.057920918349
 20
-425.6196400254266
 11
2099.479424760415
 21
-425.9702634235146
 72
     1
 10
2099.479424760415
 20
-425.9702634235146
 11
2066.312776831183
 21
-426.1346348187071
 72
     1
 10
2066.312776831183
 20
-426.1346348187071
 11
2068.365499848966
 21
-400.4523805758799
 72
     1
 10
2068.365499848966
 20
-400.4523805758799
 11
2083.653754763655
 21
-400.4523805758799
 72
     1
 10
2083.653754763655
 20
-400.4523805758799
 11
2096.364282237672
 21
-400.4523805758799
 72
     1
 10
2096.364282237672
 20
-400.4523805758799
 11
2097.291123677365
 21
-400.2906290317769
 72
     1
 10
2097.291123677365
 20
-400.2906290317769
 11
2098.529372033925
 21
-399.8884333806927
 72
     1
 10
2098.529372033925
 20
-399.8884333806927
 11
2099.860465537582
 21
-399.1149466176284
 72
     1
 10
2099.860465537582
 20
-399.1149466176284
 11
2100.915304477792
 21
-397.9971920210519
 72
     1
 10
2100.915304477792
 20
-397.9971920210519
 11
2101.751112055761
 21
-396.8524141460657
 72
     1
 10
2101.751112055761
 20
-396.8524141460657
 11
2102.215404875984
 21
-395.7695423809928
 72
     1
 10
2102.215404875984
 20
-395.7695423809928
 11
2107.382532485412
 21
-380.8496362293372
 72
     1
 10
2107.382532485412
 20
-380.8496362293372
 11
2112.119110850486
 21
-366.7125803824747
 72
     1
 10
2112.119110850486
 20
-366.7125803824747
 11
2114.879308522504
 21
-358.7497857112321
 72
     1
 10
2114.879308522504
 20
-358.7497857112321
 11
2087.309733685281
 21
-358.9522419780842
 72
     1
 10
2087.309733685281
 20
-358.9522419780842
 11
2047.64258376509
 21
-358.8572481198353
 72
     1
 10
2047.64258376509
 20
-358.8572481198353
 11
2016.892794300569
 21
-358.64945511939
 72
     1
 10
2016.892794300569
 20
-358.64945511939
 11
1997.713697126063
 21
-358.6770120711299
 72
     1
 10
1997.713697126063
 20
-358.6770120711299
 11
1987.441830626005
 21
-388.9171279108268
 72
     1
 10
1987.441830626005
 20
-388.9171279108268
 11
1980.154492847069
 21
-410.8695875498233
 72
     1
 10
1980.154492847069
 20
-410.8695875498233
 11
1973.445491782943
 21
-430.0475279010716
 72
     1
 10
1973.445491782943
 20
-430.0475279010716
 11
1963.490935648399
 21
-430.0800334603409
 72
     1
 10
1963.490935648399
 20
-430.0800334603409
 11
1955.042161430145
 21
-430.0809067439986
 72
     1
 10
1955.042161430145
 20
-430.0809067439986
 11
1946.544147083303
 21
-430.0688748355024
 72
     1
 10
1946.544147083303
 20
-430.0688748355024
 11
1949.253226256697
 21
-422.3274090617779
 72
     1
 10
1949.253226256697
 20
-422.3274090617779
 11
1960.385453314375
 21
-389.6179865809972
 72
     1
 10
1960.385453314375
 20
-389.6179865809972
 11
1973.231625938293
 21
-351.4757692859275
 72
     1
 10
1973.231625938293
 20
-351.4757692859275
 11
1987.620745371212
 21
-309.44152068533
 72
     1
 10
1987.620745371212
 20
-309.44152068533
 11
1994.025115067518
 21
-290.5632621840923
 72
     1
 10
1994.025115067518
 20
-290.5632621840923
 11
1997.010515889007
 21
-281.8656478106859
 72
     1
 10
1997.010515889007
 20
-281.8656478106859
 11
1982.021659739898
 21
-293.2448252755567
 72
     1
 10
1982.021659739898
 20
-293.2448252755567
 11
1967.777308968463
 21
-303.3120395562146
 72
     1
 10
1967.777308968463
 20
-303.3120395562146
 11
1950.173694655241
 21
-314.5957380052423
 72
     1
 10
1950.173694655241
 20
-314.5957380052423
 11
1931.472038891152
 21
-325.8266513072886
 72
     1
 10
1931.472038891152
 20
-325.8266513072886
 11
1919.57994407235
 21
-332.2267533461563
 72
     1
 10
1919.57994407235
 20
-332.2267533461563
 11
1909.262795437695
 21
-337.2723923950107
 72
     1
 10
1909.262795437695
 20
-337.2723923950107
 11
1902.922424491641
 21
-308.8362380625331
 72
     1
 10
1902.922424491641
 20
-308.8362380625331
 11
1936.731340801256
 21
-291.9764292438631
 72
     1
 10
1936.731340801256
 20
-291.9764292438631
 11
1968.279571697116
 21
-271.0728803379461
 72
     1
 10
1968.279571697116
 20
-271.0728803379461
 11
1988.532492766041
 21
-255.9717193066026
 72
     1
 10
1988.532492766041
 20
-255.9717193066026
 11
2011.006586393502
 21
-235.1940687980969
 72
     1
 10
2011.006586393502
 20
-235.1940687980969
 11
2025.968273261853
 21
-218.7572203758755
 72
     1
 10
2025.968273261853
 20
-218.7572203758755
 11
2036.688198098302
 21
-205.3188885056879
 72
     1
 10
2036.688198098302
 20
-205.3188885056879
 11
2044.102325854154
 21
-194.5518343858421
 72
     1
 10
2044.102325854154
 20
-194.5518343858421
 11
1954.091974534385
 21
-194.5888033949886
 72
     1
 10
1954.091974534385
 20
-194.5888033949886
 11
1962.629032143974
 21
-168.9394428375526
 72
     1
 10
1962.629032143974
 20
-168.9394428375526
 11
2060.144545081305
 21
-169.3502257781802
 97
        1
330
23E
 75
     0
 76
     1
 98
        1
 10
130654.3852641379
 20
314551.2273301992
  0
ENDBLK
  5
256
330
231
100
AcDbEntity
  8
0
100
AcDbBlockEnd
  0
BLOCK
  5
2EA
330
2E9
100
AcDbEntity
  8
0
100
AcDbBlockBegin
  2
ê}ñ òg
 70
     2
 10
0.0
 20
0.0
 30
0.0
  3
ê}ñ òg
  1

  0
LINE
  5
317
330
2E9
100
AcDbEntity
  8
ê}ñ òg
100
AcDbLine
 10
499.9999999999999
 20
500.0
 30
0.0
 11
20500.0
 21
500.0
 31
0.0
  0
LINE
  5
318
330
2E9
100
AcDbEntity
  8
ê}ñ òg
100
AcDbLine
 10
20500.0
 20
500.0
 30
0.0
 11
20500.0
 21
14350.0
 31
0.0
  0
LINE
  5
319
330
2E9
100
AcDbEntity
  8
ê}ñ òg
100
AcDbLine
 10
20500.0
 20
14350.0
 30
0.0
 11
500.0
 21
14350.0
 31
0.0
  0
LINE
  5
31A
330
2E9
100
AcDbEntity
  8
ê}ñ òg
100
AcDbLine
 10
500.0
 20
14350.0
 30
0.0
 11
499.9999999999999
 21
500.0
 31
0.0
  0
LINE
  5
31B
330
2E9
100
AcDbEntity
  8
ê}ñ òg
100
AcDbLine
 10
499.9999999999999
 20
1200.0
 30
0.0
 11
20500.0
 21
1200.0
 31
0.0
  0
LINE
  5
31C
330
2E9
100
AcDbEntity
  8
0
100
AcDbLine
 10
799.9999999999999
 20
1200.0
 30
0.0
 11
799.9999999999998
 21
500.0
 31
0.0
  0
LINE
  5
31D
330
2E9
100
AcDbEntity
  8
0
100
AcDbLine
 10
5000.0
 20
1200.0
 30
0.0
 11
5000.0
 21
500.0
 31
0.0
  0
LINE
  5
31E
330
2E9
100
AcDbEntity
  8
0
100
AcDbLine
 10
799.9999999999999
 20
1025.0
 30
0.0
 11
5000.0
 21
1025.0
 31
0.0
  0
LINE
  5
31F
330
2E9
100
AcDbEntity
  8
0
100
AcDbLine
 10
799.9999999999999
 20
850.0
 30
0.0
 11
5000.0
 21
850.0
 31
0.0
  0
LINE
  5
320
330
2E9
100
AcDbEntity
  8
0
100
AcDbLine
 10
799.9999999999999
 20
675.0
 30
0.0
 11
5000.0
 21
675.0
 31
0.0
  0
LINE
  5
321
330
2E9
100
AcDbEntity
  8
0
100
AcDbLine
 10
8255.57688072347
 20
1200.0
 30
0.0
 11
8255.57688072347
 21
500.0
 31
0.0
  0
LINE
  5
322
330
2E9
100
AcDbEntity
  8
0
100
AcDbLine
 10
13600.0
 20
1200.0
 30
0.0
 11
13600.0
 21
500.0
 31
0.0
  0
LINE
  5
323
330
2E9
100
AcDbEntity
  8
0
100
AcDbLine
 10
14250.0
 20
1200.0
 30
0.0
 11
14250.0
 21
500.0
 31
0.0
  0
LINE
  5
324
330
2E9
100
AcDbEntity
  8
0
100
AcDbLine
 10
15550.0
 20
1200.0
 30
0.0
 11
15550.0
 21
500.0
 31
0.0
  0
LINE
  5
325
330
2E9
100
AcDbEntity
  8
0
100
AcDbLine
 10
19550.0
 20
1200.0
 30
0.0
 11
19550.0
 21
500.0
 31
0.0
  0
LINE
  5
326
330
2E9
100
AcDbEntity
  8
0
100
AcDbLine
 10
14250.0
 20
850.0
 30
0.0
 11
19550.0
 21
850.0
 31
0.0
  0
LINE
  5
327
330
2E9
100
AcDbEntity
  8
0
100
AcDbLine
 10
13600.0
 20
980.0
 30
0.0
 11
14250.0
 21
980.0
 31
0.0
  0
MTEXT
  5
328
330
2E9
100
AcDbEntity
  8
0
100
AcDbMText
 10
598.9688322453585
 20
1104.100638206783
 30
0.0
 40
80.0
 41
141.6768607954364
 71
     1
 72
     5
  1
ì¡\P\PãL
 73
     1
 44
1.0
  0
MTEXT
  5
329
330
2E9
100
AcDbEntity
  8
0
100
AcDbMText
 10
13743.51352319335
 20
1148.567944607279
 30
0.0
 40
80.0
 41
460.1150899061613
 71
     1
 72
     5
  1
çÏÅ@ê¨
 73
     1
 44
1.0
  0
MTEXT
  5
32A
330
2E9
100
AcDbEntity
  8
0
100
AcDbMText
 10
14283.37835643629
 20
1173.549288271366
 30
0.0
 40
80.0
 41
460.1150899061613
 71
     1
 72
     5
  1
ÇcÇ`ÇsÇd
 73
     1
 44
1.0
  0
MTEXT
  5
32B
330
2E9
100
AcDbEntity
  8
0
100
AcDbMText
 10
14283.37835643629
 20
813.0918093758228
 30
0.0
 40
80.0
 41
460.1150899061613
 71
     1
 72
     5
  1
èkÅ@é⁄
 73
     1
 44
1.0
  0
MTEXT
  5
32C
330
2E9
100
AcDbEntity
  8
0
100
AcDbMText
 10
15612.96156891585
 20
1173.549288271366
 30
0.0
 40
80.0
 41
460.1150899061613
 71
     1
 72
     5
  1
ñºÅ@èÃÅF
 73
     1
 44
1.0
  0
MTEXT
  5
32D
330
2E9
100
AcDbEntity
  8
0
100
AcDbMText
 10
15612.96156891585
 20
813.0918093758228
 30
0.0
 40
80.0
 41
460.1150899061613
 71
     1
 72
     5
  1
ê}ñ ñºÅF
 73
     1
 44
1.0
  0
MTEXT
  5
32E
330
2E9
100
AcDbEntity
  8
0
100
AcDbMText
 10
19747.02519375056
 20
1173.549288271366
 30
0.0
 40
80.0
 41
460.1150899061613
 71
     1
 72
     5
  1
ê}ñ î‘çÜ
 73
     1
 44
1.0
  0
INSERT
  5
32F
330
2E9
100
AcDbEntity
  8
0
100
AcDbBlockReference
  2
Technoline
 10
9527.788385287837
 20
921.7757277898563
 30
0.0
 41
0.4499999999970896
 42
0.4500000000116415
  0
MTEXT
  5
330
330
2E9
100
AcDbEntity
  8
0
100
AcDbMText
 10
6307.557503632663
 20
1175.477147836195
 30
0.0
 40
80.0
 41
785.5600896265751
 71
     1
 72
     5
  1
éÛóÃàÛ
  7
MSÉSÉVÉbÉN
 73
     1
 44
1.0
  0
ATTDEF
  5
331
330
2E9
100
AcDbEntity
  8
0
100
AcDbText
 10
19809.48558972182
 20
758.5130496497477
 30
0.0
 40
80.0
  1
00000
  7
MSÉSÉVÉbÉN
100
AcDbAttributeDefinition
  3

  2
ê}ñ î‘çÜ
 70
     0
  0
ATTDEF
  5
332
330
2E9
100
AcDbEntity
  8
0
100
AcDbText
 10
13739.87705498486
 20
693.8565626466916
 30
0.0
 40
80.0
  1
Ç®Ç»Ç‹Ç¶
  7
MSÉSÉVÉbÉN
100
AcDbAttributeDefinition
  3

  2
çÏê¨
 70
     0
  0
ATTDEF
  5
333
330
2E9
100
AcDbEntity
  8
0
100
AcDbText
 10
14871.21703102868
 20
628.7518225776039
 30
0.0
 40
80.0
  1
1/50(A3)
  7
MSÉSÉVÉbÉN
100
AcDbAttributeDefinition
  3

  2
èké⁄
 70
     0
  0
ATTDEF
  5
334
330
2E9
100
AcDbEntity
  8
0
100
AcDbText
 10
14840.39969992238
 20
959.5617166021912
 30
0.0
 40
80.0
  1
0000ÅE00ÅE00
  7
MSÉSÉVÉbÉN
100
AcDbAttributeDefinition
  3

  2
DATE
 70
     0
  0
ATTDEF
  5
335
330
2E9
100
AcDbEntity
  8
0
100
AcDbText
 10
17548.33215505942
 20
638.9573981972753
 30
0.0
 40
80.0
  1
****ê}
  7
MSÉSÉVÉbÉN
100
AcDbAttributeDefinition
  3

  2
ê}ñ ñº
 70
     0
  0
ATTDEF
  5
336
330
2E9
100
AcDbEntity
  8
0
100
AcDbText
 10
17589.61405397653
 20
976.0068561776825
 30
0.0
 40
80.0
  1
êVízçHéñ
  7
MSÉSÉVÉbÉN
100
AcDbAttributeDefinition
  3

  2
ñºèÃ
 70
     0
  0
ENDBLK
  5
2EB
330
2E9
100
AcDbEntity
  8
0
100
AcDbBlockEnd
  0
BLOCK
  5
F50
330
F4E
100
AcDbEntity
  8
0
100
AcDbBlockBegin
  2
_ArchTick
 70
     0
 10
0.0
 20
0.0
 30
0.0
  3
_ArchTick
  1

  0
LWPOLYLINE
  5
F4F
330
F4E
100
AcDbEntity
  8
0
  6
ByBlock
 62
     0
100
AcDbPolyline
 90
        2
 70
     0
 43
0.15
 10
-0.5
 20
-0.5
 10
0.5
 20
0.5
  0
ENDBLK
  5
F51
330
F4E
100
AcDbEntity
  8
0
100
AcDbBlockEnd
  0
BLOCK
  5
104F
330
104E
100
AcDbEntity
  8
0
100
AcDbBlockBegin
  2
_NONE
 70
     0
 10
0.0
 20
0.0
 30
0.0
  3
_NONE
  1

  0
ENDBLK
  5
1050
330
104E
100
AcDbEntity
  8
0
100
AcDbBlockEnd
  0
BLOCK
  5
22C8
330
22C7
100
AcDbEntity
  8
0
100
AcDbBlockBegin
  2
*Paper_Space6
 70
     0
 10
0.0
 20
0.0
 30
0.0
  3
*Paper_Space6
  1

  0
VIEWPORT
  5
22C9
102
{ACAD_XDICTIONARY
360
22CA
102
}
330
22C7
100
AcDbEntity
  8
0
100
AcDbViewport
 10
300.0646519442139
 20
209.8110803744351
 30
0.0
 40
1108.590400186517
 41
476.1780747935341
 68
     1
 69
     1
 12
300.0646519442139
 22
209.8110803744351
 13
0.0
 23
0.0
 14
10.0
 24
10.0
 15
10.0
 25
10.0
 16
0.0
 26
0.0
 36
1.0
 17
0.0
 27
0.0
 37
0.0
 42
50.0
 43
0.0
 44
0.0
 45
476.1780747935341
 50
0.0
 51
0.0
 72
  1000
 90
   819232
  1

281
     0
 71
     1
 74
     0
110
0.0
120
0.0
130
0.0
111
1.0
121
0.0
131
0.0
112
0.0
122
1.0
132
0.0
 79
     0
146
0.0
  0
LWPOLYLINE
  5
22CC
330
22C7
100
AcDbEntity
  8
ópéÜ
100
AcDbPolyline
 90
        4
 70
     1
 43
0.0
 10
0.0
 20
297.0
 10
420.0
 20
297.0
 10
420.0
 20
0.0
 10
0.0
 20
0.0
  0
INSERT
  5
22CD
330
22C7
100
AcDbEntity
  8
0
100
AcDbBlockReference
 66
     1
  2
ê}ñ òg
 10
0.0
 20
0.0
 30
0.0
 41
0.02
 42
0.02
 43
0.02
  0
ATTRIB
  5
22CE
330
22CD
100
AcDbEntity
  8
0
100
AcDbText
 10
398.9682635050991
 20
15.17026099299255
 30
0.0
 40
1.6
  1
01
  7
M-pro
 72
     1
 11
400.5352738143774
 21
15.17026099299255
 31
0.0
100
AcDbAttribute
  2
ê}ñ î‘çÜ
 70
     0
  0
ATTRIB
  5
22CF
330
22CD
100
AcDbEntity
  8
0
100
AcDbText
 10
273.0478608124449
 20
13.87713125293158
 30
0.0
 40
1.6
  1
írìcÅ@è´ëÂ
  7
M-pro
 72
     1
 11
278.3262113279088
 21
13.87713125293158
 31
0.0
100
AcDbAttribute
  2
çÏê¨
 70
     0
  0
ATTRIB
  5
22D0
330
22CD
100
AcDbEntity
  8
0
100
AcDbText
 10
295.424386362674
 20
11.81627356495363
 30
0.0
 40
1.6
  1
1/100(A3)
  7
M-pro
 72
     4
 11
301.4903657441173
 21
12.57503645155157
 31
0.0
100
AcDbAttribute
  2
èké⁄
 70
     0
  0
ATTRIB
  5
22D1
330
22CD
100
AcDbEntity
  8
0
100
AcDbText
 10
290.1465351785103
 20
18.43659515678594
 30
0.0
 40
1.6
  1
2025ÅE12ÅE06
  7
M-pro
 72
     4
 11
298.5259166218093
 21
19.19123433204368
 31
0.0
100
AcDbAttribute
  2
DATE
 70
     0
  0
ATTRIB
  5
22D2
330
22CD
100
AcDbEntity
  8
0
100
AcDbText
 10
331.5351234872059
 20
12.77914796394543
 30
0.0
 40
2.0
  1
çYêcà íuèoÇµäÆóπê}ÅEé©éÂåüç∏
  7
M-pro
 72
     1
 11
350.0093502913296
 21
12.77914796394543
 31
0.0
100
AcDbAttribute
  2
ê}ñ ñº
 70
     0
  0
ATTRIB
  5
22D3
330
22CD
100
AcDbEntity
  8
0
100
AcDbText
 10
324.2966911135431
 20
19.52013712355256
 30
0.0
 40
2.0
  1
ä÷êºçHã@êÆîıáä∏ﬁ◊Ã®Ø∏ª≤›æ›¿∞ëùízçHéñPJ
  7
M-pro
 72
     1
 11
349.8379282269452
 21
19.52013712355256
 31
0.0
100
AcDbAttribute
  2
ñºèÃ
 70
     0
  0
SEQEND
  5
22D4
330
22CD
100
AcDbEntity
  8
0
  0
VIEWPORT
  5
22D5
102
{ACAD_XDICTIONARY
360
22D6
102
}
330
22C7
100
AcDbEntity
  8
ópéÜ
100
AcDbViewport
 10
207.9152169084745
 20
157.0554837402447
 30
0.0
 40
387.6611821078279
 41
250.8884666991841
 68
     2
 69
     2
 12
46175.58231233078
 22
5413.697443255995
 13
0.0
 23
0.0
 14
10.0
 24
10.0
 15
10.0
 25
10.0
 16
0.0
 26
0.0
 36
1.0
 17
0.0
 27
0.0
 37
0.0
 42
50.0
 43
0.0
 44
0.0
 45
25088.84701286358
 50
0.0
 51
0.0
 72
  1000
 90
   819296
  1

281
     0
 71
     1
 74
     0
110
0.0
120
0.0
130
0.0
111
1.0
121
0.0
131
0.0
112
0.0
122
1.0
132
0.0
 79
     0
146
0.0
  0
VIEWPORT
  5
22D8
102
{ACAD_XDICTIONARY
360
22D9
102
}
330
22C7
100
AcDbEntity
  8
ópéÜ
100
AcDbViewport
 10
36.57923555805226
 20
49.92163043876958
 30
0.0
 40
47.7913856217458
 41
40.57143819900102
 68
     3
 69
     3
 12
-31751.01026402935
 22
-7883.819761001577
 13
0.0
 23
0.0
 14
10.0
 24
10.0
 15
10.0
 25
10.0
 16
0.0
 26
0.0
 36
1.0
 17
0.0
 27
0.0
 37
0.0
 42
50.0
 43
0.0
 44
0.0
 45
8253.195665474237
 50
0.0
 51
0.0
 72
  1000
 90
   819296
  1

281
     0
 71
     1
 74
     0
110
0.0
120
0.0
130
0.0
111
1.0
121
0.0
131
0.0
112
0.0
122
1.0
132
0.0
 79
     0
146
0.0
  0
VIEWPORT
  5
22DB
102
{ACAD_XDICTIONARY
360
22DC
102
}
330
22C7
100
AcDbEntity
  8
ópéÜ
100
AcDbViewport
 10
90.28737703213315
 20
51.38084465747017
 30
0.0
 40
46.17534108968539
 41
36.6079990855178
 68
     4
 69
     4
 12
-22470.66148651919
 22
-8153.514100084483
 13
0.0
 23
0.0
 14
10.0
 24
10.0
 15
10.0
 25
10.0
 16
0.0
 26
0.0
 36
1.0
 17
0.0
 27
0.0
 37
0.0
 42
50.0
 43
0.0
 44
0.0
 45
5849.462971396311
 50
0.0
 51
0.0
 72
  1000
 90
   819296
  1

281
     0
 71
     1
 74
     0
110
0.0
120
0.0
130
0.0
111
1.0
121
0.0
131
0.0
112
0.0
122
1.0
132
0.0
 79
     0
146
0.0
  0
VIEWPORT
  5
22DE
102
{ACAD_XDICTIONARY
360
22DF
102
}
330
22C7
100
AcDbEntity
  8
ópéÜ
100
AcDbViewport
 10
372.0195534098061
 20
44.28570194250885
 30
0.0
 40
54.80553681551692
 41
36.50086276302014
 68
     5
 69
     5
 12
-13948.18850746064
 22
-9643.622665144141
 13
0.0
 23
0.0
 14
10.0
 24
10.0
 15
10.0
 25
10.0
 16
0.0
 26
0.0
 36
1.0
 17
0.0
 27
0.0
 37
0.0
 42
50.0
 43
0.0
 44
0.0
 45
4441.840004694526
 50
0.0
 51
0.0
 72
  1000
 90
   819296
  1

281
     0
 71
     1
 74
     0
110
0.0
120
0.0
130
0.0
111
1.0
121
0.0
131
0.0
112
0.0
122
1.0
132
0.0
 79
     0
146
0.0
  0
TEXT
  5
22FF
330
22C7
100
AcDbEntity
  8
TL_åüç∏ï\
370
    13
100
AcDbText
 10
13.4502400526377
 20
278.9892341848467
 30
0.0
 40
3.0
  1
∏ﬁ◊Ã®Ø∏ª≤›æ›¿∞ëùízçHéñÅ@çYêcà íuèoÇµäÆóπê}ÅEé©éÂåüç∏ 
  7
HG∫ﬁºØ∏M
 72
     1
 11
65.10506238766308
 21
278.9892341848467
 31
0.0
100
AcDbText
  0
LWPOLYLINE
  5
2300
330
22C7
100
AcDbEntity
  8
0
100
AcDbPolyline
 90
        4
 70
     1
 43
0.0
 10
12.47132195034237
 20
285.7086983382812
 10
116.4140077989448
 20
285.7086983382812
 10
116.4140077989448
 20
275.2308515449271
 10
12.47132195034237
 20
275.2308515449271
  0
VIEWPORT
  5
2304
102
{ACAD_XDICTIONARY
360
2305
102
}
330
22C7
100
AcDbEntity
  8
ópéÜ
100
AcDbViewport
 10
343.9175753456741
 20
88.50915254079877
 30
0.0
 40
136.0936366241657
 41
40.57143819900102
 68
     6
 69
     6
 12
45661.97170363588
 22
-10645.1078013683
 13
0.0
 23
0.0
 14
10.0
 24
10.0
 15
10.0
 25
10.0
 16
0.0
 26
0.0
 36
1.0
 17
0.0
 27
0.0
 37
0.0
 42
50.0
 43
0.0
 44
0.0
 45
6048.540661635924
 50
0.0
 51
0.0
 72
  1000
 90
   819296
  1

281
     0
 71
     1
 74
     0
110
0.0
120
0.0
130
0.0
111
1.0
121
0.0
131
0.0
112
0.0
122
1.0
132
0.0
 79
     0
146
0.0
  0
VIEWPORT
  5
2324
102
{ACAD_XDICTIONARY
360
2325
102
}
330
22C7
100
AcDbEntity
  8
ópéÜ
100
AcDbViewport
 10
345.3014356584171
 20
185.714289719931
 30
0.0
 40
96.30037069471405
 41
160.1127632197574
 68
     7
 69
     7
 12
20565.50591597876
 22
5644.675898066855
 13
0.0
 23
0.0
 14
10.0
 24
10.0
 15
10.0
 25
10.0
 16
0.0
 26
0.0
 36
1.0
 17
0.0
 27
0.0
 37
0.0
 42
50.0
 43
0.0
 44
0.0
 45
20657.21070858089
 50
0.0
 51
0.0
 72
  1000
 90
   819296
  1

281
     0
 71
     1
 74
     0
110
0.0
120
0.0
130
0.0
111
1.0
121
0.0
131
0.0
112
0.0
122
1.0
132
0.0
 79
     0
146
0.0
  0
ENDBLK
  5
22E1
330
22C7
100
AcDbEntity
  8
0
100
AcDbBlockEnd
  0
ENDSEC
  0
SECTION
  2
ENTITIES
  0
CIRCLE
  5
1004
330
21
100
AcDbEntity
  8
0
 62
     0
100
AcDbCircle
 10
0.0
 20
0.0
 30
0.0
 40
500.0
  0
LINE
  5
12D9
330
21
100
AcDbEntity
  8
201
  6
Continuous
 62
     8
370
     9
100
AcDbLine
 10
12960.0
 20
12649.99995136263
 30
0.0
 11
12949.99999999997
 21
12639.99995136264
 31
0.0
  0
LINE
  5
12DA
330
21
100
AcDbEntity
  8
201
  6
Continuous
 62
     8
370
     9
100
AcDbLine
 10
12950.0
 20
12639.99995136268
 30
0.0
 11
12950.0
 21
-7918.0
 31
0.0
  0
LINE
  5
12DB
330
21
100
AcDbEntity
  8
201
  6
Continuous
 62
     8
370
     9
100
AcDbLine
 10
12960.00004863736
 20
12650.0
 30
0.0
 11
13500.0
 21
12650.0
 31
0.0
  0
LINE
  5
12DC
330
21
100
AcDbEntity
  8
201
  6
Continuous
 62
     8
370
     9
100
AcDbLine
 10
12950.0
 20
-2847.056274847724
 30
0.0
 11
13500.0
 21
-2297.056274847724
 31
0.0
  0
LINE
  5
12DD
330
21
100
AcDbEntity
  8
201
  6
Continuous
 62
     8
370
     9
100
AcDbLine
 10
12950.0
 20
-1150.000000000007
 30
0.0
 11
13500.0
 21
-600.0000000000073
 31
0.0
  0
LINE
  5
12DE
330
21
100
AcDbEntity
  8
201
  6
Continuous
 62
     8
370
     9
100
AcDbLine
 10
12950.0
 20
547.0562748477096
 30
0.0
 11
13500.0
 21
1097.05627484771
 31
0.0
  0
LINE
  5
12DF
330
21
100
AcDbEntity
  8
201
  6
Continuous
 62
     8
370
     9
100
AcDbLine
 10
12950.0
 20
2244.112549695419
 30
0.0
 11
13500.0
 21
2794.112549695419
 31
0.0
  0
LINE
  5
12E0
330
21
100
AcDbEntity
  8
201
  6
Continuous
 62
     8
370
     9
100
AcDbLine
 10
12950.0
 20
3941.168824543144
 30
0.0
 11
13500.0
 21
4491.168824543144
 31
0.0
  0
LINE
  5
12E1
330
21
100
AcDbEntity
  8
201
  6
Continuous
 62
     8
370
     9
100
AcDbLine
 10
12950.0
 20
5638.225099390853
 30
0.0
 11
13500.0
 21
6188.225099390853
 31
0.0
  0
LINE
  5
12E2
330
21
100
AcDbEntity
  8
201
  6
Continuous
 62
     8
370
     9
100
AcDbLine
 10
12950.0
 20
7335.281374238562
 30
0.0
 11
13500.0
 21
7885.281374238562
 31
0.0
  0
LINE
  5
12E3
330
21
100
AcDbEntity
  8
201
  6
Continuous
 62
     8
370
     9
100
AcDbLine
 10
12950.0
 20
9032.337649086287
 30
0.0
 11
13500.0
 21
9582.337649086287
 31
0.0
  0
LINE
  5
12E4
330
21
100
AcDbEntity
  8
201
  6
Continuous
 62
     8
370
     9
100
AcDbLine
 10
12950.0
 20
10729.393923934
 30
0.0
 11
13500.0
 21
11279.39392393399
 31
0.0
  0
LINE
  5
12E5
330
21
100
AcDbEntity
  8
201
  6
Continuous
 62
     8
370
     9
100
AcDbLine
 10
12950.0
 20
12426.45019878171
 30
0.0
 11
13173.5498012183
 21
12650.0
 31
0.0
  0
LINE
  5
12E6
330
21
100
AcDbEntity
  8
201
  6
Continuous
 62
     8
370
     9
100
AcDbLine
 10
12950.0
 20
-2705.634918610413
 30
0.0
 11
13500.0
 21
-2155.634918610413
 31
0.0
  0
LINE
  5
12E7
330
21
100
AcDbEntity
  8
201
  6
Continuous
 62
     8
370
     9
100
AcDbLine
 10
12950.0
 20
-1008.578643762703
 30
0.0
 11
13500.0
 21
-458.5786437626957
 31
0.0
  0
LINE
  5
12E8
330
21
100
AcDbEntity
  8
201
  6
Continuous
 62
     8
370
     9
100
AcDbLine
 10
12950.0
 20
688.4776310850139
 30
0.0
 11
13500.0
 21
1238.477631085014
 31
0.0
  0
LINE
  5
12E9
330
21
100
AcDbEntity
  8
201
  6
Continuous
 62
     8
370
     9
100
AcDbLine
 10
12950.0
 20
2385.533905932731
 30
0.0
 11
13500.0
 21
2935.533905932724
 31
0.0
  0
LINE
  5
12EA
330
21
100
AcDbEntity
  8
201
  6
Continuous
 62
     8
370
     9
100
AcDbLine
 10
12950.0
 20
4082.590180780441
 30
0.0
 11
13500.0
 21
4632.59018078044
 31
0.0
  0
LINE
  5
12EB
330
21
100
AcDbEntity
  8
201
  6
Continuous
 62
     8
370
     9
100
AcDbLine
 10
12950.0
 20
5779.646455628157
 30
0.0
 11
13500.0
 21
6329.646455628157
 31
0.0
  0
LINE
  5
12EC
330
21
100
AcDbEntity
  8
201
  6
Continuous
 62
     8
370
     9
100
AcDbLine
 10
12950.0
 20
7476.702730475867
 30
0.0
 11
13500.0
 21
8026.702730475867
 31
0.0
  0
LINE
  5
12ED
330
21
100
AcDbEntity
  8
201
  6
Continuous
 62
     8
370
     9
100
AcDbLine
 10
12950.0
 20
9173.75900532359
 30
0.0
 11
13500.0
 21
9723.75900532359
 31
0.0
  0
LINE
  5
12EE
330
21
100
AcDbEntity
  8
201
  6
Continuous
 62
     8
370
     9
100
AcDbLine
 10
12950.0
 20
10870.8152801713
 30
0.0
 11
13500.0
 21
11420.8152801713
 31
0.0
  0
LINE
  5
12EF
330
21
100
AcDbEntity
  8
201
  6
Continuous
 62
     8
370
     9
100
AcDbLine
 10
12950.0
 20
12567.87155501901
 30
0.0
 11
13032.12844498098
 21
12650.0
 31
0.0
  0
LINE
  5
12F0
330
21
100
AcDbEntity
  8
201
  6
Continuous
 62
     8
370
     9
100
AcDbLine
 10
12950.0
 20
-2564.213562373101
 30
0.0
 11
13500.0
 21
-2014.213562373108
 31
0.0
  0
LINE
  5
12F1
330
21
100
AcDbEntity
  8
201
  6
Continuous
 62
     8
370
     9
100
AcDbLine
 10
12950.0
 20
-867.1572875253914
 30
0.0
 11
13500.0
 21
-317.1572875253914
 31
0.0
  0
LINE
  5
12F2
330
21
100
AcDbEntity
  8
201
  6
Continuous
 62
     8
370
     9
100
AcDbLine
 10
12950.0
 20
829.8989873223181
 30
0.0
 11
13500.0
 21
1379.898987322318
 31
0.0
  0
LINE
  5
12F3
330
21
100
AcDbEntity
  8
201
  6
Continuous
 62
     8
370
     9
100
AcDbLine
 10
12950.0
 20
2526.955262170028
 30
0.0
 11
13500.0
 21
3076.955262170028
 31
0.0
  0
LINE
  5
12F4
330
21
100
AcDbEntity
  8
201
  6
Continuous
 62
     8
370
     9
100
AcDbLine
 10
12950.0
 20
4224.011537017752
 30
0.0
 11
13500.0
 21
4774.011537017752
 31
0.0
  0
LINE
  5
12F5
330
21
100
AcDbEntity
  8
201
  6
Continuous
 62
     8
370
     9
100
AcDbLine
 10
12950.0
 20
5921.067811865461
 30
0.0
 11
13500.0
 21
6471.067811865461
 31
0.0
  0
LINE
  5
12F6
330
21
100
AcDbEntity
  8
201
  6
Continuous
 62
     8
370
     9
100
AcDbLine
 10
12950.0
 20
7618.124086713186
 30
0.0
 11
13500.0
 21
8168.124086713171
 31
0.0
  0
LINE
  5
12F7
330
21
100
AcDbEntity
  8
201
  6
Continuous
 62
     8
370
     9
100
AcDbLine
 10
12950.0
 20
9315.180361560895
 30
0.0
 11
13500.0
 21
9865.180361560895
 31
0.0
  0
LINE
  5
12F8
330
21
100
AcDbEntity
  8
201
  6
Continuous
 62
     8
370
     9
100
AcDbLine
 10
12950.0
 20
11012.23663640861
 30
0.0
 11
13500.0
 21
11562.2366364086
 31
0.0
  0
TEXT
  5
1326
330
21
100
AcDbEntity
  8
191
  6
Continuous
 62
     8
370
    30
100
AcDbText
 10
5917.5
 20
-636.7517018541548
 30
0.0
 40
244.2307692307692
  1
F1
 41
1.000390625
  7
P9(ê°ñ@)
 72
     5
 11
6235.0
 21
-636.7517018541548
 31
0.0
100
AcDbText
  0
TEXT
  5
1327
330
21
100
AcDbEntity
  8
191
  6
Continuous
 62
     8
370
    30
100
AcDbText
 10
9865.0
 20
-636.7517018541548
 30
0.0
 40
244.2307692307692
  1
F1
 41
1.000390625
  7
P9(ê°ñ@)
 72
     5
 11
10182.5
 21
-636.7517018541548
 31
0.0
100
AcDbText
  0
TEXT
  5
1328
330
21
100
AcDbEntity
  8
191
  6
Continuous
 62
     8
370
    30
100
AcDbText
 10
-1215.0
 20
3413.248298145838
 30
0.0
 40
244.2307692307692
  1
F2
 41
1.000390625
  7
ÇlÇr ÉSÉVÉbÉN
 72
     5
 11
-897.5
 21
3413.248298145838
 31
0.0
100
AcDbText
  0
TEXT
  5
1329
330
21
100
AcDbEntity
  8
191
  6
Continuous
 62
     8
370
    30
100
AcDbText
 10
4007.773302334827
 20
12775.32557219517
 30
0.0
 40
244.2307692307692
  1
F3
 41
1.000390625
  7
ÇlÇr ÉSÉVÉbÉN
 72
     5
 11
4325.273302334827
 21
12775.32557219517
 31
0.0
100
AcDbText
  0
TEXT
  5
132A
330
21
100
AcDbEntity
  8
191
  6
Continuous
 62
     8
370
    30
100
AcDbText
 10
3885.0
 20
2913.248298145838
 30
0.0
 40
244.2307692307692
  1
F4
 41
1.000390625
  7
ÇlÇr ÉSÉVÉbÉN
 72
     5
 11
4202.5
 21
2913.248298145838
 31
0.0
100
AcDbText
  0
TEXT
  5
132B
330
21
100
AcDbEntity
  8
191
  6
Continuous
 62
     8
370
    30
100
AcDbText
 10
9315.0
 20
2913.248298145838
 30
0.0
 40
244.2307692307692
  1
F4
 41
1.000390625
  7
ÇlÇr ÉSÉVÉbÉN
 72
     5
 11
9632.5
 21
2913.248298145838
 31
0.0
100
AcDbText
  0
TEXT
  5
132C
330
21
100
AcDbEntity
  8
191
  6
Continuous
 62
     8
370
    30
100
AcDbText
 10
-1729.75951889297
 20
12801.06006450573
 30
0.0
 40
244.2307692307692
  1
F2A
 41
1.000390625
  7
ÇlÇr ÉSÉVÉbÉN
 72
     5
 11
-1253.50951889297
 21
12801.06006450573
 31
0.0
100
AcDbText
  0
TEXT
  5
132D
330
21
100
AcDbEntity
  8
191
  6
Continuous
 62
     8
370
    30
100
AcDbText
 10
8739.382556185592
 20
12748.44507444947
 30
0.0
 40
244.2307692307692
  1
F2A
 41
1.000390625
  7
ÇlÇr ÉSÉVÉbÉN
 72
     5
 11
9215.632556185592
 21
12748.44507444947
 31
0.0
100
AcDbText
  0
LINE
  5
132E
330
21
100
AcDbEntity
  8
091
  6
Continuous
 62
     8
370
    30
100
AcDbLine
 10
4285.0
 20
685.0
 30
0.0
 11
4285.0
 21
-315.0
 31
0.0
  0
LINE
  5
132F
330
21
100
AcDbEntity
  8
091
  6
Continuous
 62
     8
370
    30
100
AcDbLine
 10
4285.0
 20
-315.0
 30
0.0
 11
6285.0
 21
-315.0
 31
0.0
  0
LINE
  5
1330
330
21
100
AcDbEntity
  8
091
  6
Continuous
 62
     8
370
    30
100
AcDbLine
 10
11815.0
 20
-315.0
 30
0.0
 11
11815.0
 21
685.0
 31
0.0
  0
LINE
  5
1331
330
21
100
AcDbEntity
  8
091
  6
Continuous
 62
     8
370
    30
100
AcDbLine
 10
9815.0
 20
-315.0
 30
0.0
 11
11815.0
 21
-315.0
 31
0.0
  0
LINE
  5
1332
330
21
100
AcDbEntity
  8
091
  6
Continuous
 62
     8
370
    30
100
AcDbLine
 10
-1265.0
 20
4735.0
 30
0.0
 11
-1265.0
 21
3735.0
 31
0.0
  0
LINE
  5
1333
330
21
100
AcDbEntity
  8
091
  6
Continuous
 62
     8
370
    30
100
AcDbLine
 10
-1265.0
 20
3735.0
 30
0.0
 11
1735.0
 21
3735.0
 31
0.0
  0
LINE
  5
1334
330
21
100
AcDbEntity
  8
091
  6
Continuous
 62
     8
370
    30
100
AcDbLine
 10
-1265.0
 20
12695.0
 30
0.0
 11
-1265.0
 21
11695.0
 31
0.0
  0
LINE
  5
1335
330
21
100
AcDbEntity
  8
091
  6
Continuous
 62
     8
370
    30
100
AcDbLine
 10
12265.0
 20
3235.0
 30
0.0
 11
12265.0
 21
5235.0
 31
0.0
  0
LINE
  5
1336
330
21
100
AcDbEntity
  8
091
  6
Continuous
 62
     8
370
    30
100
AcDbLine
 10
1735.0
 20
11695.0
 30
0.0
 11
-1265.0
 21
11695.0
 31
0.0
  0
LINE
  5
1337
330
21
100
AcDbEntity
  8
091
  6
Continuous
 62
     8
370
    30
100
AcDbLine
 10
1735.0
 20
11695.0
 30
0.0
 11
1735.0
 21
12695.0
 31
0.0
  0
LINE
  5
1338
330
21
100
AcDbEntity
  8
091
  6
Continuous
 62
     8
370
    30
100
AcDbLine
 10
1735.0
 20
12695.0
 30
0.0
 11
-1265.0
 21
12695.0
 31
0.0
  0
LINE
  5
1339
330
21
100
AcDbEntity
  8
091
  6
Continuous
 62
     8
370
    30
100
AcDbLine
 10
4335.0
 20
10695.0
 30
0.0
 11
4335.0
 21
12695.0
 31
0.0
  0
LINE
  5
133A
330
21
100
AcDbEntity
  8
091
  6
Continuous
 62
     8
370
    30
100
AcDbLine
 10
6335.0
 20
12695.0
 30
0.0
 11
4335.0
 21
12695.0
 31
0.0
  0
LINE
  5
133B
330
21
100
AcDbEntity
  8
091
  6
Continuous
 62
     8
370
    30
100
AcDbLine
 10
6335.0
 20
10695.0
 30
0.0
 11
6335.0
 21
12695.0
 31
0.0
  0
LINE
  5
133C
330
21
100
AcDbEntity
  8
091
  6
Continuous
 62
     8
370
    30
100
AcDbLine
 10
6335.0
 20
10695.0
 30
0.0
 11
4335.0
 21
10695.0
 31
0.0
  0
LINE
  5
133D
330
21
100
AcDbEntity
  8
091
  6
Continuous
 62
     8
370
    30
100
AcDbLine
 10
9265.0
 20
11695.0
 30
0.0
 11
9265.0
 21
12695.0
 31
0.0
  0
LINE
  5
133E
330
21
100
AcDbEntity
  8
091
  6
Continuous
 62
     8
370
    30
100
AcDbLine
 10
9265.0
 20
11695.0
 30
0.0
 11
12265.0
 21
11695.0
 31
0.0
  0
LINE
  5
133F
330
21
100
AcDbEntity
  8
091
  6
Continuous
 62
     8
370
    30
100
AcDbLine
 10
12265.0
 20
11695.0
 30
0.0
 11
12265.0
 21
12695.0
 31
0.0
  0
LINE
  5
1340
330
21
100
AcDbEntity
  8
091
  6
Continuous
 62
     8
370
    30
100
AcDbLine
 10
12265.0
 20
12695.0
 30
0.0
 11
9265.0
 21
12695.0
 31
0.0
  0
LINE
  5
1341
330
21
100
AcDbEntity
  8
091
  6
Continuous
 62
     8
370
    30
100
AcDbLine
 10
-1265.0
 20
4735.0
 30
0.0
 11
1735.0
 21
4735.0
 31
0.0
  0
LINE
  5
1342
330
21
100
AcDbEntity
  8
091
  6
Continuous
 62
     8
370
    30
100
AcDbLine
 10
1735.0
 20
4735.0
 30
0.0
 11
1735.0
 21
3735.0
 31
0.0
  0
LINE
  5
1343
330
21
100
AcDbEntity
  8
091
  6
Continuous
 62
     8
370
    30
100
AcDbLine
 10
3835.0
 20
5235.0
 30
0.0
 11
3835.0
 21
3235.0
 31
0.0
  0
LINE
  5
1344
330
21
100
AcDbEntity
  8
091
  6
Continuous
 62
     8
370
    30
100
AcDbLine
 10
3835.0
 20
5235.0
 30
0.0
 11
6835.0
 21
5235.0
 31
0.0
  0
LINE
  5
1345
330
21
100
AcDbEntity
  8
091
  6
Continuous
 62
     8
370
    30
100
AcDbLine
 10
6835.0
 20
5235.0
 30
0.0
 11
6835.0
 21
3235.0
 31
0.0
  0
LINE
  5
1346
330
21
100
AcDbEntity
  8
091
  6
Continuous
 62
     8
370
    30
100
AcDbLine
 10
6835.0
 20
3235.0
 30
0.0
 11
3835.0
 21
3235.0
 31
0.0
  0
LINE
  5
1347
330
21
100
AcDbEntity
  8
091
  6
Continuous
 62
     8
370
    30
100
AcDbLine
 10
9265.0
 20
3235.0
 30
0.0
 11
9265.0
 21
5235.0
 31
0.0
  0
LINE
  5
1348
330
21
100
AcDbEntity
  8
091
  6
Continuous
 62
     8
370
    30
100
AcDbLine
 10
9265.0
 20
5235.0
 30
0.0
 11
12265.0
 21
5235.0
 31
0.0
  0
LINE
  5
1349
330
21
100
AcDbEntity
  8
091
  6
Continuous
 62
     8
370
    30
100
AcDbLine
 10
12265.0
 20
3235.0
 30
0.0
 11
9265.0
 21
3235.0
 31
0.0
  0
LINE
  5
134A
330
21
100
AcDbEntity
  8
091
  6
Continuous
 62
     8
370
    30
100
AcDbLine
 10
11815.0
 20
685.0
 30
0.0
 11
9815.0
 21
685.0
 31
0.0
  0
LINE
  5
134B
330
21
100
AcDbEntity
  8
091
  6
Continuous
 62
     8
370
    30
100
AcDbLine
 10
9815.0
 20
685.0
 30
0.0
 11
9815.0
 21
-315.0
 31
0.0
  0
LINE
  5
134C
330
21
100
AcDbEntity
  8
091
  6
Continuous
 62
     8
370
    30
100
AcDbLine
 10
6285.0
 20
685.0
 30
0.0
 11
6285.0
 21
-315.0
 31
0.0
  0
LINE
  5
134D
330
21
100
AcDbEntity
  8
091
  6
Continuous
 62
     8
370
    30
100
AcDbLine
 10
6285.0
 20
685.0
 30
0.0
 11
4285.0
 21
685.0
 31
0.0
  0
CIRCLE
  5
134E
330
21
100
AcDbEntity
  8
087
  6
Continuous
 62
     8
100
AcDbCircle
 10
-865.0
 20
12195.0
 30
0.0
 40
400.0
  0
CIRCLE
  5
134F
330
21
100
AcDbEntity
  8
087
  6
Continuous
 62
     8
100
AcDbCircle
 10
1335.0
 20
12195.0
 30
0.0
 40
400.0
  0
CIRCLE
  5
1350
330
21
100
AcDbEntity
  8
087
  6
Continuous
 62
     8
100
AcDbCircle
 10
235.0
 20
12195.0
 30
0.0
 40
400.0
  0
CIRCLE
  5
1351
330
21
100
AcDbEntity
  8
087
  6
Continuous
 62
     8
100
AcDbCircle
 10
-865.0
 20
4235.0
 30
0.0
 40
400.0
  0
CIRCLE
  5
1352
330
21
100
AcDbEntity
  8
087
  6
Continuous
 62
     8
100
AcDbCircle
 10
1335.0
 20
4235.0
 30
0.0
 40
400.0
  0
CIRCLE
  5
1353
330
21
100
AcDbEntity
  8
087
  6
Continuous
 62
     8
100
AcDbCircle
 10
235.0
 20
4235.0
 30
0.0
 40
400.0
  0
CIRCLE
  5
1354
330
21
100
AcDbEntity
  8
087
  6
Continuous
 62
     8
100
AcDbCircle
 10
9665.0
 20
12195.0
 30
0.0
 40
400.0
  0
CIRCLE
  5
1355
330
21
100
AcDbEntity
  8
087
  6
Continuous
 62
     8
100
AcDbCircle
 10
11865.0
 20
12195.0
 30
0.0
 40
400.0
  0
CIRCLE
  5
1356
330
21
100
AcDbEntity
  8
087
  6
Continuous
 62
     8
100
AcDbCircle
 10
10765.0
 20
12195.0
 30
0.0
 40
400.0
  0
CIRCLE
  5
1357
330
21
100
AcDbEntity
  8
087
  6
Continuous
 62
     8
100
AcDbCircle
 10
11865.0
 20
4835.0
 30
0.0
 40
400.0
  0
CIRCLE
  5
1358
330
21
100
AcDbEntity
  8
087
  6
Continuous
 62
     8
100
AcDbCircle
 10
9665.0
 20
4835.0
 30
0.0
 40
400.0
  0
CIRCLE
  5
1359
330
21
100
AcDbEntity
  8
087
  6
Continuous
 62
     8
100
AcDbCircle
 10
10765.0
 20
4835.0
 30
0.0
 40
400.0
  0
CIRCLE
  5
135A
330
21
100
AcDbEntity
  8
087
  6
Continuous
 62
     8
100
AcDbCircle
 10
6435.0
 20
4835.0
 30
0.0
 40
400.0
  0
CIRCLE
  5
135B
330
21
100
AcDbEntity
  8
087
  6
Continuous
 62
     8
100
AcDbCircle
 10
4235.0
 20
4835.0
 30
0.0
 40
400.0
  0
CIRCLE
  5
135C
330
21
100
AcDbEntity
  8
087
  6
Continuous
 62
     8
100
AcDbCircle
 10
5335.0
 20
4835.0
 30
0.0
 40
400.0
  0
CIRCLE
  5
135D
330
21
100
AcDbEntity
  8
087
  6
Continuous
 62
     8
100
AcDbCircle
 10
4235.0
 20
3635.0
 30
0.0
 40
400.0
  0
CIRCLE
  5
135E
330
21
100
AcDbEntity
  8
087
  6
Continuous
 62
     8
100
AcDbCircle
 10
6435.0
 20
3635.0
 30
0.0
 40
400.0
  0
CIRCLE
  5
135F
330
21
100
AcDbEntity
  8
087
  6
Continuous
 62
     8
100
AcDbCircle
 10
5335.0
 20
3635.0
 30
0.0
 40
400.0
  0
CIRCLE
  5
1360
330
21
100
AcDbEntity
  8
087
  6
Continuous
 62
     8
100
AcDbCircle
 10
9665.0
 20
3635.0
 30
0.0
 40
400.0
  0
CIRCLE
  5
1361
330
21
100
AcDbEntity
  8
087
  6
Continuous
 62
     8
100
AcDbCircle
 10
11865.0
 20
3635.0
 30
0.0
 40
400.0
  0
CIRCLE
  5
1362
330
21
100
AcDbEntity
  8
087
  6
Continuous
 62
     8
100
AcDbCircle
 10
10765.0
 20
3635.0
 30
0.0
 40
400.0
  0
CIRCLE
  5
1363
330
21
100
AcDbEntity
  8
087
  6
Continuous
 62
     8
100
AcDbCircle
 10
5935.0
 20
12295.0
 30
0.0
 40
400.0
  0
CIRCLE
  5
1364
330
21
100
AcDbEntity
  8
087
  6
Continuous
 62
     8
100
AcDbCircle
 10
4735.0
 20
12295.0
 30
0.0
 40
400.0
  0
CIRCLE
  5
1365
330
21
100
AcDbEntity
  8
087
  6
Continuous
 62
     8
100
AcDbCircle
 10
4735.0
 20
11095.0
 30
0.0
 40
400.0
  0
CIRCLE
  5
1366
330
21
100
AcDbEntity
  8
087
  6
Continuous
 62
     8
100
AcDbCircle
 10
5935.0
 20
11095.0
 30
0.0
 40
400.0
  0
CIRCLE
  5
1367
330
21
100
AcDbEntity
  8
087
  6
Continuous
 62
     8
100
AcDbCircle
 10
5885.0
 20
185.0
 30
0.0
 40
400.0
  0
CIRCLE
  5
1368
330
21
100
AcDbEntity
  8
087
  6
Continuous
 62
     8
100
AcDbCircle
 10
4685.0
 20
185.0
 30
0.0
 40
400.0
  0
CIRCLE
  5
1369
330
21
100
AcDbEntity
  8
087
  6
Continuous
 62
     8
100
AcDbCircle
 10
11415.0
 20
185.0
 30
0.0
 40
400.0
  0
CIRCLE
  5
136A
330
21
100
AcDbEntity
  8
087
  6
Continuous
 62
     8
100
AcDbCircle
 10
10215.0
 20
185.0
 30
0.0
 40
400.0
  0
CIRCLE
  5
136B
330
21
100
AcDbEntity
  8
043
  6
Continuous
 62
     0
100
AcDbCircle
 10
-21569.27656936436
 20
-7082.311594606283
 30
0.0
 40
199.9999999999999
  0
TEXT
  5
136C
330
21
100
AcDbEntity
  8
042
  6
Continuous
 62
     0
100
AcDbText
 10
-25283.24742599763
 20
-7719.706457251268
 30
0.0
 40
307.6923076923076
  1
â¸ó«ê[ìxÅFê›åvGL-6.20m
 41
1.000390625
  7
ÇlÇr ÉSÉVÉbÉN
 72
     5
 11
-20883.24742599763
 21
-7719.706457251268
 31
0.0
100
AcDbText
  0
TEXT
  5
136D
330
21
100
AcDbEntity
  8
042
  6
Continuous
 62
     0
100
AcDbText
 10
-25283.24742599763
 20
-8219.706457251268
 30
0.0
 40
307.6923076923076
  1
â¸ó«ìVí[ÅFê›åvGL-1.40m
 41
1.000390625
  7
ÇlÇr ÉSÉVÉbÉN
 72
     5
 11
-20883.24742599763
 21
-8219.706457251268
 31
0.0
100
AcDbText
  0
TEXT
  5
136E
330
21
100
AcDbEntity
  8
042
  6
Continuous
 62
     0
100
AcDbText
 10
-25283.24742599763
 20
-8719.706457251268
 30
0.0
 40
307.6923076923076
  1
â¸ó«í∑ÅFL=4.80m
 41
1.000390625
  7
ÇlÇr ÉSÉVÉbÉN
 72
     5
 11
-22283.24742599763
 21
-8719.706457251268
 31
0.0
100
AcDbText
  0
TEXT
  5
136F
330
21
100
AcDbEntity
  8
042
  6
Continuous
 62
     0
100
AcDbText
 10
-25283.24742599763
 20
-9219.706457251268
 30
0.0
 40
307.6923076923076
  1
ñ{Å@êîÅFn=29ñ{
 41
1.000390625
  7
ÇlÇr ÉSÉVÉbÉN
 72
     5
 11
-22483.24742599763
 21
-9219.706457251268
 31
0.0
100
AcDbText
  0
TEXT
  5
1370
330
21
100
AcDbEntity
  8
042
  6
Continuous
 62
     0
100
AcDbText
 10
-25283.24742599763
 20
-9719.706457251275
 30
0.0
 40
307.6923076923076
  1
ê›åväÓèÄã≠ìxÅF1200kN/áu
 41
1.000390625000001
  7
ÇlÇr ÉSÉVÉbÉN
 72
     5
 11
-20683.24742599763
 21
-9719.706457251275
 31
0.0
100
AcDbText
  0
TEXT
  5
1371
330
21
100
AcDbEntity
  8
042
  6
Continuous
 62
     0
100
AcDbText
 10
-25283.24742599763
 20
-10219.70645725128
 30
0.0
 40
307.6923076923076
  1
í∑ä˙ínëœóÕìxÅF200kN/áu
 41
1.000390625
  7
ÇlÇr ÉSÉVÉbÉN
 72
     5
 11
-20883.24742599763
 21
-10219.70645725128
 31
0.0
100
AcDbText
  0
TEXT
  5
1372
330
21
100
AcDbEntity
  8
042
  6
Continuous
 62
     0
100
AcDbText
 10
-25283.24742599763
 20
-6219.706457251268
 30
0.0
 40
307.6923076923076
  1
ÉXÉäÅ[ÉGÉXGçHñ@
 41
1.000390625
  7
ÇlÇr ÉSÉVÉbÉN
 72
     5
 11
-22283.24742599763
 21
-6219.706457251268
 31
0.0
100
AcDbText
  0
TEXT
  5
1373
330
21
100
AcDbEntity
  8
042
  6
Continuous
 62
     0
100
AcDbText
 10
-25283.24742599763
 20
-6719.706457251268
 30
0.0
 40
307.6923076923076
  1
(GBRC ê´î\èÿñæ ëÊ07-21çÜ â¸2)
 41
1.000390625
  7
ÇlÇr ÉSÉVÉbÉN
 72
     5
 11
-19483.24742599763
 21
-6719.706457251268
 31
0.0
100
AcDbText
  0
LINE
  5
1374
330
21
100
AcDbEntity
  8
042
  6
Continuous
 62
     0
100
AcDbLine
 10
-25538.63278896659
 20
-5751.403707828249
 30
0.0
 11
-25538.63278896659
 21
-10551.40370782825
 31
0.0
  0
LINE
  5
1375
330
21
100
AcDbEntity
  8
042
  6
Continuous
 62
     0
100
AcDbLine
 10
-19238.63278896659
 20
-5751.403707828249
 30
0.0
 11
-25538.63278896659
 21
-5751.403707828249
 31
0.0
  0
LINE
  5
1376
330
21
100
AcDbEntity
  8
042
  6
Continuous
 62
     0
100
AcDbLine
 10
-25538.63278896659
 20
-10551.40370782825
 30
0.0
 11
-19238.63278896659
 21
-10551.40370782825
 31
0.0
  0
LINE
  5
1377
330
21
100
AcDbEntity
  8
042
  6
Continuous
 62
     0
100
AcDbLine
 10
-19238.63278896659
 20
-10551.40370782825
 30
0.0
 11
-19238.63278896659
 21
-5751.403707828249
 31
0.0
  0
TEXT
  5
1378
330
21
100
AcDbEntity
  8
042
  6
Continuous
 62
     0
100
AcDbText
 10
-25283.24742599763
 20
-7219.706457251268
 30
0.0
 40
307.6923076923076
  1
â¸ó«åaÅFÉ”800mm
 41
1.000390625
  7
ÇlÇr ÉSÉVÉbÉN
 72
     5
 11
-22283.24742599763
 21
-7219.706457251268
 31
0.0
100
AcDbText
  0
LINE
  5
1379
330
21
100
AcDbEntity
  8
020
  6
Continuous
 62
     8
370
    30
100
AcDbLine
 10
2700.0
 20
0.0
 30
0.0
 11
3500.0
 21
0.0
 31
0.0
  0
LINE
  5
137A
330
21
100
AcDbEntity
  8
020
  6
Continuous
 62
     8
370
    30
100
AcDbLine
 10
1900.0
 20
0.0
 30
0.0
 11
3500.0
 21
0.0
 31
0.0
  0
LINE
  5
137B
330
21
100
AcDbEntity
  8
020
  6
Continuous
 62
     8
370
    30
100
AcDbLine
 10
2700.0
 20
185.0
 30
0.0
 11
3500.0
 21
185.0
 31
0.0
  0
LINE
  5
137C
330
21
100
AcDbEntity
  8
020
  6
Continuous
 62
     8
370
    30
100
AcDbLine
 10
2700.0
 20
4000.0
 30
0.0
 11
3500.0
 21
4000.0
 31
0.0
  0
LINE
  5
137D
330
21
100
AcDbEntity
  8
020
  6
Continuous
 62
     8
370
    30
100
AcDbLine
 10
1900.0
 20
4000.0
 30
0.0
 11
3500.0
 21
4000.0
 31
0.0
  0
LINE
  5
1381
330
21
100
AcDbEntity
  8
020
  6
Continuous
 62
     8
370
    30
100
AcDbLine
 10
-3400.0
 20
4235.0
 30
0.0
 11
-2600.0
 21
4235.0
 31
0.0
  0
LINE
  5
1382
330
21
100
AcDbEntity
  8
020
  6
Continuous
 62
     8
370
    30
100
AcDbLine
 10
-3400.0
 20
4000.0
 30
0.0
 11
-2600.0
 21
4000.0
 31
0.0
  0
LINE
  5
1384
330
21
100
AcDbEntity
  8
020
  6
Continuous
 62
     8
370
    30
100
AcDbLine
 10
-4200.0
 20
4000.0
 30
0.0
 11
-2600.0
 21
4000.0
 31
0.0
  0
LINE
  5
1387
330
21
100
AcDbEntity
  8
020
  6
Continuous
 62
     8
370
    30
100
AcDbLine
 10
-4200.0
 20
14100.00000001164
 30
0.0
 11
-3400.0
 21
14100.00000001164
 31
0.0
  0
LINE
  5
138A
330
21
100
AcDbEntity
  8
020
  6
Continuous
 62
     8
370
    30
100
AcDbLine
 10
-3400.0
 20
12600.0
 30
0.0
 11
-2600.0
 21
12600.0
 31
0.0
  0
LINE
  5
138B
330
21
100
AcDbEntity
  8
020
  6
Continuous
 62
     8
370
    30
100
AcDbLine
 10
-3400.0
 20
12365.0
 30
0.0
 11
-2600.0
 21
12365.0
 31
0.0
  0
LINE
  5
138C
330
21
100
AcDbEntity
  8
020
  6
Continuous
 62
     8
370
    30
100
AcDbLine
 10
-4200.0
 20
12600.0
 30
0.0
 11
-2600.0
 21
12600.0
 31
0.0
  0
LINE
  5
138E
330
21
100
AcDbEntity
  8
020
  6
Continuous
 62
     8
370
    30
100
AcDbLine
 10
13000.0
 20
16000.0
 30
0.0
 11
13000.0
 21
14200.0
 31
0.0
  0
LINE
  5
1395
330
21
100
AcDbEntity
  8
020
  6
Continuous
 62
     1
370
    30
100
AcDbLine
 10
11000.0
 20
16000.0
 30
0.0
 11
11000.0
 21
14400.0
 31
0.0
  0
LINE
  5
1396
330
21
100
AcDbEntity
  8
020
  6
Continuous
 62
     8
370
    30
100
AcDbLine
 10
10765.0
 20
15200.0
 30
0.0
 11
10765.0
 21
14400.0
 31
0.0
  0
LINE
  5
1397
330
21
100
AcDbEntity
  8
020
  6
Continuous
 62
     1
370
    30
100
AcDbLine
 10
11000.0
 20
15200.0
 30
0.0
 11
11000.0
 21
14400.0
 31
0.0
  0
LINE
  5
1398
330
21
100
AcDbEntity
  8
020
  6
Continuous
 62
     8
370
    30
100
AcDbLine
 10
5335.0
 20
15200.0
 30
0.0
 11
5335.0
 21
14400.0
 31
0.0
  0
LINE
  5
1399
330
21
100
AcDbEntity
  8
020
  6
Continuous
 62
     1
370
    30
100
AcDbLine
 10
0.0
 20
16000.0
 30
0.0
 11
0.0
 21
14400.0
 31
0.0
  0
LINE
  5
139A
330
21
100
AcDbEntity
  8
020
  6
Continuous
 62
     1
370
    30
100
AcDbLine
 10
0.0
 20
15200.0
 30
0.0
 11
0.0
 21
14400.0
 31
0.0
  0
LINE
  5
139B
330
21
100
AcDbEntity
  8
020
  6
Continuous
 62
     8
370
    30
100
AcDbLine
 10
235.0
 20
15200.0
 30
0.0
 11
235.0
 21
14400.0
 31
0.0
  0
LINE
  5
139C
330
21
100
AcDbEntity
  8
020
  6
Continuous
 62
     8
370
    30
100
AcDbLine
 10
-3199.57657737346
 20
16000.0
 30
0.0
 11
-3199.57657737346
 21
14400.0
 31
0.0
  0
LINE
  5
139D
330
21
100
AcDbEntity
  8
020
  6
Continuous
 62
     8
370
    30
100
AcDbLine
 10
0.0
 20
13495.0
 30
0.0
 11
0.0
 21
12895.0
 31
0.0
  0
LINE
  5
139E
330
21
100
AcDbEntity
  8
020
  6
Continuous
 62
     8
370
    30
100
AcDbLine
 10
235.0
 20
13495.0
 30
0.0
 11
235.0
 21
12895.0
 31
0.0
  0
LINE
  5
13A0
330
21
100
AcDbEntity
  8
020
  6
Continuous
 62
     8
370
    30
100
AcDbLine
 10
5335.0
 20
13495.0
 30
0.0
 11
5335.0
 21
12895.0
 31
0.0
  0
LINE
  5
13A1
330
21
100
AcDbEntity
  8
020
  6
Continuous
 62
     8
370
    30
100
AcDbLine
 10
10765.0
 20
13495.0
 30
0.0
 11
10765.0
 21
12895.0
 31
0.0
  0
LINE
  5
13A2
330
21
100
AcDbEntity
  8
020
  6
Continuous
 62
     8
370
    30
100
AcDbLine
 10
11000.0
 20
13495.0
 30
0.0
 11
11000.0
 21
12895.0
 31
0.0
  0
LINE
  5
13A4
330
21
100
AcDbEntity
  8
020
  6
Continuous
 62
     8
370
    30
100
AcDbLine
 10
5335.0
 20
6035.0
 30
0.0
 11
5335.0
 21
5435.0
 31
0.0
  0
LINE
  5
13A5
330
21
100
AcDbEntity
  8
020
  6
Continuous
 62
     8
370
    30
100
AcDbLine
 10
5335.0
 20
1485.0
 30
0.0
 11
5335.0
 21
885.0
 31
0.0
  0
LINE
  5
13A6
330
21
100
AcDbEntity
  8
020
  6
Continuous
 62
     8
370
    30
100
AcDbLine
 10
11000.0
 20
1485.0
 30
0.0
 11
11000.0
 21
885.0
 31
0.0
  0
LINE
  5
13A7
330
21
100
AcDbEntity
  8
020
  6
Continuous
 62
     8
370
    30
100
AcDbLine
 10
-2065.0
 20
12600.0
 30
0.0
 11
-1465.0
 21
12600.0
 31
0.0
  0
LINE
  5
13A8
330
21
100
AcDbEntity
  8
020
  6
Continuous
 62
     8
370
    30
100
AcDbLine
 10
-2065.0
 20
12195.0
 30
0.0
 11
-1465.0
 21
12195.0
 31
0.0
  0
LINE
  5
13AA
330
21
100
AcDbEntity
  8
020
  6
Continuous
 62
     8
370
    30
100
AcDbLine
 10
-2065.0
 20
4000.0
 30
0.0
 11
-1465.0
 21
4000.0
 31
0.0
  0
LINE
  5
13AB
330
21
100
AcDbEntity
  8
020
  6
Continuous
 62
     8
370
    30
100
AcDbLine
 10
-2065.0
 20
4235.0
 30
0.0
 11
-1465.0
 21
4235.0
 31
0.0
  0
LINE
  5
13AD
330
21
100
AcDbEntity
  8
020
  6
Continuous
 62
     8
370
    30
100
AcDbLine
 10
7335.0
 20
12600.0
 30
0.0
 11
6535.0
 21
12600.0
 31
0.0
  0
LINE
  5
13AE
330
21
100
AcDbEntity
  8
020
  6
Continuous
 62
     8
370
    30
100
AcDbLine
 10
14065.0
 20
4000.0
 30
0.0
 11
13265.0
 21
4000.0
 31
0.0
  0
LINE
  5
13AF
330
21
100
AcDbEntity
  8
020
  6
Continuous
 62
     8
370
    30
100
AcDbLine
 10
14065.0
 20
12195.0
 30
0.0
 11
13265.0
 21
12195.0
 31
0.0
  0
LINE
  5
13B0
330
21
100
AcDbEntity
  8
020
  6
Continuous
 62
     8
370
    30
100
AcDbLine
 10
14065.0
 20
12600.0
 30
0.0
 11
13265.0
 21
12600.0
 31
0.0
  0
LINE
  5
13B2
330
21
100
AcDbEntity
  8
020
  6
Continuous
 62
     8
370
    30
100
AcDbLine
 10
14065.0
 20
0.0
 30
0.0
 11
13265.0
 21
0.0
 31
0.0
  0
LINE
  5
13B3
330
21
100
AcDbEntity
  8
020
  6
Continuous
 62
     8
370
    30
100
AcDbLine
 10
14065.0
 20
185.0
 30
0.0
 11
13265.0
 21
185.0
 31
0.0
  0
LINE
  5
13B5
330
21
100
AcDbEntity
  8
020
  6
Continuous
 62
     8
370
    30
100
AcDbLine
 10
5100.0
 20
-3200.0
 30
0.0
 11
5100.0
 21
-1600.0
 31
0.0
  0
LINE
  5
13B6
330
21
100
AcDbEntity
  8
020
  6
Continuous
 62
     1
370
    30
100
AcDbLine
 10
11000.0
 20
-3200.0
 30
0.0
 11
11000.0
 21
-1600.0
 31
0.0
  0
LINE
  5
13B8
330
21
100
AcDbEntity
  8
020
  6
Continuous
 62
     8
370
    30
100
AcDbLine
 10
5100.0
 20
-2400.0
 30
0.0
 11
5100.0
 21
-1600.0
 31
0.0
  0
LINE
  5
13B9
330
21
100
AcDbEntity
  8
020
  6
Continuous
 62
     8
370
    30
100
AcDbLine
 10
5285.0
 20
-2400.0
 30
0.0
 11
5285.0
 21
-1600.0
 31
0.0
  0
LINE
  5
13BB
330
21
100
AcDbEntity
  8
020
  6
Continuous
 62
     1
370
    30
100
AcDbLine
 10
11000.0
 20
-2400.0
 30
0.0
 11
11000.0
 21
-1600.0
 31
0.0
  0
LINE
  5
13BC
330
21
100
AcDbEntity
  8
020
  6
Continuous
 62
     8
370
    30
100
AcDbLine
 10
10815.0
 20
-2400.0
 30
0.0
 11
10815.0
 21
-1600.0
 31
0.0
  0
LINE
  5
13BF
330
21
100
AcDbEntity
  8
020
  6
Continuous
 62
     8
370
    30
100
AcDbLine
 10
5335.0
 20
-1315.0
 30
0.0
 11
5335.0
 21
-515.0
 31
0.0
  0
LINE
  5
13C0
330
21
100
AcDbEntity
  8
020
  6
Continuous
 62
     8
370
    30
100
AcDbLine
 10
5285.0
 20
-1315.0
 30
0.0
 11
5285.0
 21
-515.0
 31
0.0
  0
LINE
  5
13C2
330
21
100
AcDbEntity
  8
020
  6
Continuous
 62
     8
370
    30
100
AcDbLine
 10
-865.0
 20
13495.0
 30
0.0
 11
-865.0
 21
12895.0
 31
0.0
  0
LINE
  5
13C4
330
21
100
AcDbEntity
  8
020
  6
Continuous
 62
     8
370
    30
100
AcDbLine
 10
1335.0
 20
13495.0
 30
0.0
 11
1335.0
 21
12895.0
 31
0.0
  0
LINE
  5
13C6
330
21
100
AcDbEntity
  8
020
  6
Continuous
 62
     8
370
    30
100
AcDbLine
 10
4735.0
 20
13495.0
 30
0.0
 11
4735.0
 21
12895.0
 31
0.0
  0
LINE
  5
13C8
330
21
100
AcDbEntity
  8
020
  6
Continuous
 62
     8
370
    30
100
AcDbLine
 10
5935.0
 20
13495.00000000002
 30
0.0
 11
5935.0
 21
12895.0
 31
0.0
  0
LINE
  5
13CA
330
21
100
AcDbEntity
  8
020
  6
Continuous
 62
     8
370
    30
100
AcDbLine
 10
4235.0
 20
6035.0
 30
0.0
 11
4235.0
 21
5435.0
 31
0.0
  0
LINE
  5
13CC
330
21
100
AcDbEntity
  8
020
  6
Continuous
 62
     8
370
    30
100
AcDbLine
 10
6435.0
 20
6035.000000000015
 30
0.0
 11
6435.0
 21
5435.0
 31
0.0
  0
LINE
  5
13CE
330
21
100
AcDbEntity
  8
020
  6
Continuous
 62
     8
370
    30
100
AcDbLine
 10
4685.0
 20
1485.0
 30
0.0
 11
4685.0
 21
885.0
 31
0.0
  0
LINE
  5
13D0
330
21
100
AcDbEntity
  8
020
  6
Continuous
 62
     8
370
    30
100
AcDbLine
 10
5885.0
 20
1485.0
 30
0.0
 11
5885.0
 21
885.0
 31
0.0
  0
LINE
  5
13D2
330
21
100
AcDbEntity
  8
020
  6
Continuous
 62
     8
370
    30
100
AcDbLine
 10
10215.0
 20
1485.0
 30
0.0
 11
10215.0
 21
885.0
 31
0.0
  0
LINE
  5
13D4
330
21
100
AcDbEntity
  8
020
  6
Continuous
 62
     8
370
    30
100
AcDbLine
 10
11415.0
 20
1485.0
 30
0.0
 11
11415.0
 21
885.0
 31
0.0
  0
LINE
  5
13D6
330
21
100
AcDbEntity
  8
020
  6
Continuous
 62
     8
370
    30
100
AcDbLine
 10
9665.0
 20
13495.0
 30
0.0
 11
9665.0
 21
12895.0
 31
0.0
  0
LINE
  5
13D8
330
21
100
AcDbEntity
  8
020
  6
Continuous
 62
     8
370
    30
100
AcDbLine
 10
11865.0
 20
13495.0
 30
0.0
 11
11865.0
 21
12895.0
 31
0.0
  0
LINE
  5
13DA
330
21
100
AcDbEntity
  8
020
  6
Continuous
 62
     8
370
    30
100
AcDbLine
 10
7335.0
 20
12295.0
 30
0.0
 11
6535.0
 21
12295.0
 31
0.0
  0
LINE
  5
13DC
330
21
100
AcDbEntity
  8
020
  6
Continuous
 62
     8
370
    30
100
AcDbLine
 10
7335.0
 20
11095.0
 30
0.0
 11
6535.0
 21
11095.0
 31
0.0
  0
LINE
  5
13DE
330
21
100
AcDbEntity
  8
020
  6
Continuous
 62
     8
370
    30
100
AcDbLine
 10
14065.0
 20
4835.0
 30
0.0
 11
13265.0
 21
4835.0
 31
0.0
  0
LINE
  5
13E0
330
21
100
AcDbEntity
  8
020
  6
Continuous
 62
     8
370
    30
100
AcDbLine
 10
14065.0
 20
3635.0
 30
0.0
 11
13265.0
 21
3635.0
 31
0.0
  0
CIRCLE
  5
13E2
330
21
100
AcDbEntity
  8
018
  6
Continuous
 62
     8
370
    30
100
AcDbCircle
 10
2700.0
 20
0.0
 30
0.0
 40
50.0
  0
CIRCLE
  5
13E3
330
21
100
AcDbEntity
  8
018
  6
Continuous
 62
     8
370
    30
100
AcDbCircle
 10
2260.136885585729
 20
0.0
 30
0.0
 40
50.0
  0
CIRCLE
  5
13E4
330
21
100
AcDbEntity
  8
018
  6
Continuous
 62
     8
370
    30
100
AcDbCircle
 10
2700.0
 20
185.0
 30
0.0
 40
50.0
  0
CIRCLE
  5
13E5
330
21
100
AcDbEntity
  8
018
  6
Continuous
 62
     8
370
    30
100
AcDbCircle
 10
2700.0
 20
4000.0
 30
0.0
 40
50.0
  0
CIRCLE
  5
13E6
330
21
100
AcDbEntity
  8
018
  6
Continuous
 62
     8
370
    30
100
AcDbCircle
 10
2260.136885585729
 20
4000.0
 30
0.0
 40
50.0
  0
CIRCLE
  5
13E7
330
21
100
AcDbEntity
  8
018
  6
Continuous
 62
     8
370
    30
100
AcDbCircle
 10
-3400.0
 20
4000.0
 30
0.0
 40
50.0
  0
CIRCLE
  5
13E8
330
21
100
AcDbEntity
  8
018
  6
Continuous
 62
     8
370
    30
100
AcDbCircle
 10
-3400.0
 20
4235.0
 30
0.0
 40
50.0
  0
CIRCLE
  5
13E9
330
21
100
AcDbEntity
  8
018
  6
Continuous
 62
     8
370
    30
100
AcDbCircle
 10
-4200.0
 20
4000.0
 30
0.0
 40
50.0
  0
CIRCLE
  5
13EA
330
21
100
AcDbEntity
  8
018
  6
Continuous
 62
     8
370
    30
100
AcDbCircle
 10
-3400.0
 20
12365.0
 30
0.0
 40
50.0
  0
CIRCLE
  5
13EB
330
21
100
AcDbEntity
  8
018
  6
Continuous
 62
     8
370
    30
100
AcDbCircle
 10
-3400.0
 20
12600.0
 30
0.0
 40
50.0
  0
CIRCLE
  5
13EC
330
21
100
AcDbEntity
  8
018
  6
Continuous
 62
     8
370
    30
100
AcDbCircle
 10
-4200.0
 20
12600.0
 30
0.0
 40
50.0
  0
CIRCLE
  5
13ED
330
21
100
AcDbEntity
  8
018
  6
Continuous
 62
     8
370
    30
100
AcDbCircle
 10
-4200.0
 20
14100.00000001164
 30
0.0
 40
50.0
  0
CIRCLE
  5
13EE
330
21
100
AcDbEntity
  8
018
  6
Continuous
 62
     8
370
    30
100
AcDbCircle
 10
0.0
 20
16000.0
 30
0.0
 40
50.0
  0
CIRCLE
  5
13EF
330
21
100
AcDbEntity
  8
018
  6
Continuous
 62
     8
370
    30
100
AcDbCircle
 10
13000.0
 20
16000.0
 30
0.0
 40
50.0
  0
CIRCLE
  5
13F0
330
21
100
AcDbEntity
  8
018
  6
Continuous
 62
     8
370
    30
100
AcDbCircle
 10
11000.0
 20
16000.0
 30
0.0
 40
50.0
  0
CIRCLE
  5
13F1
330
21
100
AcDbEntity
  8
018
  6
Continuous
 62
     8
370
    30
100
AcDbCircle
 10
-3199.57657737346
 20
16000.0
 30
0.0
 40
50.0
  0
CIRCLE
  5
13F2
330
21
100
AcDbEntity
  8
018
  6
Continuous
 62
     8
370
    30
100
AcDbCircle
 10
0.0
 20
15200.0
 30
0.0
 40
50.0
  0
CIRCLE
  5
13F3
330
21
100
AcDbEntity
  8
018
  6
Continuous
 62
     8
370
    30
100
AcDbCircle
 10
235.0
 20
15200.0
 30
0.0
 40
50.0
  0
CIRCLE
  5
13F4
330
21
100
AcDbEntity
  8
018
  6
Continuous
 62
     8
370
    30
100
AcDbCircle
 10
5335.0
 20
15200.0
 30
0.0
 40
50.0
  0
CIRCLE
  5
13F5
330
21
100
AcDbEntity
  8
018
  6
Continuous
 62
     8
370
    30
100
AcDbCircle
 10
10765.0
 20
15200.0
 30
0.0
 40
50.0
  0
CIRCLE
  5
13F6
330
21
100
AcDbEntity
  8
018
  6
Continuous
 62
     8
370
    30
100
AcDbCircle
 10
11000.0
 20
15200.0
 30
0.0
 40
50.0
  0
CIRCLE
  5
13F7
330
21
100
AcDbEntity
  8
018
  6
Continuous
 62
     8
370
    30
100
AcDbCircle
 10
0.0
 20
13495.0
 30
0.0
 40
50.0
  0
CIRCLE
  5
13F8
330
21
100
AcDbEntity
  8
018
  6
Continuous
 62
     8
370
    30
100
AcDbCircle
 10
235.0
 20
13495.0
 30
0.0
 40
50.0
  0
CIRCLE
  5
13F9
330
21
100
AcDbEntity
  8
018
  6
Continuous
 62
     8
370
    30
100
AcDbCircle
 10
5335.0
 20
13495.0
 30
0.0
 40
50.0
  0
CIRCLE
  5
13FA
330
21
100
AcDbEntity
  8
018
  6
Continuous
 62
     8
370
    30
100
AcDbCircle
 10
10765.0
 20
13495.0
 30
0.0
 40
50.0
  0
CIRCLE
  5
13FB
330
21
100
AcDbEntity
  8
018
  6
Continuous
 62
     8
370
    30
100
AcDbCircle
 10
11000.0
 20
13495.0
 30
0.0
 40
50.0
  0
CIRCLE
  5
13FC
330
21
100
AcDbEntity
  8
018
  6
Continuous
 62
     8
370
    30
100
AcDbCircle
 10
5335.0
 20
6035.0
 30
0.0
 40
50.0
  0
CIRCLE
  5
13FD
330
21
100
AcDbEntity
  8
018
  6
Continuous
 62
     8
370
    30
100
AcDbCircle
 10
5335.0
 20
1485.0
 30
0.0
 40
50.0
  0
CIRCLE
  5
13FE
330
21
100
AcDbEntity
  8
018
  6
Continuous
 62
     8
370
    30
100
AcDbCircle
 10
11000.0
 20
1485.0
 30
0.0
 40
50.0
  0
CIRCLE
  5
13FF
330
21
100
AcDbEntity
  8
018
  6
Continuous
 62
     8
370
    30
100
AcDbCircle
 10
-2065.0
 20
12195.0
 30
0.0
 40
50.0
  0
CIRCLE
  5
1400
330
21
100
AcDbEntity
  8
018
  6
Continuous
 62
     8
370
    30
100
AcDbCircle
 10
-2065.0
 20
12600.0
 30
0.0
 40
50.0
  0
CIRCLE
  5
1401
330
21
100
AcDbEntity
  8
018
  6
Continuous
 62
     8
370
    30
100
AcDbCircle
 10
-2065.0
 20
4000.0
 30
0.0
 40
50.0
  0
CIRCLE
  5
1402
330
21
100
AcDbEntity
  8
018
  6
Continuous
 62
     8
370
    30
100
AcDbCircle
 10
-2065.0
 20
4235.0
 30
0.0
 40
50.0
  0
CIRCLE
  5
1403
330
21
100
AcDbEntity
  8
018
  6
Continuous
 62
     8
370
    30
100
AcDbCircle
 10
7335.0
 20
12600.0
 30
0.0
 40
50.0
  0
CIRCLE
  5
1404
330
21
100
AcDbEntity
  8
018
  6
Continuous
 62
     8
370
    30
100
AcDbCircle
 10
14065.0
 20
4000.0
 30
0.0
 40
50.0
  0
CIRCLE
  5
1405
330
21
100
AcDbEntity
  8
018
  6
Continuous
 62
     8
370
    30
100
AcDbCircle
 10
14065.0
 20
12195.0
 30
0.0
 40
50.0
  0
CIRCLE
  5
1406
330
21
100
AcDbEntity
  8
018
  6
Continuous
 62
     8
370
    30
100
AcDbCircle
 10
14065.0
 20
12600.0
 30
0.0
 40
50.0
  0
CIRCLE
  5
1407
330
21
100
AcDbEntity
  8
018
  6
Continuous
 62
     8
370
    30
100
AcDbCircle
 10
14065.0
 20
0.0
 30
0.0
 40
50.0
  0
CIRCLE
  5
1408
330
21
100
AcDbEntity
  8
018
  6
Continuous
 62
     8
370
    30
100
AcDbCircle
 10
14065.0
 20
185.0
 30
0.0
 40
50.0
  0
CIRCLE
  5
1409
330
21
100
AcDbEntity
  8
018
  6
Continuous
 62
     8
370
    30
100
AcDbCircle
 10
5100.0
 20
-3200.0
 30
0.0
 40
50.0
  0
CIRCLE
  5
140A
330
21
100
AcDbEntity
  8
018
  6
Continuous
 62
     8
370
    30
100
AcDbCircle
 10
11000.0
 20
-3200.0
 30
0.0
 40
50.0
  0
CIRCLE
  5
140B
330
21
100
AcDbEntity
  8
018
  6
Continuous
 62
     8
370
    30
100
AcDbCircle
 10
5100.0
 20
-2400.0
 30
0.0
 40
50.0
  0
CIRCLE
  5
140C
330
21
100
AcDbEntity
  8
018
  6
Continuous
 62
     8
370
    30
100
AcDbCircle
 10
5285.0
 20
-2400.0
 30
0.0
 40
50.0
  0
CIRCLE
  5
140D
330
21
100
AcDbEntity
  8
018
  6
Continuous
 62
     8
370
    30
100
AcDbCircle
 10
11000.0
 20
-2400.0
 30
0.0
 40
50.0
  0
CIRCLE
  5
140E
330
21
100
AcDbEntity
  8
018
  6
Continuous
 62
     8
370
    30
100
AcDbCircle
 10
10815.0
 20
-2400.0
 30
0.0
 40
50.0
  0
CIRCLE
  5
140F
330
21
100
AcDbEntity
  8
018
  6
Continuous
 62
     8
370
    30
100
AcDbCircle
 10
5285.0
 20
-1315.0
 30
0.0
 40
50.0
  0
CIRCLE
  5
1410
330
21
100
AcDbEntity
  8
018
  6
Continuous
 62
     8
370
    30
100
AcDbCircle
 10
5335.0
 20
-1315.0
 30
0.0
 40
50.0
  0
CIRCLE
  5
1411
330
21
100
AcDbEntity
  8
018
  6
Continuous
 62
     8
370
    30
100
AcDbCircle
 10
-865.0
 20
13495.0
 30
0.0
 40
50.0
  0
CIRCLE
  5
1412
330
21
100
AcDbEntity
  8
018
  6
Continuous
 62
     8
370
    30
100
AcDbCircle
 10
1335.0
 20
13495.0
 30
0.0
 40
50.0
  0
CIRCLE
  5
1413
330
21
100
AcDbEntity
  8
018
  6
Continuous
 62
     8
370
    30
100
AcDbCircle
 10
4735.0
 20
13495.0
 30
0.0
 40
50.0
  0
CIRCLE
  5
1414
330
21
100
AcDbEntity
  8
018
  6
Continuous
 62
     8
370
    30
100
AcDbCircle
 10
5935.0
 20
13495.00000000002
 30
0.0
 40
50.0
  0
CIRCLE
  5
1415
330
21
100
AcDbEntity
  8
018
  6
Continuous
 62
     8
370
    30
100
AcDbCircle
 10
4235.0
 20
6035.0
 30
0.0
 40
50.0
  0
CIRCLE
  5
1416
330
21
100
AcDbEntity
  8
018
  6
Continuous
 62
     8
370
    30
100
AcDbCircle
 10
6435.0
 20
6035.000000000015
 30
0.0
 40
50.0
  0
CIRCLE
  5
1417
330
21
100
AcDbEntity
  8
018
  6
Continuous
 62
     8
370
    30
100
AcDbCircle
 10
4685.0
 20
1485.0
 30
0.0
 40
50.0
  0
CIRCLE
  5
1418
330
21
100
AcDbEntity
  8
018
  6
Continuous
 62
     8
370
    30
100
AcDbCircle
 10
5885.0
 20
1485.0
 30
0.0
 40
50.0
  0
CIRCLE
  5
1419
330
21
100
AcDbEntity
  8
018
  6
Continuous
 62
     8
370
    30
100
AcDbCircle
 10
10215.0
 20
1485.0
 30
0.0
 40
50.0
  0
CIRCLE
  5
141A
330
21
100
AcDbEntity
  8
018
  6
Continuous
 62
     8
370
    30
100
AcDbCircle
 10
11415.0
 20
1485.0
 30
0.0
 40
50.0
  0
CIRCLE
  5
141B
330
21
100
AcDbEntity
  8
018
  6
Continuous
 62
     8
370
    30
100
AcDbCircle
 10
9665.0
 20
13495.0
 30
0.0
 40
50.0
  0
CIRCLE
  5
141C
330
21
100
AcDbEntity
  8
018
  6
Continuous
 62
     8
370
    30
100
AcDbCircle
 10
11865.0
 20
13495.0
 30
0.0
 40
50.0
  0
CIRCLE
  5
141D
330
21
100
AcDbEntity
  8
018
  6
Continuous
 62
     8
370
    30
100
AcDbCircle
 10
7335.0
 20
12295.0
 30
0.0
 40
50.0
  0
CIRCLE
  5
141E
330
21
100
AcDbEntity
  8
018
  6
Continuous
 62
     8
370
    30
100
AcDbCircle
 10
7335.0
 20
11095.0
 30
0.0
 40
50.0
  0
CIRCLE
  5
141F
330
21
100
AcDbEntity
  8
018
  6
Continuous
 62
     8
370
    30
100
AcDbCircle
 10
14065.0
 20
4835.0
 30
0.0
 40
50.0
  0
CIRCLE
  5
1420
330
21
100
AcDbEntity
  8
018
  6
Continuous
 62
     8
370
    30
100
AcDbCircle
 10
14065.0
 20
3635.0
 30
0.0
 40
50.0
  0
CIRCLE
  5
1421
330
21
100
AcDbEntity
  8
017
  6
Continuous
 62
     0
370
    30
100
AcDbCircle
 10
-5002.522597160947
 20
0.0
 30
0.0
 40
360.0
  0
TEXT
  5
1422
330
21
100
AcDbEntity
  8
017
  6
Continuous
 62
     0
370
    30
100
AcDbText
 10
-5196.550374960934
 20
-149.2521367692316
 30
0.0
 40
298.5042735384615
  1
Y1
 41
1.000390624999934
  7
ÇlÇr ÉSÉVÉbÉN
 72
     5
 11
-4808.49481936096
 21
-149.2521367692316
 31
0.0
100
AcDbText
  0
CIRCLE
  5
1423
330
21
100
AcDbEntity
  8
017
  6
Continuous
 62
     0
370
    30
100
AcDbCircle
 10
-4960.0
 20
12600.0
 30
0.0
 40
360.0
  0
TEXT
  5
1424
330
21
100
AcDbEntity
  8
017
  6
Continuous
 62
     0
370
    30
100
AcDbText
 10
-5154.027777799987
 20
12450.74786323077
 30
0.0
 40
298.5042735384615
  1
Y3
 41
1.000390624999934
  7
ÇlÇr ÉSÉVÉbÉN
 72
     5
 11
-4765.972222200013
 21
12450.74786323077
 31
0.0
100
AcDbText
  0
CIRCLE
  5
1425
330
21
100
AcDbEntity
  8
017
  6
Continuous
 62
     0
370
    30
100
AcDbCircle
 10
-4960.0
 20
4000.0
 30
0.0
 40
360.0
  0
TEXT
  5
1426
330
21
100
AcDbEntity
  8
017
  6
Continuous
 62
     0
370
    30
100
AcDbText
 10
-5154.027777799987
 20
3850.747863230769
 30
0.0
 40
298.5042735384615
  1
Y2
 41
1.000390624999934
  7
ÇlÇr ÉSÉVÉbÉN
 72
     5
 11
-4765.972222200013
 21
3850.747863230769
 31
0.0
100
AcDbText
  0
CIRCLE
  5
1427
330
21
100
AcDbEntity
  8
017
  6
Continuous
 62
     0
370
    30
100
AcDbCircle
 10
5100.0
 20
16760.0
 30
0.0
 40
360.0
  0
TEXT
  5
1428
330
21
100
AcDbEntity
  8
017
  6
Continuous
 62
     0
370
    30
100
AcDbText
 10
4905.972222200013
 20
16610.74786323077
 30
0.0
 40
298.5042735384615
  1
X2
 41
1.000390624999934
  7
ÇlÇr ÉSÉVÉbÉN
 72
     5
 11
5294.027777799987
 21
16610.74786323077
 31
0.0
100
AcDbText
  0
CIRCLE
  5
1429
330
21
100
AcDbEntity
  8
017
  6
Continuous
 62
     0
370
    30
100
AcDbCircle
 10
0.0
 20
16760.0
 30
0.0
 40
360.0
  0
TEXT
  5
142A
330
21
100
AcDbEntity
  8
017
  6
Continuous
 62
     0
370
    30
100
AcDbText
 10
-194.0277777999872
 20
16610.74786323077
 30
0.0
 40
298.5042735384615
  1
X1
 41
1.000390624999934
  7
ÇlÇr ÉSÉVÉbÉN
 72
     5
 11
194.0277777999872
 21
16610.74786323077
 31
0.0
100
AcDbText
  0
CIRCLE
  5
142B
330
21
100
AcDbEntity
  8
017
  6
Continuous
 62
     0
370
    30
100
AcDbCircle
 10
11000.0
 20
16760.0
 30
0.0
 40
360.0
  0
TEXT
  5
142C
330
21
100
AcDbEntity
  8
017
  6
Continuous
 62
     0
370
    30
100
AcDbText
 10
10805.97222220001
 20
16610.74786323077
 30
0.0
 40
298.5042735384615
  1
X3
 41
1.000390624999934
  7
ÇlÇr ÉSÉVÉbÉN
 72
     5
 11
11194.02777779999
 21
16610.74786323077
 31
0.0
100
AcDbText
  0
TEXT
  5
142D
330
21
100
AcDbEntity
  8
016
  6
Continuous
 62
     0
100
AcDbText
 10
-16716.00731162448
 20
-9037.68830111943
 30
0.0
 40
379.6153846709402
  1
ínî’íåèÛâ¸ó«ê}
 41
1.000390625000002
  7
ÇlÇr ÉSÉVÉbÉN
 72
     5
 11
-13261.50731111891
 21
-9037.68830111943
 31
0.0
100
AcDbText
  0
TEXT
  5
142E
330
21
100
AcDbEntity
  8
016
  6
Continuous
 62
     0
100
AcDbText
 10
-12086.13231165227
 20
-9052.635113811448
 30
0.0
 40
298.500000008547
  1
1:100
 41
1.000390625000017
  7
P11a
 72
     5
 11
-11116.00731162448
 21
-9052.635113811448
 31
0.0
100
AcDbText
  0
LINE
  5
142F
330
21
100
AcDbEntity
  8
016
  6
Continuous
 62
     0
100
AcDbLine
 10
-16916.00731162448
 20
-9207.638534029014
 30
0.0
 11
-10916.00731162448
 21
-9207.638534029014
 31
0.0
  0
TEXT
  5
1430
330
21
100
AcDbEntity
  8
011
  6
Continuous
 62
     0
100
AcDbText
 10
-16916.00731162448
 20
-9869.752170396147
 30
0.0
 40
244.2272727342662
  1
ì¡ãLÇ»Ç´å¿ÇËâ∫ãLÇ…ÇÊÇÈ
 41
1.000390625000002
  7
P11a
 72
     5
 11
-13423.55731152446
 21
-9869.752170396147
 31
0.0
100
AcDbText
  0
TEXT
  5
1431
330
21
100
AcDbEntity
  8
011
  6
Continuous
 62
     0
100
AcDbText
 10
-16456.00731162448
 20
-10329.75217039615
 30
0.0
 40
244.2272727342662
  1
 1ÅDäÓëbíÍÇÕSGL-1350Ç∆Ç∑ÇÈ
 41
1.000390625000002
  7
ÇlÇr ÉSÉVÉbÉN
 72
     5
 11
-12328.56640241537
 21
-10329.75217039615
 31
0.0
100
AcDbText
  0
TEXT
  5
1432
330
21
100
AcDbEntity
  8
005
  6
Continuous
 62
     8
370
    30
100
AcDbText
 10
3622.115384615376
 20
405.9090909090883
 30
0.0
 40
244.2307692307692
  1
íåêc
 50
90.0
 41
1.000390625
  7
ÇlÇr ÉSÉVÉbÉN
 72
     5
 11
3622.115384615376
 21
1040.909090909088
 31
0.0
100
AcDbText
  0
TEXT
  5
1433
330
21
100
AcDbEntity
  8
005
  6
Continuous
 62
     8
370
    30
100
AcDbText
 10
-2477.884615384625
 20
4455.909090909089
 30
0.0
 40
244.2307692307692
  1
íåêc
 50
90.0
 41
1.000390625
  7
P9
 72
     5
 11
-2477.884615384625
 21
5090.909090909088
 31
0.0
100
AcDbText
  0
TEXT
  5
1434
330
21
100
AcDbEntity
  8
005
  6
Continuous
 62
     8
370
    30
100
AcDbText
 10
-2477.884615384625
 20
11509.09090909091
 30
0.0
 40
244.2307692307692
  1
íåêc
 50
90.0
 41
1.000390625
  7
P9
 72
     5
 11
-2477.884615384625
 21
12144.09090909091
 31
0.0
100
AcDbText
  0
TEXT
  5
1435
330
21
100
AcDbEntity
  8
005
  6
Continuous
 62
     8
370
    30
100
AcDbText
 10
9909.090909090912
 20
14277.88461538463
 30
0.0
 40
244.2307692307692
  1
íåêc
 41
1.000390625
  7
P9
 72
     5
 11
10544.09090909091
 21
14277.88461538463
 31
0.0
100
AcDbText
  0
TEXT
  5
1436
330
21
100
AcDbEntity
  8
005
  6
Continuous
 62
     8
370
    30
100
AcDbText
 10
5555.909090909088
 20
14277.88461538463
 30
0.0
 40
244.2307692307692
  1
íåêc
 41
1.000390625
  7
P9
 72
     5
 11
6190.909090909088
 21
14277.88461538463
 31
0.0
100
AcDbText
  0
TEXT
  5
1437
330
21
100
AcDbEntity
  8
005
  6
Continuous
 62
     8
370
    30
100
AcDbText
 10
455.9090909090883
 20
14277.88461538463
 30
0.0
 40
244.2307692307692
  1
íåêc
 41
1.000390625
  7
P9
 72
     5
 11
1090.909090909088
 21
14277.88461538463
 31
0.0
100
AcDbText
  0
TEXT
  5
1438
330
21
100
AcDbEntity
  8
005
  6
Continuous
 62
     8
370
    30
100
AcDbText
 10
5505.909090909088
 20
-1722.115384615383
 30
0.0
 40
244.2307692307692
  1
íåêc
 41
1.000390625
  7
ÇlÇr ÉSÉVÉbÉN
 72
     5
 11
6140.909090909088
 21
-1722.115384615383
 31
0.0
100
AcDbText
  0
TEXT
  5
1439
330
21
100
AcDbEntity
  8
005
  6
Continuous
 62
     8
370
    30
100
AcDbText
 10
9959.090909090912
 20
-1722.115384615383
 30
0.0
 40
244.2307692307692
  1
íåêc
 41
1.000390625
  7
ÇlÇr ÉSÉVÉbÉN
 72
     5
 11
10594.09090909091
 21
-1722.115384615383
 31
0.0
100
AcDbText
  0
LWPOLYLINE
  5
143A
330
21
100
AcDbEntity
  8
004
  6
Continuous
 62
     8
370
    30
100
AcDbPolyline
 90
        3
 70
     1
 43
0.0
 10
3603.923048454133
 20
365.0
 10
3500.0
 20
185.0
 10
3396.076951545867
 20
365.0
  0
LWPOLYLINE
  5
143B
330
21
100
AcDbEntity
  8
004
  6
Continuous
 62
     8
370
    30
100
AcDbPolyline
 90
        3
 70
     1
 43
0.0
 10
-2703.923048454133
 20
4415.0
 10
-2600.0
 20
4235.0
 10
-2496.076951545867
 20
4415.0
  0
LWPOLYLINE
  5
143C
330
21
100
AcDbEntity
  8
004
  6
Continuous
 62
     8
370
    30
100
AcDbPolyline
 90
        3
 70
     1
 43
0.0
 10
-2703.923048454133
 20
12185.0
 10
-2496.076951545867
 20
12185.0
 10
-2600.0
 20
12365.0
  0
LWPOLYLINE
  5
143D
330
21
100
AcDbEntity
  8
004
  6
Continuous
 62
     8
370
    30
100
AcDbPolyline
 90
        3
 70
     1
 43
0.0
 10
10585.0
 20
14503.92304845413
 10
10585.0
 20
14296.07695154587
 10
10765.0
 20
14400.0
  0
LWPOLYLINE
  5
143E
330
21
100
AcDbEntity
  8
004
  6
Continuous
 62
     8
370
    30
100
AcDbPolyline
 90
        3
 70
     1
 43
0.0
 10
5515.0
 20
14503.92304845413
 10
5335.0
 20
14400.0
 10
5515.0
 20
14296.07695154587
  0
LWPOLYLINE
  5
143F
330
21
100
AcDbEntity
  8
004
  6
Continuous
 62
     8
370
    30
100
AcDbPolyline
 90
        3
 70
     1
 43
0.0
 10
415.0
 20
14503.92304845413
 10
235.0
 20
14400.0
 10
415.0
 20
14296.07695154587
  0
LWPOLYLINE
  5
1440
330
21
100
AcDbEntity
  8
004
  6
Continuous
 62
     8
370
    30
100
AcDbPolyline
 90
        3
 70
     1
 43
0.0
 10
5465.0
 20
-1496.076951545867
 10
5285.0
 20
-1600.0
 10
5465.0
 20
-1703.923048454133
  0
LWPOLYLINE
  5
1441
330
21
100
AcDbEntity
  8
004
  6
Continuous
 62
     8
370
    30
100
AcDbPolyline
 90
        3
 70
     1
 43
0.0
 10
10635.0
 20
-1496.076951545867
 10
10635.0
 20
-1703.923048454133
 10
10815.0
 20
-1600.0
  0
LINE
  5
1442
330
21
100
AcDbEntity
  8
003
  6
CENTER
 62
     8
370
    30
100
AcDbLine
 10
-3199.607155220234
 20
14000.00077163807
 30
0.0
 11
-3204.700133169157
 21
-2655.641150422766
 31
0.0
  0
CIRCLE
  5
1443
330
21
100
AcDbEntity
  8
003
  6
Continuous
 62
     0
370
    30
100
AcDbCircle
 10
-3204.730711263081
 20
-2755.641145747672
 30
0.0
 40
100.0
  0
LINE
  5
1444
330
21
100
AcDbEntity
  8
003
  6
Continuous
 62
     8
370
    30
100
AcDbLine
 10
-3104.741788647982
 20
-2655.630069580395
 30
0.0
 11
-3304.741787421023
 21
-2655.652223161065
 31
0.0
  0
LINE
  5
1445
330
21
100
AcDbEntity
  8
003
  6
Continuous
 62
     8
370
    30
100
AcDbLine
 10
-3304.741787421023
 20
-2655.652223161065
 30
0.0
 11
-3304.719633840345
 21
-2855.652221934113
 31
0.0
  0
LINE
  5
1446
330
21
100
AcDbEntity
  8
003
  6
Continuous
 62
     8
370
    30
100
AcDbLine
 10
-3204.741788034502
 20
-2655.641146370734
 30
0.0
 11
-3204.719634453825
 21
-2855.641145143775
 31
0.0
  0
LINE
  5
1447
330
21
100
AcDbEntity
  8
003
  6
Continuous
 62
     8
370
    30
100
AcDbLine
 10
-3104.719635067275
 20
-2855.630068353443
 30
0.0
 11
-3104.741788647982
 21
-2655.630069580395
 31
0.0
  0
LINE
  5
1448
330
21
100
AcDbEntity
  8
003
  6
Continuous
 62
     8
370
    30
100
AcDbLine
 10
-3304.730710630684
 20
-2755.652222547593
 30
0.0
 11
-3104.730711857643
 21
-2755.630068966915
 31
0.0
  0
LINE
  5
1449
330
21
100
AcDbEntity
  8
003
  6
Continuous
 62
     8
370
    30
100
AcDbLine
 10
-3304.719633840345
 20
-2855.652221934113
 30
0.0
 11
-3104.719635067275
 21
-2855.630068353443
 31
0.0
  0
CIRCLE
  5
144A
330
21
100
AcDbEntity
  8
003
  6
Continuous
 62
     0
370
    30
100
AcDbCircle
 10
-3199.999999999971
 20
14100.0
 30
0.0
 40
100.0
  0
LINE
  5
144B
330
21
100
AcDbEntity
  8
003
  6
Continuous
 62
     8
370
    30
100
AcDbLine
 10
-3099.587654777279
 20
14200.01107617686
 30
0.0
 11
-3299.587653550349
 21
14199.9889225962
 31
0.0
  0
LINE
  5
144C
330
21
100
AcDbEntity
  8
003
  6
Continuous
 62
     8
370
    30
100
AcDbLine
 10
-3299.587653550349
 20
14199.9889225962
 30
0.0
 11
-3299.565499969671
 21
13999.98892382314
 31
0.0
  0
LINE
  5
144D
330
21
100
AcDbEntity
  8
003
  6
Continuous
 62
     8
370
    30
100
AcDbLine
 10
-3199.587654163799
 20
14199.99999938652
 30
0.0
 11
-3199.565500583151
 21
14000.00000061348
 31
0.0
  0
LINE
  5
144E
330
21
100
AcDbEntity
  8
003
  6
Continuous
 62
     8
370
    30
100
AcDbLine
 10
-3099.565501196601
 20
14000.01107740381
 30
0.0
 11
-3099.587654777279
 21
14200.01107617686
 31
0.0
  0
LINE
  5
144F
330
21
100
AcDbEntity
  8
003
  6
Continuous
 62
     8
370
    30
100
AcDbLine
 10
-3299.57657676001
 20
14099.98892320966
 30
0.0
 11
-3099.57657798694
 21
14100.01107679034
 31
0.0
  0
LINE
  5
1450
330
21
100
AcDbEntity
  8
003
  6
Continuous
 62
     8
370
    30
100
AcDbLine
 10
-3299.565499969671
 20
13999.98892382314
 30
0.0
 11
-3099.565501196601
 21
14000.01107740381
 31
0.0
  0
TEXT
  5
1452
330
21
100
AcDbEntity
  8
003
  6
CENTER
 62
     8
370
    30
100
AcDbText
 10
-2880.401942340541
 20
4878.429810607646
 30
0.0
 40
244.2307692307692
  1
ìπòHã´äEê¸
 50
90.0
 41
1.000390625
  7
P9(ê°ñ@)
 72
     5
 11
-2880.401942340541
 21
6465.929810607646
 31
0.0
100
AcDbText
  0
LINE
  5
1453
330
21
100
AcDbEntity
  8
003
  6
CENTER
 62
     8
370
    30
100
AcDbLine
 10
-3099.999999999971
 20
14100.00000001164
 30
0.0
 11
13500.0
 21
14100.00000001164
 31
0.0
  0
TEXT
  5
1454
330
21
100
AcDbEntity
  8
003
  6
CENTER
 62
     8
370
    30
100
AcDbText
 10
3056.25
 20
13778.24829815748
 30
0.0
 40
244.2307692307692
  1
ó◊ínã´äEê¸
 41
1.000390625
  7
P9(ê°ñ@)
 72
     5
 11
4643.75
 21
13778.24829815748
 31
0.0
100
AcDbText
  0
LINE
  5
1455
330
21
100
AcDbEntity
  8
002
  6
CENTER
 62
     8
370
     9
100
AcDbLine
 10
235.0
 20
12895.0
 30
0.0
 11
235.0
 21
3535.0
 31
0.0
  0
LINE
  5
1456
330
21
100
AcDbEntity
  8
002
  6
CENTER
 62
     8
370
     9
100
AcDbLine
 10
10765.0
 20
12895.0
 30
0.0
 11
10765.0
 21
3035.0
 31
0.0
  0
LINE
  5
1457
330
21
100
AcDbEntity
  8
002
  6
CENTER
 62
     8
370
     9
100
AcDbLine
 10
-1465.0
 20
4235.0
 30
0.0
 11
1935.0
 21
4235.0
 31
0.0
  0
LINE
  5
1458
330
21
100
AcDbEntity
  8
002
  6
CENTER
 62
     8
370
     9
100
AcDbLine
 10
4085.0
 20
185.0
 30
0.0
 11
13265.0
 21
185.0
 31
0.0
  0
LINE
  5
1459
330
21
100
AcDbEntity
  8
002
  6
CENTER
 62
     8
370
     9
100
AcDbLine
 10
5285.0
 20
-1315.0
 30
0.0
 11
5285.0
 21
-1600.0
 31
0.0
  0
LINE
  5
145A
330
21
100
AcDbEntity
  8
002
  6
CENTER
 62
     8
370
     9
100
AcDbLine
 10
-865.0
 20
12895.0
 30
0.0
 11
-865.0
 21
3535.0
 31
0.0
  0
LINE
  5
145B
330
21
100
AcDbEntity
  8
002
  6
CENTER
 62
     8
370
     9
100
AcDbLine
 10
1335.0
 20
12895.0
 30
0.0
 11
1335.0
 21
3535.0
 31
0.0
  0
LINE
  5
145C
330
21
100
AcDbEntity
  8
002
  6
CENTER
 62
     8
370
     9
100
AcDbLine
 10
-1465.0
 20
12195.0
 30
0.0
 11
1935.0
 21
12195.0
 31
0.0
  0
LINE
  5
145D
330
21
100
AcDbEntity
  8
002
  6
CENTER
 62
     8
370
     9
100
AcDbLine
 10
9065.0
 20
12195.0
 30
0.0
 11
13265.0
 21
12195.0
 31
0.0
  0
LINE
  5
145E
330
21
100
AcDbEntity
  8
002
  6
CENTER
 62
     8
370
     9
100
AcDbLine
 10
4735.0
 20
10495.0
 30
0.0
 11
4735.0
 21
12895.0
 31
0.0
  0
LINE
  5
145F
330
21
100
AcDbEntity
  8
002
  6
CENTER
 62
     8
370
     9
100
AcDbLine
 10
5935.0
 20
10495.0
 30
0.0
 11
5935.0
 21
12895.0
 31
0.0
  0
LINE
  5
1460
330
21
100
AcDbEntity
  8
002
  6
CENTER
 62
     8
370
     9
100
AcDbLine
 10
4235.0
 20
3035.0
 30
0.0
 11
4235.0
 21
5435.0
 31
0.0
  0
LINE
  5
1461
330
21
100
AcDbEntity
  8
002
  6
CENTER
 62
     8
370
     9
100
AcDbLine
 10
6435.0
 20
3035.0
 30
0.0
 11
6435.0
 21
5435.0
 31
0.0
  0
LINE
  5
1462
330
21
100
AcDbEntity
  8
002
  6
CENTER
 62
     8
370
     9
100
AcDbLine
 10
4685.0
 20
-515.0
 30
0.0
 11
4685.0
 21
885.0
 31
0.0
  0
LINE
  5
1463
330
21
100
AcDbEntity
  8
002
  6
CENTER
 62
     8
370
     9
100
AcDbLine
 10
5885.0
 20
-515.0
 30
0.0
 11
5885.0
 21
885.0
 31
0.0
  0
LINE
  5
1464
330
21
100
AcDbEntity
  8
002
  6
CENTER
 62
     8
370
     9
100
AcDbLine
 10
10215.0
 20
-515.0
 30
0.0
 11
10215.0
 21
885.0
 31
0.0
  0
LINE
  5
1465
330
21
100
AcDbEntity
  8
002
  6
CENTER
 62
     8
370
     9
100
AcDbLine
 10
11415.0
 20
-515.0
 30
0.0
 11
11415.0
 21
885.0
 31
0.0
  0
LINE
  5
1466
330
21
100
AcDbEntity
  8
002
  6
CENTER
 62
     8
370
     9
100
AcDbLine
 10
9665.0
 20
12895.0
 30
0.0
 11
9665.0
 21
3035.0
 31
0.0
  0
LINE
  5
1467
330
21
100
AcDbEntity
  8
002
  6
CENTER
 62
     8
370
     9
100
AcDbLine
 10
11865.0
 20
12895.0
 30
0.0
 11
11865.0
 21
3035.0
 31
0.0
  0
LINE
  5
1468
330
21
100
AcDbEntity
  8
002
  6
CENTER
 62
     8
370
     9
100
AcDbLine
 10
6535.0
 20
12295.0
 30
0.0
 11
4135.0
 21
12295.0
 31
0.0
  0
LINE
  5
1469
330
21
100
AcDbEntity
  8
002
  6
CENTER
 62
     8
370
     9
100
AcDbLine
 10
6535.0
 20
11095.0
 30
0.0
 11
4135.0
 21
11095.0
 31
0.0
  0
LINE
  5
146A
330
21
100
AcDbEntity
  8
002
  6
CENTER
 62
     8
370
     9
100
AcDbLine
 10
13265.0
 20
4835.0
 30
0.0
 11
3635.0
 21
4835.0
 31
0.0
  0
LINE
  5
146B
330
21
100
AcDbEntity
  8
002
  6
CENTER
 62
     8
370
     9
100
AcDbLine
 10
13265.0
 20
3635.0
 30
0.0
 11
3635.0
 21
3635.0
 31
0.0
  0
LINE
  5
146C
330
21
100
AcDbEntity
  8
001
  6
CENTER
370
    18
100
AcDbLine
 10
13000.0
 20
12600.0
 30
0.0
 11
13500.0
 21
12600.0
 31
0.0
  0
LINE
  5
146D
330
21
100
AcDbEntity
  8
001
  6
CENTER
370
    18
100
AcDbLine
 10
13000.0
 20
-3300.0
 30
0.0
 11
13000.0
 21
14200.0
 31
0.0
  0
LINE
  5
146E
330
21
100
AcDbEntity
  8
001
  6
CENTER
370
    18
100
AcDbLine
 10
0.0
 20
-3200.000000000001
 30
0.0
 11
0.0
 21
14400.0
 31
0.0
  0
LINE
  5
146F
330
21
100
AcDbEntity
  8
001
  6
CENTER
370
    18
100
AcDbLine
 10
-2600.0
 20
4000.0
 30
0.0
 11
13265.0
 21
4000.0
 31
0.0
  0
LINE
  5
1470
330
21
100
AcDbEntity
  8
001
  6
CENTER
370
    18
100
AcDbLine
 10
-2600.0
 20
12600.0
 30
0.0
 11
13265.0
 21
12600.0
 31
0.0
  0
LINE
  5
1471
102
{ACAD_REACTORS
330
19B6
102
}
330
21
100
AcDbEntity
  8
001
  6
CENTER
370
    18
100
AcDbLine
 10
-2600.0
 20
0.0
 30
0.0
 11
13265.0
 21
0.0
 31
0.0
  0
LINE
  5
1472
330
21
100
AcDbEntity
  8
001
  6
CENTER
 62
     8
370
    18
100
AcDbLine
 10
5335.0
 20
14400.0
 30
0.0
 11
5335.0
 21
-515.0
 31
0.0
  0
LINE
  5
1473
330
21
100
AcDbEntity
  8
001
  6
CENTER
370
    18
100
AcDbLine
 10
11000.0
 20
14400.0
 30
0.0
 11
11000.0
 21
-1600.0
 31
0.0
  0
CIRCLE
  5
198A
330
21
100
AcDbEntity
  8
0
 62
     0
100
AcDbCircle
 10
0.0
 20
0.0
 30
0.0
 40
300.0
  0
TEXT
  5
1995
330
21
100
AcDbEntity
  8
0
100
AcDbText
 10
159.2492754362465
 20
2249.421024976415
 30
0.0
 40
500.0
  1
å¥ì_
  7
M-pro
100
AcDbText
  0
TEXT
  5
1996
330
21
100
AcDbEntity
  8
0
100
AcDbText
 10
-9127.007602814498
 20
-222.9811978443759
 30
0.0
 40
500.0
  1
X=0.000
  7
M-pro
100
AcDbText
  0
TEXT
  5
1997
330
21
100
AcDbEntity
  8
0
100
AcDbText
 10
-843.3714554956241
 20
-6759.614777724608
 30
0.0
 40
500.0
  1
Y=0.000
 50
45.0
  7
M-pro
100
AcDbText
  0
TEXT
  5
1998
330
21
100
AcDbEntity
  8
0
100
AcDbText
 10
-9127.007602814498
 20
3777.018802155624
 30
0.0
 40
500.0
  1
X=4.000
  7
M-pro
100
AcDbText
  0
TEXT
  5
1999
330
21
100
AcDbEntity
  8
0
100
AcDbText
 10
-9127.007602814498
 20
12377.01880215563
 30
0.0
 40
500.0
  1
X=12.600
  7
M-pro
100
AcDbText
  0
TEXT
  5
199B
330
21
100
AcDbEntity
  8
0
100
AcDbText
 10
4356.006707705179
 20
-6759.614777724608
 30
0.0
 40
500.0
  1
Y=5.100
 50
45.0
  7
M-pro
100
AcDbText
  0
TEXT
  5
199C
330
21
100
AcDbEntity
  8
0
100
AcDbText
 10
10071.39522172007
 20
-6759.614777724608
 30
0.0
 40
500.0
  1
Y=11.000
 50
45.0
  7
M-pro
100
AcDbText
  0
LEADER
  5
19B3
102
{ACAD_REACTORS
330
19B6
102
}
102
{ACAD_XDICTIONARY
360
19B5
102
}
330
21
100
AcDbEntity
  8
0
100
AcDbLeader
  3
DIM-A
 73
     0
 74
     0
 75
     1
 40
1333.333333333333
 41
936.5482233502538
 76
     3
 10
0.0
 20
0.0
 30
0.0
 10
337.8942666755559
 20
632.5271398302266
 30
0.0
 10
338.8942666755559
 20
632.5271398302266
 30
0.0
340
19B4
  0
MTEXT
  5
19B4
102
{ACAD_REACTORS
330
19B3
102
}
330
21
100
AcDbEntity
  8
0
100
AcDbMText
 10
388.8942666755559
 20
682.5271398302266
 30
0.0
 40
500.0
 41
0.0
 71
     7
 72
     1
  1
\A1;X=0\PY=0
  7
MSÉSÉVÉbÉN
 73
     1
 44
1.0
  0
CIRCLE
  5
19C1
330
21
100
AcDbEntity
  8
çYêcèEÇ¢èoÇµ
 62
     8
100
AcDbCircle
 10
-865.0
 20
12195.0
 30
0.0
 40
250.0
  0
CIRCLE
  5
19C2
330
21
100
AcDbEntity
  8
çYêcèEÇ¢èoÇµ
 62
     8
100
AcDbCircle
 10
235.0
 20
12195.0
 30
0.0
 40
250.0
  0
CIRCLE
  5
19C3
330
21
100
AcDbEntity
  8
çYêcèEÇ¢èoÇµ
 62
     8
100
AcDbCircle
 10
1335.0
 20
12195.0
 30
0.0
 40
250.0
  0
CIRCLE
  5
19C4
330
21
100
AcDbEntity
  8
çYêcèEÇ¢èoÇµ
 62
     8
100
AcDbCircle
 10
-865.0
 20
4235.0
 30
0.0
 40
250.0
  0
CIRCLE
  5
19C5
330
21
100
AcDbEntity
  8
çYêcèEÇ¢èoÇµ
 62
     8
100
AcDbCircle
 10
235.0
 20
4235.0
 30
0.0
 40
250.0
  0
CIRCLE
  5
19C6
330
21
100
AcDbEntity
  8
çYêcèEÇ¢èoÇµ
 62
     8
100
AcDbCircle
 10
1335.0
 20
4235.0
 30
0.0
 40
250.0
  0
CIRCLE
  5
19C7
330
21
100
AcDbEntity
  8
çYêcèEÇ¢èoÇµ
 62
     8
100
AcDbCircle
 10
4735.0
 20
12295.0
 30
0.0
 40
250.0
  0
CIRCLE
  5
19C8
330
21
100
AcDbEntity
  8
çYêcèEÇ¢èoÇµ
 62
     8
100
AcDbCircle
 10
5935.0
 20
12295.0
 30
0.0
 40
250.0
  0
CIRCLE
  5
19C9
330
21
100
AcDbEntity
  8
çYêcèEÇ¢èoÇµ
 62
     8
100
AcDbCircle
 10
4735.0
 20
11095.0
 30
0.0
 40
250.0
  0
CIRCLE
  5
19CA
330
21
100
AcDbEntity
  8
çYêcèEÇ¢èoÇµ
 62
     8
100
AcDbCircle
 10
5935.0
 20
11095.0
 30
0.0
 40
250.0
  0
CIRCLE
  5
19CB
330
21
100
AcDbEntity
  8
çYêcèEÇ¢èoÇµ
 62
     8
100
AcDbCircle
 10
4235.0
 20
4835.0
 30
0.0
 40
250.0
  0
CIRCLE
  5
19CC
330
21
100
AcDbEntity
  8
çYêcèEÇ¢èoÇµ
 62
     8
100
AcDbCircle
 10
5335.0
 20
4835.0
 30
0.0
 40
250.0
  0
CIRCLE
  5
19CD
330
21
100
AcDbEntity
  8
çYêcèEÇ¢èoÇµ
 62
     8
100
AcDbCircle
 10
6435.0
 20
4835.0
 30
0.0
 40
250.0
  0
CIRCLE
  5
19CE
330
21
100
AcDbEntity
  8
çYêcèEÇ¢èoÇµ
 62
     8
100
AcDbCircle
 10
4235.0
 20
3635.0
 30
0.0
 40
250.0
  0
CIRCLE
  5
19CF
330
21
100
AcDbEntity
  8
çYêcèEÇ¢èoÇµ
 62
     8
100
AcDbCircle
 10
5335.0
 20
3635.0
 30
0.0
 40
250.0
  0
CIRCLE
  5
19D0
330
21
100
AcDbEntity
  8
çYêcèEÇ¢èoÇµ
 62
     8
100
AcDbCircle
 10
6435.0
 20
3635.0
 30
0.0
 40
250.0
  0
CIRCLE
  5
19D1
330
21
100
AcDbEntity
  8
çYêcèEÇ¢èoÇµ
 62
     8
100
AcDbCircle
 10
4685.0
 20
185.0
 30
0.0
 40
250.0
  0
CIRCLE
  5
19D2
330
21
100
AcDbEntity
  8
çYêcèEÇ¢èoÇµ
 62
     8
100
AcDbCircle
 10
5885.0
 20
185.0
 30
0.0
 40
250.0
  0
CIRCLE
  5
19D3
330
21
100
AcDbEntity
  8
çYêcèEÇ¢èoÇµ
 62
     8
100
AcDbCircle
 10
9665.0
 20
12195.0
 30
0.0
 40
250.0
  0
CIRCLE
  5
19D4
330
21
100
AcDbEntity
  8
çYêcèEÇ¢èoÇµ
 62
     8
100
AcDbCircle
 10
10765.0
 20
12195.0
 30
0.0
 40
250.0
  0
CIRCLE
  5
19D5
330
21
100
AcDbEntity
  8
çYêcèEÇ¢èoÇµ
 62
     8
100
AcDbCircle
 10
11865.0
 20
12195.0
 30
0.0
 40
250.0
  0
CIRCLE
  5
19D6
330
21
100
AcDbEntity
  8
çYêcèEÇ¢èoÇµ
 62
     8
100
AcDbCircle
 10
9665.0
 20
4835.0
 30
0.0
 40
250.0
  0
CIRCLE
  5
19D7
330
21
100
AcDbEntity
  8
çYêcèEÇ¢èoÇµ
 62
     8
100
AcDbCircle
 10
10765.0
 20
4835.0
 30
0.0
 40
250.0
  0
CIRCLE
  5
19D8
330
21
100
AcDbEntity
  8
çYêcèEÇ¢èoÇµ
 62
     8
100
AcDbCircle
 10
11865.0
 20
4835.0
 30
0.0
 40
250.0
  0
CIRCLE
  5
19D9
330
21
100
AcDbEntity
  8
çYêcèEÇ¢èoÇµ
 62
     8
100
AcDbCircle
 10
9665.0
 20
3635.0
 30
0.0
 40
250.0
  0
CIRCLE
  5
19DA
330
21
100
AcDbEntity
  8
çYêcèEÇ¢èoÇµ
 62
     8
100
AcDbCircle
 10
10765.0
 20
3635.0
 30
0.0
 40
250.0
  0
CIRCLE
  5
19DC
330
21
100
AcDbEntity
  8
çYêcèEÇ¢èoÇµ
 62
     8
100
AcDbCircle
 10
11865.0
 20
3635.0
 30
0.0
 40
250.0
  0
CIRCLE
  5
19DD
330
21
100
AcDbEntity
  8
çYêcèEÇ¢èoÇµ
 62
     8
100
AcDbCircle
 10
10215.0
 20
185.0
 30
0.0
 40
250.0
  0
CIRCLE
  5
19DE
330
21
100
AcDbEntity
  8
çYêcèEÇ¢èoÇµ
 62
     8
100
AcDbCircle
 10
11415.0
 20
185.0
 30
0.0
 40
250.0
  0
TEXT
  5
1A78
330
21
100
AcDbEntity
  8
çYêcèEÇ¢èoÇµ
 62
     8
100
AcDbText
 10
-1107.012133838609
 20
12761.43321845874
 30
0.0
 40
250.0
  1
No.1
  7
MSÉSÉVÉbÉN
 11
-1107.012133838609
 21
12715.74793927092
 31
0.0
100
AcDbText
 73
     1
  0
TEXT
  5
1A79
330
21
100
AcDbEntity
  8
çYêcèEÇ¢èoÇµ
 62
     8
100
AcDbText
 10
-7.012133838608858
 20
12761.43321845874
 30
0.0
 40
250.0
  1
No.2
  7
MSÉSÉVÉbÉN
 11
-7.012133838608861
 21
12715.74793927092
 31
0.0
100
AcDbText
 73
     1
  0
TEXT
  5
1A7A
330
21
100
AcDbEntity
  8
çYêcèEÇ¢èoÇµ
 62
     8
100
AcDbText
 10
1092.987866161391
 20
12761.43321845874
 30
0.0
 40
250.0
  1
No.3
  7
MSÉSÉVÉbÉN
 11
1092.987866161391
 21
12715.74793927092
 31
0.0
100
AcDbText
 73
     1
  0
TEXT
  5
1A7B
330
21
100
AcDbEntity
  8
çYêcèEÇ¢èoÇµ
 62
     8
100
AcDbText
 10
-1107.012133838609
 20
4801.433218458738
 30
0.0
 40
250.0
  1
No.4
  7
MSÉSÉVÉbÉN
 11
-1107.012133838609
 21
4755.747939270921
 31
0.0
100
AcDbText
 73
     1
  0
TEXT
  5
1A7C
330
21
100
AcDbEntity
  8
çYêcèEÇ¢èoÇµ
 62
     8
100
AcDbText
 10
-7.012133838608858
 20
4801.433218458738
 30
0.0
 40
250.0
  1
No.5
  7
MSÉSÉVÉbÉN
 11
-7.012133838608861
 21
4755.747939270921
 31
0.0
100
AcDbText
 73
     1
  0
TEXT
  5
1A7D
330
21
100
AcDbEntity
  8
çYêcèEÇ¢èoÇµ
 62
     8
100
AcDbText
 10
1092.987866161391
 20
4801.433218458738
 30
0.0
 40
250.0
  1
No.6
  7
MSÉSÉVÉbÉN
 11
1092.987866161391
 21
4755.747939270921
 31
0.0
100
AcDbText
 73
     1
  0
TEXT
  5
1A7E
330
21
100
AcDbEntity
  8
çYêcèEÇ¢èoÇµ
 62
     8
100
AcDbText
 10
4492.987866161391
 20
12861.43321845874
 30
0.0
 40
250.0
  1
No.7
  7
MSÉSÉVÉbÉN
 11
4492.987866161391
 21
12815.74793927092
 31
0.0
100
AcDbText
 73
     1
  0
TEXT
  5
1A7F
330
21
100
AcDbEntity
  8
çYêcèEÇ¢èoÇµ
 62
     8
100
AcDbText
 10
5692.987866161391
 20
12861.43321845874
 30
0.0
 40
250.0
  1
No.8
  7
MSÉSÉVÉbÉN
 11
5692.987866161391
 21
12815.74793927092
 31
0.0
100
AcDbText
 73
     1
  0
TEXT
  5
1A80
330
21
100
AcDbEntity
  8
çYêcèEÇ¢èoÇµ
 62
     8
100
AcDbText
 10
4492.987866161391
 20
11661.43321845874
 30
0.0
 40
250.0
  1
No.9
  7
MSÉSÉVÉbÉN
 11
4492.987866161391
 21
11615.74793927092
 31
0.0
100
AcDbText
 73
     1
  0
TEXT
  5
1A81
330
21
100
AcDbEntity
  8
çYêcèEÇ¢èoÇµ
 62
     8
100
AcDbText
 10
5692.987866161391
 20
11661.43321845874
 30
0.0
 40
250.0
  1
No.10
  7
MSÉSÉVÉbÉN
 11
5692.987866161391
 21
11615.74793927092
 31
0.0
100
AcDbText
 73
     1
  0
TEXT
  5
1A82
330
21
100
AcDbEntity
  8
çYêcèEÇ¢èoÇµ
 62
     8
100
AcDbText
 10
3992.987866161391
 20
5401.433218458738
 30
0.0
 40
250.0
  1
No.11
  7
MSÉSÉVÉbÉN
 11
3992.987866161391
 21
5355.747939270921
 31
0.0
100
AcDbText
 73
     1
  0
TEXT
  5
1A83
330
21
100
AcDbEntity
  8
çYêcèEÇ¢èoÇµ
 62
     8
100
AcDbText
 10
5092.987866161391
 20
5401.433218458738
 30
0.0
 40
250.0
  1
No.12
  7
MSÉSÉVÉbÉN
 11
5092.987866161391
 21
5355.747939270921
 31
0.0
100
AcDbText
 73
     1
  0
TEXT
  5
1A84
330
21
100
AcDbEntity
  8
çYêcèEÇ¢èoÇµ
 62
     8
100
AcDbText
 10
6192.987866161391
 20
5401.433218458738
 30
0.0
 40
250.0
  1
No.13
  7
MSÉSÉVÉbÉN
 11
6192.987866161391
 21
5355.747939270921
 31
0.0
100
AcDbText
 73
     1
  0
TEXT
  5
1A85
330
21
100
AcDbEntity
  8
çYêcèEÇ¢èoÇµ
 62
     8
100
AcDbText
 10
3992.987866161391
 20
4201.433218458739
 30
0.0
 40
250.0
  1
No.14
  7
MSÉSÉVÉbÉN
 11
3992.987866161391
 21
4155.747939270921
 31
0.0
100
AcDbText
 73
     1
  0
TEXT
  5
1A86
330
21
100
AcDbEntity
  8
çYêcèEÇ¢èoÇµ
 62
     8
100
AcDbText
 10
5092.987866161391
 20
4201.433218458739
 30
0.0
 40
250.0
  1
No.15
  7
MSÉSÉVÉbÉN
 11
5092.987866161391
 21
4155.747939270921
 31
0.0
100
AcDbText
 73
     1
  0
TEXT
  5
1A87
330
21
100
AcDbEntity
  8
çYêcèEÇ¢èoÇµ
 62
     8
100
AcDbText
 10
6192.987866161391
 20
4201.433218458739
 30
0.0
 40
250.0
  1
No.16
  7
MSÉSÉVÉbÉN
 11
6192.987866161391
 21
4155.747939270921
 31
0.0
100
AcDbText
 73
     1
  0
TEXT
  5
1A88
330
21
100
AcDbEntity
  8
çYêcèEÇ¢èoÇµ
 62
     8
100
AcDbText
 10
4442.987866161391
 20
751.4332184587383
 30
0.0
 40
250.0
  1
No.17
  7
MSÉSÉVÉbÉN
 11
4442.987866161391
 21
705.747939270921
 31
0.0
100
AcDbText
 73
     1
  0
TEXT
  5
1A89
330
21
100
AcDbEntity
  8
çYêcèEÇ¢èoÇµ
 62
     8
100
AcDbText
 10
5642.987866161391
 20
751.4332184587383
 30
0.0
 40
250.0
  1
No.18
  7
MSÉSÉVÉbÉN
 11
5642.987866161391
 21
705.747939270921
 31
0.0
100
AcDbText
 73
     1
  0
TEXT
  5
1A8A
330
21
100
AcDbEntity
  8
çYêcèEÇ¢èoÇµ
 62
     8
100
AcDbText
 10
9422.987866161391
 20
12761.43321845874
 30
0.0
 40
250.0
  1
No.19
  7
MSÉSÉVÉbÉN
 11
9422.987866161391
 21
12715.74793927092
 31
0.0
100
AcDbText
 73
     1
  0
TEXT
  5
1A8B
330
21
100
AcDbEntity
  8
çYêcèEÇ¢èoÇµ
 62
     8
100
AcDbText
 10
10522.98786616139
 20
12761.43321845874
 30
0.0
 40
250.0
  1
No.20
  7
MSÉSÉVÉbÉN
 11
10522.98786616139
 21
12715.74793927092
 31
0.0
100
AcDbText
 73
     1
  0
TEXT
  5
1A8C
330
21
100
AcDbEntity
  8
çYêcèEÇ¢èoÇµ
 62
     8
100
AcDbText
 10
11622.98786616139
 20
12761.43321845874
 30
0.0
 40
250.0
  1
No.21
  7
MSÉSÉVÉbÉN
 11
11622.98786616139
 21
12715.74793927092
 31
0.0
100
AcDbText
 73
     1
  0
TEXT
  5
1A8D
330
21
100
AcDbEntity
  8
çYêcèEÇ¢èoÇµ
 62
     8
100
AcDbText
 10
9422.987866161391
 20
5401.433218458738
 30
0.0
 40
250.0
  1
No.22
  7
MSÉSÉVÉbÉN
 11
9422.987866161391
 21
5355.747939270921
 31
0.0
100
AcDbText
 73
     1
  0
TEXT
  5
1A8E
330
21
100
AcDbEntity
  8
çYêcèEÇ¢èoÇµ
 62
     8
100
AcDbText
 10
10522.98786616139
 20
5401.433218458738
 30
0.0
 40
250.0
  1
No.23
  7
MSÉSÉVÉbÉN
 11
10522.98786616139
 21
5355.747939270921
 31
0.0
100
AcDbText
 73
     1
  0
TEXT
  5
1A8F
330
21
100
AcDbEntity
  8
çYêcèEÇ¢èoÇµ
 62
     8
100
AcDbText
 10
11622.98786616139
 20
5401.433218458738
 30
0.0
 40
250.0
  1
No.24
  7
MSÉSÉVÉbÉN
 11
11622.98786616139
 21
5355.747939270921
 31
0.0
100
AcDbText
 73
     1
  0
TEXT
  5
1A90
330
21
100
AcDbEntity
  8
çYêcèEÇ¢èoÇµ
 62
     8
100
AcDbText
 10
9422.987866161391
 20
4201.433218458739
 30
0.0
 40
250.0
  1
No.25
  7
MSÉSÉVÉbÉN
 11
9422.987866161391
 21
4155.747939270921
 31
0.0
100
AcDbText
 73
     1
  0
TEXT
  5
1A91
330
21
100
AcDbEntity
  8
çYêcèEÇ¢èoÇµ
 62
     8
100
AcDbText
 10
10522.98786616139
 20
4201.433218458739
 30
0.0
 40
250.0
  1
No.26
  7
MSÉSÉVÉbÉN
 11
10522.98786616139
 21
4155.747939270921
 31
0.0
100
AcDbText
 73
     1
  0
TEXT
  5
1A92
330
21
100
AcDbEntity
  8
çYêcèEÇ¢èoÇµ
 62
     8
100
AcDbText
 10
11622.98786616139
 20
4201.433218458739
 30
0.0
 40
250.0
  1
No.27
  7
MSÉSÉVÉbÉN
 11
11622.98786616139
 21
4155.747939270921
 31
0.0
100
AcDbText
 73
     1
  0
TEXT
  5
1A93
330
21
100
AcDbEntity
  8
çYêcèEÇ¢èoÇµ
 62
     8
100
AcDbText
 10
9972.987866161391
 20
751.4332184587383
 30
0.0
 40
250.0
  1
No.28
  7
MSÉSÉVÉbÉN
 11
9972.987866161391
 21
705.747939270921
 31
0.0
100
AcDbText
 73
     1
  0
TEXT
  5
1A94
330
21
100
AcDbEntity
  8
çYêcèEÇ¢èoÇµ
 62
     8
100
AcDbText
 10
11172.98786616139
 20
751.4332184587383
 30
0.0
 40
250.0
  1
No.29
  7
MSÉSÉVÉbÉN
 11
11172.98786616139
 21
705.747939270921
 31
0.0
100
AcDbText
 73
     1
  0
TEXT
  5
1A96
330
21
100
AcDbEntity
  8
0
100
AcDbText
 10
848.9326637473423
 20
17543.53450479824
 30
0.0
 40
800.0
  1
1/28Å@äÓèÄç¿ïWê}
  7
MSÉSÉVÉbÉN
 11
848.9326637473423
 21
17943.53450479824
 31
0.0
100
AcDbText
 73
     2
  0
LINE
  5
1AB9
330
21
100
AcDbEntity
  8
TL_çYì™ê∏ìx
 62
     7
100
AcDbLine
 10
-32637.4249638131
 20
-5718.130035155889
 30
0.0
 11
-32637.4249638131
 21
-10252.67957326167
 31
0.0
  0
LINE
  5
1ABA
330
21
100
AcDbEntity
  8
TL_çYì™ê∏ìx
 62
     7
100
AcDbLine
 10
-33508.28544439312
 20
-9282.02133301177
 30
0.0
 11
-29292.20468366315
 21
-9282.02133301177
 31
0.0
  0
LINE
  5
1ABB
330
21
100
AcDbEntity
  8
TL_çYì™ê∏ìx
 62
     7
100
AcDbLine
 10
-32637.4249638131
 20
-5718.130035155889
 30
0.0
 11
-32362.59060898127
 21
-6559.301975583629
 31
0.0
  0
LINE
  5
1ABC
330
21
100
AcDbEntity
  8
TL_çYì™ê∏ìx
 62
     7
100
AcDbLine
 10
-29292.20468366315
 20
-9282.02133301177
 30
0.0
 11
-30001.21944952087
 21
-9543.136694951652
 31
0.0
  0
TEXT
  5
1ABD
330
21
100
AcDbEntity
  8
TL_çYì™ê∏ìx
 62
     7
100
AcDbText
 10
-34250.72785780096
 20
-5881.16964821468
 30
0.0
 40
693.3045413391995
  1
X(+)
 41
0.7
  7
kawamura
100
AcDbText
  0
TEXT
  5
1ABE
330
21
100
AcDbEntity
  8
TL_çYì™ê∏ìx
 62
     7
100
AcDbText
 10
-29693.45713190531
 20
-10230.84745707046
 30
0.0
 40
693.3045413391995
  1
Y(+)
 41
0.7
  7
kawamura
100
AcDbText
  0
TEXT
  5
1ABF
330
21
100
AcDbEntity
  8
TL_çYì™ê∏ìx
 62
     7
100
AcDbText
 10
-32445.6407532355
 20
-9119.23706108876
 30
0.0
 40
693.3045413391995
  1
ë™ó ç¿ïWån
 41
0.7
  7
kawamura
100
AcDbText
  0
LINE
  5
28A8
330
21
100
AcDbEntity
  8
020
  6
Continuous
 62
     8
370
    30
100
AcDbLine
 10
2700.000000000061
 20
0.0
 30
0.0
 11
2700.000000000061
 21
185.0000000000001
 31
0.0
  0
MTEXT
  5
28A9
330
21
100
AcDbEntity
  8
020
  6
Continuous
 62
     8
370
    30
100
AcDbMText
 10
2491.25
 20
-238.125
 30
0.0
 40
244.2307692307692
 41
0.0
 71
     5
 72
     1
  1
\A1;185
  7
ÇlÇr ÉSÉVÉbÉN
 11
6.123233995736766E-17
 21
1.0
 31
0.0
 73
     1
 44
1.0
  0
LINE
  5
28AA
330
21
100
AcDbEntity
  8
020
  6
Continuous
 62
     8
370
    30
100
AcDbLine
 10
2700.000000000062
 20
185.0000000000001
 30
0.0
 11
2700.000000000061
 21
4000.000000000002
 31
0.0
  0
MTEXT
  5
28AB
330
21
100
AcDbEntity
  8
020
  6
Continuous
 62
     8
370
    30
100
AcDbMText
 10
2491.25
 20
2092.5
 30
0.0
 40
244.2307692307692
 41
0.0
 71
     5
 72
     1
  1
\A1;3815
  7
ÇlÇr ÉSÉVÉbÉN
 11
6.123233995736766E-17
 21
1.0
 31
0.0
 73
     1
 44
1.0
  0
LINE
  5
28AC
330
21
100
AcDbEntity
  8
020
  6
Continuous
 62
     8
370
    30
100
AcDbLine
 10
2260.136885585791
 20
0.0
 30
0.0
 11
2260.13688558579
 21
4000.000000000002
 31
0.0
  0
MTEXT
  5
28AD
330
21
100
AcDbEntity
  8
020
  6
Continuous
 62
     8
370
    30
100
AcDbMText
 10
2051.386885585729
 20
2000.0
 30
0.0
 40
244.2307692307692
 41
0.0
 71
     5
 72
     1
  1
\A1;4000
  7
ÇlÇr ÉSÉVÉbÉN
 11
6.123233995736766E-17
 21
1.0
 31
0.0
 73
     1
 44
1.0
  0
LINE
  5
28AE
330
21
100
AcDbEntity
  8
020
  6
Continuous
 62
     8
370
    30
100
AcDbLine
 10
-3399.999999999947
 20
4000.000000000002
 30
0.0
 11
-3399.999999999947
 21
4235.000000000002
 31
0.0
  0
MTEXT
  5
28AF
330
21
100
AcDbEntity
  8
020
  6
Continuous
 62
     8
370
    30
100
AcDbMText
 10
-3608.75
 20
3761.875
 30
0.0
 40
244.2307692307692
 41
0.0
 71
     5
 72
     1
  1
\A1;235
  7
ÇlÇr ÉSÉVÉbÉN
 11
6.123233995736766E-17
 21
1.0
 31
0.0
 73
     1
 44
1.0
  0
LINE
  5
28B0
330
21
100
AcDbEntity
  8
020
  6
Continuous
 62
     8
370
    30
100
AcDbLine
 10
-3399.999999999947
 20
12365.00000000001
 30
0.0
 11
-3399.999999999947
 21
12600.00000000001
 31
0.0
  0
MTEXT
  5
28B1
330
21
100
AcDbEntity
  8
020
  6
Continuous
 62
     8
370
    30
100
AcDbMText
 10
-3608.75
 20
12838.125
 30
0.0
 40
244.2307692307692
 41
0.0
 71
     5
 72
     1
  1
\A1;235
  7
ÇlÇr ÉSÉVÉbÉN
 11
6.123233995736766E-17
 21
1.0
 31
0.0
 73
     1
 44
1.0
  0
LINE
  5
28B2
330
21
100
AcDbEntity
  8
020
  6
Continuous
 62
     8
370
    30
100
AcDbLine
 10
-4199.999999999947
 20
12600.00000000001
 30
0.0
 11
-4199.999999999947
 21
14100.00000001165
 31
0.0
  0
MTEXT
  5
28B3
330
21
100
AcDbEntity
  8
020
  6
Continuous
 62
     8
370
    30
100
AcDbMText
 10
-4408.75
 20
13350.00000000582
 30
0.0
 40
244.2307692307692
 41
0.0
 71
     5
 72
     1
  1
\A1;1500
  7
ÇlÇr ÉSÉVÉbÉN
 11
6.123233995736766E-17
 21
1.0
 31
0.0
 73
     1
 44
1.0
  0
LINE
  5
28B4
330
21
100
AcDbEntity
  8
020
  6
Continuous
 62
     8
370
    30
100
AcDbLine
 10
-3399.999999999946
 20
4235.000000000002
 30
0.0
 11
-3399.999999999947
 21
12365.00000000001
 31
0.0
  0
MTEXT
  5
28B5
330
21
100
AcDbEntity
  8
020
  6
Continuous
 62
     8
370
    30
100
AcDbMText
 10
-3608.75
 20
8300.0
 30
0.0
 40
244.2307692307692
 41
0.0
 71
     5
 72
     1
  1
\A1;8130
  7
ÇlÇr ÉSÉVÉbÉN
 11
6.123233995736766E-17
 21
1.0
 31
0.0
 73
     1
 44
1.0
  0
LINE
  5
28B6
330
21
100
AcDbEntity
  8
020
  6
Continuous
 62
     8
370
    30
100
AcDbLine
 10
-4199.999999999946
 20
4000.000000000002
 30
0.0
 11
-4199.999999999947
 21
12600.00000000001
 31
0.0
  0
MTEXT
  5
28B7
330
21
100
AcDbEntity
  8
020
  6
Continuous
 62
     8
370
    30
100
AcDbMText
 10
-4408.75
 20
8300.0
 30
0.0
 40
244.2307692307692
 41
0.0
 71
     5
 72
     1
  1
\A1;8600
  7
ÇlÇr ÉSÉVÉbÉN
 11
6.123233995736766E-17
 21
1.0
 31
0.0
 73
     1
 44
1.0
  0
LINE
  5
28B8
330
21
100
AcDbEntity
  8
020
  6
Continuous
 62
     8
370
    30
100
AcDbLine
 10
0.0
 20
16000.0
 30
0.0
 11
11000.0
 21
16000.0
 31
0.0
  0
MTEXT
  5
28B9
330
21
100
AcDbEntity
  8
020
  6
Continuous
 62
     8
370
    30
100
AcDbMText
 10
5500.0
 20
16208.75
 30
0.0
 40
244.2307692307692
 41
0.0
 71
     5
 72
     1
  1
\A1;11000
  7
ÇlÇr ÉSÉVÉbÉN
 73
     1
 44
1.0
  0
LINE
  5
28BA
330
21
100
AcDbEntity
  8
020
  6
Continuous
 62
     8
370
    30
100
AcDbLine
 10
11000.0
 20
16000.0
 30
0.0
 11
13000.0
 21
16000.0
 31
0.0
  0
MTEXT
  5
28BB
330
21
100
AcDbEntity
  8
020
  6
Continuous
 62
     8
370
    30
100
AcDbMText
 10
12000.0
 20
16208.75
 30
0.0
 40
244.2307692307692
 41
0.0
 71
     5
 72
     1
  1
\A1;2000
  7
ÇlÇr ÉSÉVÉbÉN
 73
     1
 44
1.0
  0
LINE
  5
28BC
330
21
100
AcDbEntity
  8
020
  6
Continuous
 62
     8
370
    30
100
AcDbLine
 10
-3199.57657737346
 20
16000.0
 30
0.0
 11
0.0
 21
16000.0
 31
0.0
  0
MTEXT
  5
28BD
330
21
100
AcDbEntity
  8
020
  6
Continuous
 62
     8
370
    30
100
AcDbMText
 10
-1599.788288686745
 20
16208.75
 30
0.0
 40
244.2307692307692
 41
0.0
 71
     5
 72
     1
  1
\A1;3199.58
  7
ÇlÇr ÉSÉVÉbÉN
 73
     1
 44
1.0
  0
LINE
  5
28BE
330
21
100
AcDbEntity
  8
020
  6
Continuous
 62
     8
370
    30
100
AcDbLine
 10
0.0
 20
15200.0
 30
0.0
 11
235.0
 21
15200.0
 31
0.0
  0
MTEXT
  5
28BF
330
21
100
AcDbEntity
  8
020
  6
Continuous
 62
     8
370
    30
100
AcDbMText
 10
-238.125
 20
15408.75
 30
0.0
 40
244.2307692307692
 41
0.0
 71
     5
 72
     1
  1
\A1;235
  7
ÇlÇr ÉSÉVÉbÉN
 73
     1
 44
1.0
  0
LINE
  5
28C0
330
21
100
AcDbEntity
  8
020
  6
Continuous
 62
     8
370
    30
100
AcDbLine
 10
235.0
 20
15200.0
 30
0.0
 11
5335.0
 21
15200.0
 31
0.0
  0
MTEXT
  5
28C1
330
21
100
AcDbEntity
  8
020
  6
Continuous
 62
     8
370
    30
100
AcDbMText
 10
2785.0
 20
15408.75
 30
0.0
 40
244.2307692307692
 41
0.0
 71
     5
 72
     1
  1
\A1;5100
  7
ÇlÇr ÉSÉVÉbÉN
 73
     1
 44
1.0
  0
LINE
  5
28C2
330
21
100
AcDbEntity
  8
020
  6
Continuous
 62
     8
370
    30
100
AcDbLine
 10
5335.0
 20
15200.0
 30
0.0
 11
10765.0
 21
15200.0
 31
0.0
  0
MTEXT
  5
28C3
330
21
100
AcDbEntity
  8
020
  6
Continuous
 62
     8
370
    30
100
AcDbMText
 10
8050.0
 20
15408.75
 30
0.0
 40
244.2307692307692
 41
0.0
 71
     5
 72
     1
  1
\A1;5430
  7
ÇlÇr ÉSÉVÉbÉN
 73
     1
 44
1.0
  0
LINE
  5
28C4
330
21
100
AcDbEntity
  8
020
  6
Continuous
 62
     8
370
    30
100
AcDbLine
 10
10765.0
 20
15200.0
 30
0.0
 11
11000.0
 21
15200.0
 31
0.0
  0
MTEXT
  5
28C5
330
21
100
AcDbEntity
  8
020
  6
Continuous
 62
     8
370
    30
100
AcDbMText
 10
11238.125
 20
15408.75
 30
0.0
 40
244.2307692307692
 41
0.0
 71
     5
 72
     1
  1
\A1;235
  7
ÇlÇr ÉSÉVÉbÉN
 73
     1
 44
1.0
  0
LINE
  5
28C6
330
21
100
AcDbEntity
  8
020
  6
Continuous
 62
     8
370
    30
100
AcDbLine
 10
0.0
 20
13495.0
 30
0.0
 11
235.0
 21
13495.0
 31
0.0
  0
MTEXT
  5
28C7
330
21
100
AcDbEntity
  8
020
  6
Continuous
 62
     8
370
    30
100
AcDbMText
 10
305.0
 20
13286.25
 30
0.0
 40
244.2307692307692
 41
0.0
 71
     5
 72
     1
  1
\A1;235
  7
ÇlÇr ÉSÉVÉbÉN
 73
     1
 44
1.0
  0
LINE
  5
28C8
330
21
100
AcDbEntity
  8
020
  6
Continuous
 62
     8
370
    30
100
AcDbLine
 10
10765.0
 20
13495.0
 30
0.0
 11
11000.0
 21
13495.0
 31
0.0
  0
MTEXT
  5
28C9
330
21
100
AcDbEntity
  8
020
  6
Continuous
 62
     8
370
    30
100
AcDbMText
 10
10695.0
 20
13286.25
 30
0.0
 40
244.2307692307692
 41
0.0
 71
     5
 72
     1
  1
\A1;235
  7
ÇlÇr ÉSÉVÉbÉN
 73
     1
 44
1.0
  0
LINE
  5
28CA
330
21
100
AcDbEntity
  8
020
  6
Continuous
 62
     8
370
    30
100
AcDbLine
 10
-2064.999999999945
 20
12195.0
 30
0.0
 11
-2064.999999999945
 21
12600.00000000001
 31
0.0
  0
MTEXT
  5
28CB
330
21
100
AcDbEntity
  8
020
  6
Continuous
 62
     8
370
    30
100
AcDbMText
 10
-2273.75
 20
12360.0
 30
0.0
 40
244.2307692307692
 41
0.0
 71
     5
 72
     1
  1
\A1;405
  7
ÇlÇr ÉSÉVÉbÉN
 11
6.123233995736766E-17
 21
1.0
 31
0.0
 73
     1
 44
1.0
  0
LINE
  5
28CC
330
21
100
AcDbEntity
  8
020
  6
Continuous
 62
     8
370
    30
100
AcDbLine
 10
-2064.999999999945
 20
4000.000000000002
 30
0.0
 11
-2064.999999999945
 21
4235.000000000002
 31
0.0
  0
MTEXT
  5
28CD
330
21
100
AcDbEntity
  8
020
  6
Continuous
 62
     8
370
    30
100
AcDbMText
 10
-2273.75
 20
4117.5
 30
0.0
 40
244.2307692307692
 41
0.0
 71
     5
 72
     1
  1
\A1;235
  7
ÇlÇr ÉSÉVÉbÉN
 11
6.123233995736766E-17
 21
1.0
 31
0.0
 73
     1
 44
1.0
  0
LINE
  5
28CE
330
21
100
AcDbEntity
  8
020
  6
Continuous
 62
     8
370
    30
100
AcDbLine
 10
14065.00000000008
 20
12195.0
 30
0.0
 11
14065.00000000008
 21
12600.00000000001
 31
0.0
  0
MTEXT
  5
28CF
330
21
100
AcDbEntity
  8
020
  6
Continuous
 62
     8
370
    30
100
AcDbMText
 10
13856.25
 20
12285.0
 30
0.0
 40
244.2307692307692
 41
0.0
 71
     5
 72
     1
  1
\A1;405
  7
ÇlÇr ÉSÉVÉbÉN
 11
6.123233995736766E-17
 21
1.0
 31
0.0
 73
     1
 44
1.0
  0
LINE
  5
28D0
330
21
100
AcDbEntity
  8
020
  6
Continuous
 62
     8
370
    30
100
AcDbLine
 10
14065.00000000008
 20
0.0
 30
0.0
 11
14065.00000000008
 21
185.0000000000001
 31
0.0
  0
MTEXT
  5
28D1
330
21
100
AcDbEntity
  8
020
  6
Continuous
 62
     8
370
    30
100
AcDbMText
 10
13856.25
 20
423.125
 30
0.0
 40
244.2307692307692
 41
0.0
 71
     5
 72
     1
  1
\A1;185
  7
ÇlÇr ÉSÉVÉbÉN
 11
6.123233995736766E-17
 21
1.0
 31
0.0
 73
     1
 44
1.0
  0
LINE
  5
28D2
330
21
100
AcDbEntity
  8
020
  6
Continuous
 62
     8
370
    30
100
AcDbLine
 10
5100.0
 20
-3200.0
 30
0.0
 11
11000.0
 21
-3200.0
 31
0.0
  0
MTEXT
  5
28D3
330
21
100
AcDbEntity
  8
020
  6
Continuous
 62
     8
370
    30
100
AcDbMText
 10
8050.0
 20
-2991.25
 30
0.0
 40
244.2307692307692
 41
0.0
 71
     5
 72
     1
  1
\A1;5900
  7
ÇlÇr ÉSÉVÉbÉN
 73
     1
 44
1.0
  0
LINE
  5
28D4
330
21
100
AcDbEntity
  8
020
  6
Continuous
 62
     8
370
    30
100
AcDbLine
 10
5100.0
 20
-2400.0
 30
0.0
 11
5285.0
 21
-2400.0
 31
0.0
  0
MTEXT
  5
28D5
330
21
100
AcDbEntity
  8
020
  6
Continuous
 62
     8
370
    30
100
AcDbMText
 10
4861.875
 20
-2191.25
 30
0.0
 40
244.2307692307692
 41
0.0
 71
     5
 72
     1
  1
\A1;185
  7
ÇlÇr ÉSÉVÉbÉN
 73
     1
 44
1.0
  0
LINE
  5
28D6
330
21
100
AcDbEntity
  8
020
  6
Continuous
 62
     8
370
    30
100
AcDbLine
 10
10815.0
 20
-2400.0
 30
0.0
 11
11000.0
 21
-2400.0
 31
0.0
  0
MTEXT
  5
28D7
330
21
100
AcDbEntity
  8
020
  6
Continuous
 62
     8
370
    30
100
AcDbMText
 10
11238.125
 20
-2191.25
 30
0.0
 40
244.2307692307692
 41
0.0
 71
     5
 72
     1
  1
\A1;185
  7
ÇlÇr ÉSÉVÉbÉN
 73
     1
 44
1.0
  0
LINE
  5
28D8
330
21
100
AcDbEntity
  8
020
  6
Continuous
 62
     8
370
    30
100
AcDbLine
 10
5285.0
 20
-2400.0
 30
0.0
 11
10815.0
 21
-2400.0
 31
0.0
  0
MTEXT
  5
28D9
330
21
100
AcDbEntity
  8
020
  6
Continuous
 62
     8
370
    30
100
AcDbMText
 10
8050.0
 20
-2191.25
 30
0.0
 40
244.2307692307692
 41
0.0
 71
     5
 72
     1
  1
\A1;5530
  7
ÇlÇr ÉSÉVÉbÉN
 73
     1
 44
1.0
  0
LINE
  5
28DA
330
21
100
AcDbEntity
  8
020
  6
Continuous
 62
     8
370
    30
100
AcDbLine
 10
5285.0
 20
-1315.0
 30
0.0
 11
5335.0
 21
-1315.0
 31
0.0
  0
MTEXT
  5
28DB
330
21
100
AcDbEntity
  8
020
  6
Continuous
 62
     8
370
    30
100
AcDbMText
 10
5126.25
 20
-1106.25
 30
0.0
 40
244.2307692307692
 41
0.0
 71
     5
 72
     1
  1
\A1;50
  7
ÇlÇr ÉSÉVÉbÉN
 73
     1
 44
1.0
  0
LINE
  5
28DC
330
21
100
AcDbEntity
  8
020
  6
Continuous
 62
     8
370
    30
100
AcDbLine
 10
-865.0
 20
13495.0
 30
0.0
 11
0.0
 21
13495.0
 31
0.0
  0
MTEXT
  5
28DD
330
21
100
AcDbEntity
  8
020
  6
Continuous
 62
     8
370
    30
100
AcDbMText
 10
-432.5
 20
13703.75
 30
0.0
 40
244.2307692307692
 41
0.0
 71
     5
 72
     1
  1
\A1;865
  7
ÇlÇr ÉSÉVÉbÉN
 73
     1
 44
1.0
  0
LINE
  5
28DE
330
21
100
AcDbEntity
  8
020
  6
Continuous
 62
     8
370
    30
100
AcDbLine
 10
235.0
 20
13495.0
 30
0.0
 11
1335.0
 21
13495.0
 31
0.0
  0
MTEXT
  5
28DF
330
21
100
AcDbEntity
  8
020
  6
Continuous
 62
     8
370
    30
100
AcDbMText
 10
785.0
 20
13703.75
 30
0.0
 40
244.2307692307692
 41
0.0
 71
     5
 72
     1
  1
\A1;1100
  7
ÇlÇr ÉSÉVÉbÉN
 73
     1
 44
1.0
  0
LINE
  5
28E0
330
21
100
AcDbEntity
  8
020
  6
Continuous
 62
     8
370
    30
100
AcDbLine
 10
4735.0
 20
13495.0
 30
0.0
 11
5335.0
 21
13495.0
 31
0.0
  0
MTEXT
  5
28E1
330
21
100
AcDbEntity
  8
020
  6
Continuous
 62
     8
370
    30
100
AcDbMText
 10
5035.0
 20
13703.75
 30
0.0
 40
244.2307692307692
 41
0.0
 71
     5
 72
     1
  1
\A1;600
  7
ÇlÇr ÉSÉVÉbÉN
 73
     1
 44
1.0
  0
LINE
  5
28E2
330
21
100
AcDbEntity
  8
020
  6
Continuous
 62
     8
370
    30
100
AcDbLine
 10
5335.0
 20
13495.00000000002
 30
0.0
 11
5935.0
 21
13495.00000000002
 31
0.0
  0
MTEXT
  5
28E3
330
21
100
AcDbEntity
  8
020
  6
Continuous
 62
     8
370
    30
100
AcDbMText
 10
5635.0
 20
13703.75
 30
0.0
 40
244.2307692307692
 41
0.0
 71
     5
 72
     1
  1
\A1;600
  7
ÇlÇr ÉSÉVÉbÉN
 73
     1
 44
1.0
  0
LINE
  5
28E4
330
21
100
AcDbEntity
  8
020
  6
Continuous
 62
     8
370
    30
100
AcDbLine
 10
4235.0
 20
6035.0
 30
0.0
 11
5335.0
 21
6035.0
 31
0.0
  0
MTEXT
  5
28E5
330
21
100
AcDbEntity
  8
020
  6
Continuous
 62
     8
370
    30
100
AcDbMText
 10
4785.0
 20
6243.75
 30
0.0
 40
244.2307692307692
 41
0.0
 71
     5
 72
     1
  1
\A1;1100
  7
ÇlÇr ÉSÉVÉbÉN
 73
     1
 44
1.0
  0
LINE
  5
28E6
330
21
100
AcDbEntity
  8
020
  6
Continuous
 62
     8
370
    30
100
AcDbLine
 10
5335.0
 20
6035.000000000015
 30
0.0
 11
6435.0
 21
6035.000000000015
 31
0.0
  0
MTEXT
  5
28E7
330
21
100
AcDbEntity
  8
020
  6
Continuous
 62
     8
370
    30
100
AcDbMText
 10
5885.0
 20
6243.75
 30
0.0
 40
244.2307692307692
 41
0.0
 71
     5
 72
     1
  1
\A1;1100
  7
ÇlÇr ÉSÉVÉbÉN
 73
     1
 44
1.0
  0
LINE
  5
28E8
330
21
100
AcDbEntity
  8
020
  6
Continuous
 62
     8
370
    30
100
AcDbLine
 10
4685.0
 20
1485.0
 30
0.0
 11
5335.0
 21
1485.0
 31
0.0
  0
MTEXT
  5
28E9
330
21
100
AcDbEntity
  8
020
  6
Continuous
 62
     8
370
    30
100
AcDbMText
 10
5010.0
 20
1693.75
 30
0.0
 40
244.2307692307692
 41
0.0
 71
     5
 72
     1
  1
\A1;650
  7
ÇlÇr ÉSÉVÉbÉN
 73
     1
 44
1.0
  0
LINE
  5
28EA
330
21
100
AcDbEntity
  8
020
  6
Continuous
 62
     8
370
    30
100
AcDbLine
 10
5335.0
 20
1485.0
 30
0.0
 11
5885.0
 21
1485.0
 31
0.0
  0
MTEXT
  5
28EB
330
21
100
AcDbEntity
  8
020
  6
Continuous
 62
     8
370
    30
100
AcDbMText
 10
5685.0
 20
1693.75
 30
0.0
 40
244.2307692307692
 41
0.0
 71
     5
 72
     1
  1
\A1;550
  7
ÇlÇr ÉSÉVÉbÉN
 73
     1
 44
1.0
  0
LINE
  5
28EC
330
21
100
AcDbEntity
  8
020
  6
Continuous
 62
     8
370
    30
100
AcDbLine
 10
10215.0
 20
1485.0
 30
0.0
 11
11000.0
 21
1485.0
 31
0.0
  0
MTEXT
  5
28ED
330
21
100
AcDbEntity
  8
020
  6
Continuous
 62
     8
370
    30
100
AcDbMText
 10
10607.5
 20
1693.75
 30
0.0
 40
244.2307692307692
 41
0.0
 71
     5
 72
     1
  1
\A1;785
  7
ÇlÇr ÉSÉVÉbÉN
 73
     1
 44
1.0
  0
LINE
  5
28EE
330
21
100
AcDbEntity
  8
020
  6
Continuous
 62
     8
370
    30
100
AcDbLine
 10
11000.0
 20
1485.0
 30
0.0
 11
11415.0
 21
1485.0
 31
0.0
  0
MTEXT
  5
28EF
330
21
100
AcDbEntity
  8
020
  6
Continuous
 62
     8
370
    30
100
AcDbMText
 10
11415.0
 20
1693.75
 30
0.0
 40
244.2307692307692
 41
0.0
 71
     5
 72
     1
  1
\A1;415
  7
ÇlÇr ÉSÉVÉbÉN
 73
     1
 44
1.0
  0
LINE
  5
28F0
330
21
100
AcDbEntity
  8
020
  6
Continuous
 62
     8
370
    30
100
AcDbLine
 10
9665.0
 20
13495.0
 30
0.0
 11
10765.0
 21
13495.0
 31
0.0
  0
MTEXT
  5
28F1
330
21
100
AcDbEntity
  8
020
  6
Continuous
 62
     8
370
    30
100
AcDbMText
 10
10215.0
 20
13703.75
 30
0.0
 40
244.2307692307692
 41
0.0
 71
     5
 72
     1
  1
\A1;1100
  7
ÇlÇr ÉSÉVÉbÉN
 73
     1
 44
1.0
  0
LINE
  5
28F2
330
21
100
AcDbEntity
  8
020
  6
Continuous
 62
     8
370
    30
100
AcDbLine
 10
11000.0
 20
13495.0
 30
0.0
 11
11865.0
 21
13495.0
 31
0.0
  0
MTEXT
  5
28F3
330
21
100
AcDbEntity
  8
020
  6
Continuous
 62
     8
370
    30
100
AcDbMText
 10
11432.5
 20
13703.75
 30
0.0
 40
244.2307692307692
 41
0.0
 71
     5
 72
     1
  1
\A1;865
  7
ÇlÇr ÉSÉVÉbÉN
 73
     1
 44
1.0
  0
LINE
  5
28F4
330
21
100
AcDbEntity
  8
020
  6
Continuous
 62
     8
370
    30
100
AcDbLine
 10
7335.000000000069
 20
12295.00000000001
 30
0.0
 11
7335.000000000069
 21
12600.00000000001
 31
0.0
  0
MTEXT
  5
28F5
330
21
100
AcDbEntity
  8
020
  6
Continuous
 62
     8
370
    30
100
AcDbMText
 10
7126.25
 20
12347.5
 30
0.0
 40
244.2307692307692
 41
0.0
 71
     5
 72
     1
  1
\A1;305
  7
ÇlÇr ÉSÉVÉbÉN
 11
6.123233995736766E-17
 21
1.0
 31
0.0
 73
     1
 44
1.0
  0
LINE
  5
28F6
330
21
100
AcDbEntity
  8
020
  6
Continuous
 62
     8
370
    30
100
AcDbLine
 10
7335.000000000069
 20
11095.0
 30
0.0
 11
7335.000000000069
 21
12295.00000000001
 31
0.0
  0
MTEXT
  5
28F7
330
21
100
AcDbEntity
  8
020
  6
Continuous
 62
     8
370
    30
100
AcDbMText
 10
7126.25
 20
11582.5
 30
0.0
 40
244.2307692307692
 41
0.0
 71
     5
 72
     1
  1
\A1;1200
  7
ÇlÇr ÉSÉVÉbÉN
 11
6.123233995736766E-17
 21
1.0
 31
0.0
 73
     1
 44
1.0
  0
LINE
  5
28F8
330
21
100
AcDbEntity
  8
020
  6
Continuous
 62
     8
370
    30
100
AcDbLine
 10
14065.00000000008
 20
4000.000000000002
 30
0.0
 11
14065.00000000008
 21
4835.000000000002
 31
0.0
  0
MTEXT
  5
28F9
330
21
100
AcDbEntity
  8
020
  6
Continuous
 62
     8
370
    30
100
AcDbMText
 10
13856.25
 20
4417.5
 30
0.0
 40
244.2307692307692
 41
0.0
 71
     5
 72
     1
  1
\A1;835
  7
ÇlÇr ÉSÉVÉbÉN
 11
6.123233995736766E-17
 21
1.0
 31
0.0
 73
     1
 44
1.0
  0
LINE
  5
28FA
330
21
100
AcDbEntity
  8
020
  6
Continuous
 62
     8
370
    30
100
AcDbLine
 10
14065.00000000008
 20
3635.000000000002
 30
0.0
 11
14065.00000000008
 21
4000.000000000002
 31
0.0
  0
MTEXT
  5
28FB
330
21
100
AcDbEntity
  8
020
  6
Continuous
 62
     8
370
    30
100
AcDbMText
 10
13856.25
 20
3396.875
 30
0.0
 40
244.2307692307692
 41
0.0
 71
     5
 72
     1
  1
\A1;365
  7
ÇlÇr ÉSÉVÉbÉN
 11
6.123233995736766E-17
 21
1.0
 31
0.0
 73
     1
 44
1.0
  0
CIRCLE
  5
28FC
330
21
100
AcDbEntity
  8
017
  6
Continuous
 62
     0
370
    30
100
AcDbCircle
 10
5100.0
 20
-3806.506753559996
 30
0.0
 40
360.0
  0
TEXT
  5
28FD
330
21
100
AcDbEntity
  8
017
  6
Continuous
 62
     0
370
    30
100
AcDbText
 10
4905.972222200013
 20
-3955.758890329227
 30
0.0
 40
298.5042735384615
  1
X2
 41
1.000390624999934
  7
ÇlÇr ÉSÉVÉbÉN
 72
     5
 11
5294.027777799987
 21
-3955.758890329227
 31
0.0
100
AcDbText
  0
CIRCLE
  5
28FE
330
21
100
AcDbEntity
  8
017
  6
Continuous
 62
     0
370
    30
100
AcDbCircle
 10
0.0
 20
-3806.506753559996
 30
0.0
 40
360.0
  0
TEXT
  5
28FF
330
21
100
AcDbEntity
  8
017
  6
Continuous
 62
     0
370
    30
100
AcDbText
 10
-194.0277777999872
 20
-3955.758890329227
 30
0.0
 40
298.5042735384615
  1
X1
 41
1.000390624999934
  7
ÇlÇr ÉSÉVÉbÉN
 72
     5
 11
194.0277777999872
 21
-3955.758890329227
 31
0.0
100
AcDbText
  0
CIRCLE
  5
2900
330
21
100
AcDbEntity
  8
017
  6
Continuous
 62
     0
370
    30
100
AcDbCircle
 10
11000.0
 20
-3806.506753559996
 30
0.0
 40
360.0
  0
TEXT
  5
2901
330
21
100
AcDbEntity
  8
017
  6
Continuous
 62
     0
370
    30
100
AcDbText
 10
10805.97222220001
 20
-3955.758890329227
 30
0.0
 40
298.5042735384615
  1
X3
 41
1.000390624999934
  7
ÇlÇr ÉSÉVÉbÉN
 72
     5
 11
11194.02777779999
 21
-3955.758890329227
 31
0.0
100
AcDbText
  0
CIRCLE
  5
29E2
330
21
100
AcDbEntity
  8
1206äÓèÄì_
100
AcDbCircle
 10
12950.0
 20
12600.0
 30
0.0
 40
200.0
  0
CIRCLE
  5
29E3
330
21
100
AcDbEntity
  8
1206äÓèÄì_
100
AcDbCircle
 10
12950.0
 20
-7418.0
 30
0.0
 40
200.0
  0
CIRCLE
  5
29E4
102
{ACAD_REACTORS
330
2A0B
102
}
330
21
100
AcDbEntity
  8
1206äÓèÄì_
100
AcDbCircle
 10
-11030.0
 20
-21178.0
 30
0.0
 40
200.0
  0
CIRCLE
  5
29E5
330
21
100
AcDbEntity
  8
1206äÓèÄì_
100
AcDbCircle
 10
-11103.0
 20
33793.0
 30
0.0
 40
200.0
  0
LINE
  5
29E6
330
21
100
AcDbEntity
  8
201
  6
Continuous
 62
     8
370
     9
100
AcDbLine
 10
12950.0
 20
-4544.112549695434
 30
0.0
 11
13500.0
 21
-3994.112549695434
 31
0.0
  0
LINE
  5
29E7
330
21
100
AcDbEntity
  8
201
  6
Continuous
 62
     8
370
     9
100
AcDbLine
 10
12950.0
 20
-4402.691193458122
 30
0.0
 11
13500.0
 21
-3852.691193458122
 31
0.0
  0
LINE
  5
29E8
330
21
100
AcDbEntity
  8
201
  6
Continuous
 62
     8
370
     9
100
AcDbLine
 10
12950.0
 20
-4261.269837220811
 30
0.0
 11
13500.0
 21
-3711.269837220818
 31
0.0
  0
LINE
  5
29E9
330
21
100
AcDbEntity
  8
201
  6
Continuous
 62
     8
370
     9
100
AcDbLine
 10
12950.0
 20
-6241.168824543143
 30
0.0
 11
13500.0
 21
-5691.168824543143
 31
0.0
  0
LINE
  5
29EA
330
21
100
AcDbEntity
  8
201
  6
Continuous
 62
     8
370
     9
100
AcDbLine
 10
12950.0
 20
-6099.747468305832
 30
0.0
 11
13500.0
 21
-5549.747468305832
 31
0.0
  0
LINE
  5
29EB
330
21
100
AcDbEntity
  8
201
  6
Continuous
 62
     8
370
     9
100
AcDbLine
 10
12950.0
 20
-5958.32611206852
 30
0.0
 11
13500.0
 21
-5408.326112068527
 31
0.0
  0
LEADER
  5
2A08
102
{ACAD_REACTORS
330
2A0B
102
}
102
{ACAD_XDICTIONARY
360
2A0A
102
}
330
21
100
AcDbEntity
  8
1206äÓèÄì_
100
AcDbLeader
  3
DIM-A
 73
     0
 74
     0
 75
     1
 40
1600.0
 41
3073.096446700508
 76
     3
 10
-11030.0
 20
-21178.0
 30
0.0
 10
-6781.32446814212
 20
-6786.273133757699
 30
0.0
 10
-6780.32446814212
 20
-6786.273133757699
 30
0.0
340
2A09
  0
MTEXT
  5
2A09
102
{ACAD_REACTORS
330
2A08
102
}
330
21
100
AcDbEntity
  8
1206äÓèÄì_
100
AcDbMText
 10
-6730.32446814212
 20
-6736.273133757699
 30
0.0
 40
600.0
 41
0.0
 71
     7
 72
     1
  1
\A1;X=-21178\PY=-11030
  7
MSÉSÉVÉbÉN
 73
     1
 44
1.0
  0
LEADER
  5
2A0D
330
21
100
AcDbEntity
  8
1206äÓèÄì_
100
AcDbLeader
  3
DIM-A
 73
     0
 74
     0
 75
     1
 40
1600.0
 41
3057.868020304569
 76
     3
 10
-11103.0
 20
33793.0
 30
0.0
 10
-6684.737556477427
 20
15265.33177390223
 30
0.0
 10
-6683.737556477427
 20
15265.33177390223
 30
0.0
340
2A0E
  0
MTEXT
  5
2A0E
102
{ACAD_REACTORS
330
2A0D
102
}
330
21
100
AcDbEntity
  8
1206äÓèÄì_
100
AcDbMText
 10
-6633.737556477427
 20
15315.33177390223
 30
0.0
 40
600.0
 41
0.0
 71
     7
 72
     1
  1
\A1;X=33793\PY=-11103
  7
MSÉSÉVÉbÉN
 73
     1
 44
1.0
  0
TEXT
  5
2A10
330
21
100
AcDbEntity
  8
0
100
AcDbText
 10
-7381.732211636729
 20
-4891.083171583246
 30
0.0
 40
500.0
  1
ìdíå50äpÉVÅ[Éã
  7
MSÉSÉVÉbÉN
 11
-7381.732211636729
 21
-4641.083171583246
 31
0.0
100
AcDbText
 73
     2
  0
TEXT
  5
2A13
330
21
100
AcDbEntity
  8
0
100
AcDbText
 10
-7129.41185660928
 20
17156.46396803035
 30
0.0
 40
500.0
  1
ìdíå50äpÉVÅ[Éã
  7
MSÉSÉVÉbÉN
 11
-7129.41185660928
 21
17406.46396803035
 31
0.0
100
AcDbText
 73
     2
  0
LEADER
  5
2A15
330
21
100
AcDbEntity
  8
1206äÓèÄì_
100
AcDbLeader
  3
DIM-A
 73
     0
 74
     0
 75
     1
 40
1600.0
 41
2683.248730964467
 76
     3
 10
12950.0
 20
12600.0
 30
0.0
 10
15435.84952826204
 20
15133.15662972478
 30
0.0
 10
15436.84952826204
 20
15133.15662972478
 30
0.0
340
2A16
  0
MTEXT
  5
2A16
102
{ACAD_REACTORS
330
2A15
102
}
330
21
100
AcDbEntity
  8
1206äÓèÄì_
100
AcDbMText
 10
15486.84952826204
 20
15183.15662972478
 30
0.0
 40
600.0
 41
0.0
 71
     7
 72
     1
  1
\A1;X=12600\PY=12950
  7
MSÉSÉVÉbÉN
 73
     1
 44
1.0
  0
TEXT
  5
2A17
330
21
100
AcDbEntity
  8
0
100
AcDbText
 10
13880.72017392703
 20
17091.54467244184
 30
0.0
 40
500.0
  1
åöâÆìåñ 50äpÉVÅ[Éã
  7
MSÉSÉVÉbÉN
 11
13880.72017392703
 21
17341.54467244184
 31
0.0
100
AcDbText
 73
     2
  0
LEADER
  5
2A19
330
21
100
AcDbEntity
  8
1206äÓèÄì_
100
AcDbLeader
  3
DIM-A
 73
     0
 74
     0
 75
     1
 40
1600.0
 41
2683.248730964467
 76
     3
 10
12950.0
 20
-7418.0
 30
0.0
 10
15740.41795523837
 20
-3589.766188868962
 30
0.0
 10
15741.41795523837
 20
-3589.766188868962
 30
0.0
340
2A1A
  0
MTEXT
  5
2A1A
102
{ACAD_REACTORS
330
2A19
102
}
330
21
100
AcDbEntity
  8
1206äÓèÄì_
100
AcDbMText
 10
15791.41795523837
 20
-3539.766188868962
 30
0.0
 40
600.0
 41
0.0
 71
     7
 72
     1
  1
\A1;X=-7418\PY=12950
  7
MSÉSÉVÉbÉN
 73
     1
 44
1.0
  0
TEXT
  5
2A1B
330
21
100
AcDbEntity
  8
0
100
AcDbText
 10
14269.0230714269
 20
-1626.743926333846
 30
0.0
 40
500.0
  1
åöâÆìåñ 50äpÉVÅ[Éã
  7
MSÉSÉVÉbÉN
 11
14269.0230714269
 21
-1376.743926333846
 31
0.0
100
AcDbText
 73
     2
  0
LINE
  5
2BED
330
21
100
AcDbEntity
  8
001
  6
CENTER
370
    18
100
AcDbLine
 10
5100.0
 20
14400.0
 30
0.0
 11
5100.0
 21
-3200.0
 31
0.0
  0
LINE
  5
2BEE
330
21
100
AcDbEntity
  8
020
  6
Continuous
 62
     1
370
    30
100
AcDbLine
 10
5100.0
 20
16000.0
 30
0.0
 11
5100.0
 21
14400.0
 31
0.0
  0
LINE
  5
2C5A
330
21
100
AcDbEntity
  8
020
  6
Continuous
 62
     8
370
    30
100
AcDbLine
 10
0.0
 20
-3200.0
 30
0.0
 11
5100.0
 21
-3200.0
 31
0.0
  0
MTEXT
  5
2C5B
330
21
100
AcDbEntity
  8
020
  6
Continuous
 62
     8
370
    30
100
AcDbMText
 10
2402.364886911062
 20
-2991.25
 30
0.0
 40
244.2307692307692
 41
0.0
 71
     5
 72
     1
  1
\A1;5100
  7
ÇlÇr ÉSÉVÉbÉN
 73
     1
 44
1.0
  0
CIRCLE
  5
2C5C
330
21
100
AcDbEntity
  8
018
  6
Continuous
 62
     8
370
    30
100
AcDbCircle
 10
0.0
 20
-3200.0
 30
0.0
 40
50.0
  0
TEXT
  5
2C5D
330
21
100
AcDbEntity
  8
0
100
AcDbText
 10
-2325.6626642677
 20
21038.34812497095
 30
0.0
 40
800.0
  1
2025.12/6Å@X2=5.335Å@ïœçXëO
  7
MSÉSÉVÉbÉN
 11
-2325.6626642677
 21
21438.34812497095
 31
0.0
100
AcDbText
 73
     2
  0
TEXT
  5
2C5E
330
21
100
AcDbEntity
  8
0
100
AcDbText
 10
-2307.497791520262
 20
19784.22979116815
 30
0.0
 40
800.0
  1
2026.1/28Å@X2=5.100Å@ïœçXå„
  7
MSÉSÉVÉbÉN
 11
-2307.497791520262
 21
20184.22979116815
 31
0.0
100
AcDbText
 73
     2
  0
TEXT
  5
2C5F
330
21
100
AcDbEntity
  8
0
100
AcDbText
 10
-1719.173887898738
 20
22707.98358091055
 30
0.0
 40
1200.0
  1
X2Ç…ïœçXóLóvíçà”
  7
MSÉSÉVÉbÉN
 11
-1719.173887898738
 21
23307.98358091055
 31
0.0
100
AcDbText
 73
     2
  0
VIEWPORT
  5
3BC
102
{ACAD_XDICTIONARY
360
3BD
102
}
330
1D
100
AcDbEntity
 67
     1
  8
0
100
AcDbViewport
 10
251.1510401450174
 20
141.9406234613358
 30
0.0
 40
746.4881570849324
 41
320.6425866912353
 68
     1
 69
     1
 12
251.1510401450174
 22
141.9406234613358
 13
0.0
 23
0.0
 14
10.0
 24
10.0
 15
10.0
 25
10.0
 16
0.0
 26
0.0
 36
1.0
 17
0.0
 27
0.0
 37
0.0
 42
50.0
 43
0.0
 44
0.0
 45
320.6425866912353
 50
0.0
 51
0.0
 72
  1000
 90
   819232
  1

281
     0
 71
     1
 74
     0
110
0.0
120
0.0
130
0.0
111
1.0
121
0.0
131
0.0
112
0.0
122
1.0
132
0.0
 79
     0
146
0.0
  0
LWPOLYLINE
  5
60E
330
1D
100
AcDbEntity
 67
     1
  8
ópéÜ
100
AcDbPolyline
 90
        4
 70
     1
 43
0.0
 10
4.938648027398813
 20
301.9954406357574
 10
424.9386480273988
 20
301.9954406357574
 10
424.9386480273988
 20
4.995440635757404
 10
4.938648027398813
 20
4.995440635757404
  0
INSERT
  5
60F
330
1D
100
AcDbEntity
 67
     1
  8
0
100
AcDbBlockReference
 66
     1
  2
ê}ñ òg
 10
4.891108265864204
 20
5.375409610070619
 30
0.0
 41
0.02
 42
0.02
 43
0.02
  0
ATTRIB
  5
610
330
60F
100
AcDbEntity
 67
     1
  8
0
100
AcDbText
 10
403.8593717709633
 20
20.54567060306317
 30
0.0
 40
1.6
  1
01
  7
M-pro
 72
     1
 11
405.4263820802416
 21
20.54567060306317
 31
0.0
100
AcDbAttribute
  2
ê}ñ î‘çÜ
 70
     0
  0
ATTRIB
  5
611
330
60F
100
AcDbEntity
 67
     1
  8
0
100
AcDbText
 10
277.9389690783091
 20
19.2525408630022
 30
0.0
 40
1.6
  1
írìcÅ@è´ëÂ
  7
M-pro
 72
     1
 11
283.217319593773
 21
19.2525408630022
 31
0.0
100
AcDbAttribute
  2
çÏê¨
 70
     0
  0
ATTRIB
  5
612
330
60F
100
AcDbEntity
 67
     1
  8
0
100
AcDbText
 10
300.3154946285382
 20
17.19168317502425
 30
0.0
 40
1.6
  1
1/100(A3)
  7
M-pro
 72
     4
 11
306.3814740099815
 21
17.95044606162219
 31
0.0
100
AcDbAttribute
  2
èké⁄
 70
     0
  0
ATTRIB
  5
613
330
60F
100
AcDbEntity
 67
     1
  8
0
100
AcDbText
 10
295.0376434443745
 20
23.81200476685656
 30
0.0
 40
1.6
  1
2025ÅE12ÅE06
  7
M-pro
 72
     4
 11
303.4170248876735
 21
24.5666439421143
 31
0.0
100
AcDbAttribute
  2
DATE
 70
     0
  0
ATTRIB
  5
614
330
60F
100
AcDbEntity
 67
     1
  8
0
100
AcDbText
 10
348.3025204128639
 20
18.15455757401605
 30
0.0
 40
2.0
  1
äÓèÄç¿ïWê}
  7
M-pro
 72
     1
 11
354.9004585571938
 21
18.15455757401605
 31
0.0
100
AcDbAttribute
  2
ê}ñ ñº
 70
     0
  0
ATTRIB
  5
615
330
60F
100
AcDbEntity
 67
     1
  8
0
100
AcDbText
 10
328.5280055649744
 20
24.89554673362318
 30
0.0
 40
2.0
  1
ä÷êºçHã@êÆîıáä∏ﬁ◊Ã®Ø∏Øª≤›æ›¿∞ëùízçHéñPJ
  7
M-pro
 72
     1
 11
354.7290364928094
 21
24.89554673362318
 31
0.0
100
AcDbAttribute
  2
ñºèÃ
 70
     0
  0
SEQEND
  5
616
330
60F
100
AcDbEntity
 67
     1
  8
0
  0
VIEWPORT
  5
1AC8
102
{ACAD_XDICTIONARY
360
1AC9
102
}
330
1D
100
AcDbEntity
 67
     1
  8
ópéÜ
100
AcDbViewport
 10
213.9732525189798
 20
162.5490004402359
 30
0.0
 40
387.6611821078279
 41
250.8884666991841
 68
     2
 69
     2
 12
9678.734725707305
 22
5900.277228643208
 13
0.0
 23
0.0
 14
10.0
 24
10.0
 15
10.0
 25
10.0
 16
0.0
 26
0.0
 36
1.0
 17
0.0
 27
0.0
 37
0.0
 42
50.0
 43
0.0
 44
0.0
 45
25788.01779359719
 50
0.0
 51
0.0
 72
  1000
 90
   819296
  1

281
     0
 71
     1
 74
     0
110
0.0
120
0.0
130
0.0
111
1.0
121
0.0
131
0.0
112
0.0
122
1.0
132
0.0
 79
     0
146
0.0
  0
VIEWPORT
  5
1AE8
102
{ACAD_XDICTIONARY
360
1AE9
102
}
330
1D
100
AcDbEntity
 67
     1
  8
ópéÜ
100
AcDbViewport
 10
376.4332373263942
 20
259.6963637386839
 30
0.0
 40
47.7913856217458
 41
40.57143819900102
 68
     3
 69
     3
 12
-31751.01026402935
 22
-7883.819761001577
 13
0.0
 23
0.0
 14
10.0
 24
10.0
 15
10.0
 25
10.0
 16
0.0
 26
0.0
 36
1.0
 17
0.0
 27
0.0
 37
0.0
 42
50.0
 43
0.0
 44
0.0
 45
8253.195665474237
 50
0.0
 51
0.0
 72
  1000
 90
   819296
  1

281
     0
 71
     1
 74
     0
110
0.0
120
0.0
130
0.0
111
1.0
121
0.0
131
0.0
112
0.0
122
1.0
132
0.0
 79
     0
146
0.0
  0
VIEWPORT
  5
1AEC
102
{ACAD_XDICTIONARY
360
1AED
102
}
330
1D
100
AcDbEntity
 67
     1
  8
ópéÜ
100
AcDbViewport
 10
378.3590932723628
 20
99.1971305016591
 30
0.0
 40
46.17534108968539
 41
36.6079990855178
 68
     4
 69
     4
 12
-22470.66148651919
 22
-8153.514100084483
 13
0.0
 23
0.0
 14
10.0
 24
10.0
 15
10.0
 25
10.0
 16
0.0
 26
0.0
 36
1.0
 17
0.0
 27
0.0
 37
0.0
 42
50.0
 43
0.0
 44
0.0
 45
5849.462971396311
 50
0.0
 51
0.0
 72
  1000
 90
   819296
  1

281
     0
 71
     1
 74
     0
110
0.0
120
0.0
130
0.0
111
1.0
121
0.0
131
0.0
112
0.0
122
1.0
132
0.0
 79
     0
146
0.0
  0
VIEWPORT
  5
1AF0
102
{ACAD_XDICTIONARY
360
1AF1
102
}
330
1D
100
AcDbEntity
 67
     1
  8
ópéÜ
100
AcDbViewport
 10
378.7428950110934
 20
57.40040143222541
 30
0.0
 40
54.80553681551692
 41
36.50086276302014
 68
     5
 69
     5
 12
-13948.18850746064
 22
-9643.622665144141
 13
0.0
 23
0.0
 14
10.0
 24
10.0
 15
10.0
 25
10.0
 16
0.0
 26
0.0
 36
1.0
 17
0.0
 27
0.0
 37
0.0
 42
50.0
 43
0.0
 44
0.0
 45
4441.840004694526
 50
0.0
 51
0.0
 72
  1000
 90
   819296
  1

281
     0
 71
     1
 74
     0
110
0.0
120
0.0
130
0.0
111
1.0
121
0.0
131
0.0
112
0.0
122
1.0
132
0.0
 79
     0
146
0.0
  0
ENDSEC
  0
SECTION
  2
OBJECTS
  0
DICTIONARY
  5
C
330
0
100
AcDbDictionary
281
     1
  3
ACAD_CIP_PREVIOUS_PRODUCT_INFO
350
156
  3
ACAD_COLOR
350
1C
  3
ACAD_DETAILVIEWSTYLE
350
163
  3
ACAD_GROUP
350
D
  3
ACAD_IMAGE_DICT
350
12D5
  3
ACAD_IMAGE_VARS
350
12D8
  3
ACAD_LAYOUT
350
1A
  3
ACAD_MATERIAL
350
1B
  3
ACAD_MLEADERSTYLE
350
106
  3
ACAD_MLINESTYLE
350
17
  3
ACAD_PLOTSETTINGS
350
19
  3
ACAD_PLOTSTYLENAME
350
E
  3
ACAD_RENDER_RAPIDRT_SETTINGS
350
2B9B
  3
ACAD_SCALELIST
350
F4
  3
ACAD_SECTIONVIEWSTYLE
350
161
  3
ACAD_TABLESTYLE
350
F2
  3
ACAD_VISUALSTYLE
350
DE
  3
ACDBHEADERROUNDTRIPXREC
350
2C71
  3
AcDbVariableDictionary
350
143
  3
DWGPROPS
350
2C74
  0
DICTIONARY
  5
21C
330
8
100
AcDbDictionary
280
     1
281
     1
  3
ACAD_XREC_ROUNDTRIP
360
2C81
  0
DICTIONARY
  5
13B
330
2
100
AcDbDictionary
280
     1
281
     1
  3
ACAD_LAYERSTATES
360
13C
  0
DICTIONARY
  5
134
330
10
100
AcDbDictionary
280
     1
281
     1
  3
ADSK_XREC_LAYER_RECONCILED
360
1768
  0
DICTIONARY
  5
136
330
30
100
AcDbDictionary
280
     1
281
     1
  3
ADSK_XREC_LAYER_RECONCILED
360
1769
  0
DICTIONARY
  5
1014
330
16A
100
AcDbDictionary
280
     1
281
     1
  3
ADSK_XREC_LAYER_RECONCILED
360
176A
  0
DICTIONARY
  5
39A
330
399
100
AcDbDictionary
280
     1
281
     1
  3
ADSK_XREC_LAYER_RECONCILED
360
176B
  0
DICTIONARY
  5
1017
330
655
100
AcDbDictionary
280
     1
281
     1
  3
ADSK_XREC_LAYER_RECONCILED
360
176C
  0
DICTIONARY
  5
1019
330
656
100
AcDbDictionary
280
     1
281
     1
  3
ADSK_XREC_LAYER_RECONCILED
360
176D
  0
DICTIONARY
  5
101B
330
657
100
AcDbDictionary
280
     1
281
     1
  3
ADSK_XREC_LAYER_RECONCILED
360
176E
  0
DICTIONARY
  5
101D
330
658
100
AcDbDictionary
280
     1
281
     1
  3
ADSK_XREC_LAYER_RECONCILED
360
176F
  0
DICTIONARY
  5
101F
330
659
100
AcDbDictionary
280
     1
281
     1
  3
ADSK_XREC_LAYER_RECONCILED
360
1770
  0
DICTIONARY
  5
1021
330
65A
100
AcDbDictionary
280
     1
281
     1
  3
ADSK_XREC_LAYER_RECONCILED
360
1771
  0
DICTIONARY
  5
1023
330
65B
100
AcDbDictionary
280
     1
281
     1
  3
ADSK_XREC_LAYER_RECONCILED
360
1772
  0
DICTIONARY
  5
1025
330
65C
100
AcDbDictionary
280
     1
281
     1
  3
ADSK_XREC_LAYER_RECONCILED
360
1773
  0
DICTIONARY
  5
1027
330
65D
100
AcDbDictionary
280
     1
281
     1
  3
ADSK_XREC_LAYER_RECONCILED
360
1774
  0
DICTIONARY
  5
1775
330
1124
100
AcDbDictionary
280
     1
281
     1
  3
ADSK_XREC_LAYER_RECONCILED
360
1776
  0
DICTIONARY
  5
1777
330
1125
100
AcDbDictionary
280
     1
281
     1
  3
ADSK_XREC_LAYER_RECONCILED
360
1778
  0
DICTIONARY
  5
1779
330
1126
100
AcDbDictionary
280
     1
281
     1
  3
ADSK_XREC_LAYER_RECONCILED
360
177A
  0
DICTIONARY
  5
177B
330
1127
100
AcDbDictionary
280
     1
281
     1
  3
ADSK_XREC_LAYER_RECONCILED
360
177C
  0
DICTIONARY
  5
177D
330
1128
100
AcDbDictionary
280
     1
281
     1
  3
ADSK_XREC_LAYER_RECONCILED
360
177E
  0
DICTIONARY
  5
177F
330
1129
100
AcDbDictionary
280
     1
281
     1
  3
ADSK_XREC_LAYER_RECONCILED
360
1780
  0
DICTIONARY
  5
1781
330
112A
100
AcDbDictionary
280
     1
281
     1
  3
ADSK_XREC_LAYER_RECONCILED
360
1782
  0
DICTIONARY
  5
1783
330
112B
100
AcDbDictionary
280
     1
281
     1
  3
ADSK_XREC_LAYER_RECONCILED
360
1784
  0
DICTIONARY
  5
1785
330
112C
100
AcDbDictionary
280
     1
281
     1
  3
ADSK_XREC_LAYER_RECONCILED
360
1786
  0
DICTIONARY
  5
1787
330
112D
100
AcDbDictionary
280
     1
281
     1
  3
ADSK_XREC_LAYER_RECONCILED
360
1788
  0
DICTIONARY
  5
1789
330
112E
100
AcDbDictionary
280
     1
281
     1
  3
ADSK_XREC_LAYER_RECONCILED
360
178A
  0
DICTIONARY
  5
178B
330
112F
100
AcDbDictionary
280
     1
281
     1
  3
ADSK_XREC_LAYER_RECONCILED
360
178C
  0
DICTIONARY
  5
178D
330
1130
100
AcDbDictionary
280
     1
281
     1
  3
ADSK_XREC_LAYER_RECONCILED
360
178E
  0
DICTIONARY
  5
660
330
21
100
AcDbDictionary
280
     1
281
     1
  3
ACAD_SORTENTS
360
661
  0
DICTIONARY
  5
22CA
330
22C9
100
AcDbDictionary
280
     1
281
     1
  3
ACAD_XREC_ROUNDTRIP
360
2C7A
  3
ASDK_XREC_ANNOTATION_SCALE_INFO
360
22CB
  0
DICTIONARY
  5
22D6
330
22D5
100
AcDbDictionary
280
     1
281
     1
  3
ACAD_XREC_ROUNDTRIP
360
2C7B
  3
ASDK_XREC_ANNOTATION_SCALE_INFO
360
22D7
  0
DICTIONARY
  5
22D9
330
22D8
100
AcDbDictionary
280
     1
281
     1
  3
ACAD_XREC_ROUNDTRIP
360
2C7C
  3
ASDK_XREC_ANNOTATION_SCALE_INFO
360
22DA
  0
DICTIONARY
  5
22DC
330
22DB
100
AcDbDictionary
280
     1
281
     1
  3
ACAD_XREC_ROUNDTRIP
360
2C7D
  3
ASDK_XREC_ANNOTATION_SCALE_INFO
360
22DD
  0
DICTIONARY
  5
22DF
330
22DE
100
AcDbDictionary
280
     1
281
     1
  3
ACAD_XREC_ROUNDTRIP
360
2C7E
  3
ASDK_XREC_ANNOTATION_SCALE_INFO
360
22E0
  0
DICTIONARY
  5
2305
330
2304
100
AcDbDictionary
280
     1
281
     1
  3
ACAD_XREC_ROUNDTRIP
360
2C7F
  3
ASDK_XREC_ANNOTATION_SCALE_INFO
360
2306
  0
DICTIONARY
  5
2325
330
2324
100
AcDbDictionary
280
     1
281
     1
  3
ACAD_XREC_ROUNDTRIP
360
2C80
  3
ASDK_XREC_ANNOTATION_SCALE_INFO
360
2326
  0
DICTIONARY
  5
19B5
330
19B3
100
AcDbDictionary
280
     1
281
     1
  3
ACAD_DIMASSOC
360
19B6
  0
DICTIONARY
  5
2A0A
330
2A08
100
AcDbDictionary
280
     1
281
     1
  3
ACAD_DIMASSOC
360
2A0B
  0
DICTIONARY
  5
3BD
330
3BC
100
AcDbDictionary
280
     1
281
     1
  3
ACAD_XREC_ROUNDTRIP
360
2C75
  3
ASDK_XREC_ANNOTATION_SCALE_INFO
360
3BE
  0
DICTIONARY
  5
1AC9
330
1AC8
100
AcDbDictionary
280
     1
281
     1
  3
ACAD_XREC_ROUNDTRIP
360
2C76
  3
ASDK_XREC_ANNOTATION_SCALE_INFO
360
1ACA
  0
DICTIONARY
  5
1AE9
330
1AE8
100
AcDbDictionary
280
     1
281
     1
  3
ACAD_XREC_ROUNDTRIP
360
2C77
  3
ASDK_XREC_ANNOTATION_SCALE_INFO
360
1AEA
  0
DICTIONARY
  5
1AED
330
1AEC
100
AcDbDictionary
280
     1
281
     1
  3
ACAD_XREC_ROUNDTRIP
360
2C78
  3
ASDK_XREC_ANNOTATION_SCALE_INFO
360
1AEE
  0
DICTIONARY
  5
1AF1
330
1AF0
100
AcDbDictionary
280
     1
281
     1
  3
ACAD_XREC_ROUNDTRIP
360
2C79
  3
ASDK_XREC_ANNOTATION_SCALE_INFO
360
1AF2
  0
XRECORD
  5
156
102
{ACAD_REACTORS
330
C
102
}
330
C
100
AcDbXrecord
280
     1
300
ACD
300
2021
300

  0
DICTIONARY
  5
1C
102
{ACAD_REACTORS
330
C
102
}
330
C
100
AcDbDictionary
281
     1
  0
DICTIONARY
  5
163
102
{ACAD_REACTORS
330
C
102
}
330
C
100
AcDbDictionary
281
     1
  3
Metric50
350
164
  0
DICTIONARY
  5
D
102
{ACAD_REACTORS
330
C
102
}
330
C
100
AcDbDictionary
281
     1
  0
DICTIONARY
  5
12D5
102
{ACAD_REACTORS
330
C
102
}
330
C
100
AcDbDictionary
281
     1
  3
IMAGE000
350
12D6
  0
RASTERVARIABLES
  5
12D8
102
{ACAD_REACTORS
330
C
102
}
330
C
100
AcDbRasterVariables
 90
        0
 70
     1
 71
     1
 72
     1
  0
DICTIONARY
  5
1A
102
{ACAD_REACTORS
330
C
102
}
330
C
100
AcDbDictionary
281
     1
  3
Model
350
24
  3
äÓèÄç¿ïWê}
350
20
  3
çYêcà íuèoÇµäÆóπê}ÅEé©éÂåüç∏
350
22E2
  0
DICTIONARY
  5
1B
102
{ACAD_REACTORS
330
C
102
}
330
C
100
AcDbDictionary
281
     1
  3
ByBlock
350
CE
  3
ByLayer
350
C6
  3
Global
350
D6
  0
DICTIONARY
  5
106
102
{ACAD_REACTORS
330
C
102
}
330
C
100
AcDbDictionary
281
     1
  3
A3(1-50)
350
110
  3
Standard
350
107
  0
DICTIONARY
  5
17
102
{ACAD_REACTORS
330
C
102
}
330
C
100
AcDbDictionary
281
     1
  3
Standard
350
18
  0
DICTIONARY
  5
19
102
{ACAD_REACTORS
330
C
102
}
330
C
100
AcDbDictionary
281
     1
  0
ACDBDICTIONARYWDFLT
  5
E
102
{ACAD_REACTORS
330
C
102
}
330
C
100
AcDbDictionary
281
     1
  3
Normal
350
F
100
AcDbDictionaryWithDefault
340
F
  0
DICTIONARY
  5
2B9B
102
{ACAD_REACTORS
330
C
102
}
330
C
100
AcDbDictionary
281
     1
  3
ÉIÅ[ÉoÅ[ÉiÉCÉgïiéø
350
2BA1
  3
ÉRÅ[ÉqÅ[ ÉuÉåÉCÉNïiéø
350
2B9F
  3
ÉâÉìÉ` É^ÉCÉÄïiéø
350
2BA0
  3
çÇ
350
2B9E
  3
íÜ
350
2B9D
  3
í·
350
2B9C
  0
DICTIONARY
  5
F4
102
{ACAD_REACTORS
330
C
102
}
330
C
100
AcDbDictionary
281
     1
  3
A0
350
F5
  3
A1
350
F6
  3
A2
350
F7
  3
A3
350
F8
  3
A4
350
F9
  3
A5
350
FA
  3
A6
350
FB
  3
A7
350
FC
  3
A8
350
FD
  3
A9
350
FE
  3
B0
350
FF
  3
B1
350
100
  3
B2
350
101
  3
B3
350
102
  3
B4
350
103
  3
B5
350
104
  3
B6
350
105
  0
DICTIONARY
  5
161
102
{ACAD_REACTORS
330
C
102
}
330
C
100
AcDbDictionary
281
     1
  3
Metric50
350
162
  0
DICTIONARY
  5
F2
102
{ACAD_REACTORS
330
C
102
}
330
C
100
AcDbDictionary
281
     1
  3
Standard
350
F3
  0
DICTIONARY
  5
DE
102
{ACAD_REACTORS
330
C
102
}
330
C
100
AcDbDictionary
281
     1
  3
2dWireframe
350
E4
  3
3D Hidden
350
E6
  3
3dWireframe
350
E5
  3
Basic
350
E3
  3
Brighten
350
EA
  3
ColorChange
350
EE
  3
Conceptual
350
E7
  3
Dim
350
E9
  3
EdgeColorOff
350
F1
  3
Facepattern
350
ED
  3
Flat
350
DF
  3
FlatWithEdges
350
E0
  3
Gouraud
350
E1
  3
GouraudWithEdges
350
E2
  3
Hidden
350
14D
  3
JitterOff
350
EF
  3
Linepattern
350
EC
  3
OverhangOff
350
F0
  3
Realistic
350
E8
  3
Shaded
350
152
  3
Shaded with edges
350
151
  3
Shades of Gray
350
14E
  3
Sketchy
350
14F
  3
Thicken
350
EB
  3
Wireframe
350
14C
  3
X-Ray
350
150
  0
DICTIONARY
  5
2C71
102
{ACAD_REACTORS
330
C
102
}
330
C
100
AcDbDictionary
281
     1
  3
COLORDICT
350
2C72
  3
MATERIALDICT
350
2C73
  0
DICTIONARY
  5
143
102
{ACAD_REACTORS
330
C
102
}
330
C
100
AcDbDictionary
281
     1
  3
CANNOSCALE
350
147
  3
CMLEADERSTYLE
350
145
  3
CTABLESTYLE
350
144
  3
CVIEWDETAILSTYLE
350
1D1
  3
CVIEWSECTIONSTYLE
350
1D2
  3
DIMASSOC
350
22C
  3
HIDETEXT
350
22A
  3
INDEXCTL
350
229
  3
LAYEREVAL
350
149
  3
LAYERNOTIFY
350
14A
  3
LIGHTINGUNITS
350
148
  3
MSLTSCALE
350
146
  3
SOLIDHIST
350
17D6
  3
SORTENTS
350
228
  0
XRECORD
  5
2C74
102
{ACAD_REACTORS
330
C
102
}
330
C
100
AcDbXrecord
280
     1
  1
DWGPROPS COOKIE
  2

  3

  4

  6

  7

  8
taka
  9

300
=
301
=
302
=
303
=
304
=
305
=
306
=
307
=
308
=
309
=
 40
0.0
 41
2461014.449039352
 42
2461119.510650521
  1

 90
        0
  0
XRECORD
  5
2C81
102
{ACAD_REACTORS
330
21C
102
}
330
21C
100
AcDbXrecord
280
     1
102
VTR_0.000_0.000_1.000_1.000_VISUALSTYLE
340
E4
102
VTR_0.000_0.000_1.000_1.000_GRIDDISPLAY
 70
     3
102
VTR_0.000_0.000_1.000_1.000_GRIDMAJOR
 70
     5
102
VTR_0.000_0.000_1.000_1.000_DEFAULTLIGHTING
280
     1
102
VTR_0.000_0.000_1.000_1.000_DEFAULTLIGHTINGTYPE
 70
     1
102
VTR_0.000_0.000_1.000_1.000_BRIGHTNESS
141
0.0
102
VTR_0.000_0.000_1.000_1.000_CONTRAST
142
0.0
  0
DICTIONARY
  5
13C
102
{ACAD_REACTORS
330
13B
102
}
330
13B
100
AcDbDictionary
281
     1
  0
XRECORD
  5
1768
102
{ACAD_REACTORS
330
134
102
}
330
134
100
AcDbXrecord
280
     1
290
     1
  0
XRECORD
  5
1769
102
{ACAD_REACTORS
330
136
102
}
330
136
100
AcDbXrecord
280
     1
290
     1
  0
XRECORD
  5
176A
102
{ACAD_REACTORS
330
1014
102
}
330
1014
100
AcDbXrecord
280
     1
290
     1
  0
XRECORD
  5
176B
102
{ACAD_REACTORS
330
39A
102
}
330
39A
100
AcDbXrecord
280
     1
290
     1
  0
XRECORD
  5
176C
102
{ACAD_REACTORS
330
1017
102
}
330
1017
100
AcDbXrecord
280
     1
290
     1
  0
XRECORD
  5
176D
102
{ACAD_REACTORS
330
1019
102
}
330
1019
100
AcDbXrecord
280
     1
290
     1
  0
XRECORD
  5
176E
102
{ACAD_REACTORS
330
101B
102
}
330
101B
100
AcDbXrecord
280
     1
290
     1
  0
XRECORD
  5
176F
102
{ACAD_REACTORS
330
101D
102
}
330
101D
100
AcDbXrecord
280
     1
290
     1
  0
XRECORD
  5
1770
102
{ACAD_REACTORS
330
101F
102
}
330
101F
100
AcDbXrecord
280
     1
290
     1
  0
XRECORD
  5
1771
102
{ACAD_REACTORS
330
1021
102
}
330
1021
100
AcDbXrecord
280
     1
290
     1
  0
XRECORD
  5
1772
102
{ACAD_REACTORS
330
1023
102
}
330
1023
100
AcDbXrecord
280
     1
290
     1
  0
XRECORD
  5
1773
102
{ACAD_REACTORS
330
1025
102
}
330
1025
100
AcDbXrecord
280
     1
290
     1
  0
XRECORD
  5
1774
102
{ACAD_REACTORS
330
1027
102
}
330
1027
100
AcDbXrecord
280
     1
290
     1
  0
XRECORD
  5
1776
102
{ACAD_REACTORS
330
1775
102
}
330
1775
100
AcDbXrecord
280
     1
290
     1
  0
XRECORD
  5
1778
102
{ACAD_REACTORS
330
1777
102
}
330
1777
100
AcDbXrecord
280
     1
290
     1
  0
XRECORD
  5
177A
102
{ACAD_REACTORS
330
1779
102
}
330
1779
100
AcDbXrecord
280
     1
290
     1
  0
XRECORD
  5
177C
102
{ACAD_REACTORS
330
177B
102
}
330
177B
100
AcDbXrecord
280
     1
290
     1
  0
XRECORD
  5
177E
102
{ACAD_REACTORS
330
177D
102
}
330
177D
100
AcDbXrecord
280
     1
290
     1
  0
XRECORD
  5
1780
102
{ACAD_REACTORS
330
177F
102
}
330
177F
100
AcDbXrecord
280
     1
290
     1
  0
XRECORD
  5
1782
102
{ACAD_REACTORS
330
1781
102
}
330
1781
100
AcDbXrecord
280
     1
290
     1
  0
XRECORD
  5
1784
102
{ACAD_REACTORS
330
1783
102
}
330
1783
100
AcDbXrecord
280
     1
290
     1
  0
XRECORD
  5
1786
102
{ACAD_REACTORS
330
1785
102
}
330
1785
100
AcDbXrecord
280
     1
290
     1
  0
XRECORD
  5
1788
102
{ACAD_REACTORS
330
1787
102
}
330
1787
100
AcDbXrecord
280
     1
290
     1
  0
XRECORD
  5
178A
102
{ACAD_REACTORS
330
1789
102
}
330
1789
100
AcDbXrecord
280
     1
290
     1
  0
XRECORD
  5
178C
102
{ACAD_REACTORS
330
178B
102
}
330
178B
100
AcDbXrecord
280
     1
290
     1
  0
XRECORD
  5
178E
102
{ACAD_REACTORS
330
178D
102
}
330
178D
100
AcDbXrecord
280
     1
290
     1
  0
SORTENTSTABLE
  5
661
102
{ACAD_REACTORS
330
660
102
}
330
660
100
AcDbSortentsTable
330
21
331
198A
  5
12D9
331
12D9
  5
12DA
331
12DA
  5
12DB
331
12DB
  5
12DC
331
12DC
  5
12DD
331
12DD
  5
12DE
331
12DE
  5
12DF
331
12DF
  5
12E0
331
12E0
  5
12E1
331
12E1
  5
12E2
331
12E2
  5
12E3
331
12E3
  5
12E4
331
12E4
  5
12E5
331
12E5
  5
12E6
331
12E6
  5
12E7
331
12E7
  5
12E8
331
12E8
  5
12E9
331
12E9
  5
12EA
331
12EA
  5
12EB
331
12EB
  5
12EC
331
12EC
  5
12ED
331
12ED
  5
12EE
331
12EE
  5
12EF
331
12EF
  5
12F0
331
12F0
  5
12F1
331
12F1
  5
12F2
331
12F2
  5
12F3
331
12F3
  5
12F4
331
12F4
  5
12F5
331
12F5
  5
12F6
331
12F6
  5
12F7
331
12F7
  5
12F8
331
12F8
  5
12F9
331
1326
  5
1327
331
1327
  5
1328
331
1328
  5
1329
331
1329
  5
132A
331
132A
  5
132B
331
132B
  5
132C
331
132C
  5
132D
331
132D
  5
132E
331
132E
  5
132F
331
132F
  5
1330
331
1330
  5
1331
331
1331
  5
1332
331
1332
  5
1333
331
1333
  5
1334
331
1334
  5
1335
331
1335
  5
1336
331
1336
  5
1337
331
1337
  5
1338
331
1338
  5
1339
331
1339
  5
133A
331
133A
  5
133B
331
133B
  5
133C
331
133C
  5
133D
331
133D
  5
133E
331
133E
  5
133F
331
133F
  5
1340
331
1340
  5
1341
331
1341
  5
1342
331
1342
  5
1343
331
1343
  5
1344
331
1344
  5
1345
331
1345
  5
1346
331
1346
  5
1347
331
1347
  5
1348
331
1348
  5
1349
331
1349
  5
134A
331
134A
  5
134B
331
134B
  5
134C
331
134C
  5
134D
331
134D
  5
134E
331
134E
  5
134F
331
134F
  5
1350
331
1350
  5
1351
331
1351
  5
1352
331
1352
  5
1353
331
1353
  5
1354
331
1354
  5
1355
331
1355
  5
1356
331
1356
  5
1357
331
1357
  5
1358
331
1358
  5
1359
331
1359
  5
135A
331
135A
  5
135B
331
135B
  5
135C
331
135C
  5
135D
331
135D
  5
135E
331
135E
  5
135F
331
135F
  5
1360
331
1360
  5
1361
331
1361
  5
1362
331
1362
  5
1363
331
1363
  5
1364
331
1364
  5
1365
331
1365
  5
1366
331
1366
  5
1367
331
1367
  5
1368
331
1368
  5
1369
331
1369
  5
136A
331
136A
  5
136B
331
136B
  5
136C
331
136C
  5
136D
331
136D
  5
136E
331
136E
  5
136F
331
136F
  5
1370
331
1370
  5
1371
331
1371
  5
1372
331
1372
  5
1373
331
1373
  5
1374
331
1374
  5
1375
331
1375
  5
1376
331
1376
  5
1377
331
1377
  5
1378
331
1378
  5
1379
331
1379
  5
137A
331
137A
  5
137B
331
137B
  5
137C
331
137C
  5
137D
331
137D
  5
137E
331
28A8
  5
1382
331
28A9
  5
1383
331
28AA
  5
1385
331
28AB
  5
1388
331
28AC
  5
138B
331
28AD
  5
138C
331
1381
  5
138D
331
1382
  5
138F
331
28AE
  5
1396
331
28AF
  5
1397
331
1384
  5
1398
331
28B0
  5
1399
331
28B1
  5
139A
331
28B2
  5
139B
331
28B3
  5
139C
331
1387
  5
139D
331
28B4
  5
139E
331
28B5
  5
139F
331
28B6
  5
13A1
331
28B7
  5
13A2
331
138A
  5
13A3
331
138B
  5
13A5
331
138C
  5
13A6
331
28B8
  5
13A7
331
28B9
  5
13A8
331
138E
  5
13A9
331
28BA
  5
13AB
331
28BB
  5
13AC
331
28BC
  5
13AE
331
28BD
  5
13AF
331
28BE
  5
13B0
331
28BF
  5
13B1
331
28C0
  5
13B3
331
28C1
  5
13B4
331
28C2
  5
13B6
331
28C3
  5
13B7
331
28C4
  5
13B9
331
28C5
  5
13BA
331
1395
  5
13BC
331
1396
  5
13BD
331
1397
  5
13C0
331
1398
  5
13C1
331
2BEE
  5
13C3
331
1399
  5
13C5
331
139A
  5
13C7
331
139B
  5
13C9
331
139C
  5
13CB
331
139D
  5
13CD
331
139E
  5
13CF
331
28C6
  5
13D1
331
28C7
  5
13D3
331
13A0
  5
13D5
331
13A1
  5
13D7
331
13A2
  5
13D9
331
28C8
  5
13DB
331
28C9
  5
13DD
331
13A4
  5
13DF
331
13A5
  5
13E1
331
13A6
  5
13E3
331
13A7
  5
13E4
331
13A8
  5
13E5
331
28CA
  5
13E6
331
28CB
  5
13E7
331
13AA
  5
13E8
331
13AB
  5
13E9
331
28CC
  5
13EA
331
28CD
  5
13EB
331
13AD
  5
13EC
331
13AE
  5
13ED
331
13AF
  5
13EE
331
13B0
  5
13EF
331
28CE
  5
13F0
331
28CF
  5
13F1
331
13B2
  5
13F2
331
13B3
  5
13F3
331
28D0
  5
13F4
331
28D1
  5
13F5
331
13B5
  5
13F6
331
13B6
  5
13F7
331
28D2
  5
13F8
331
28D3
  5
13F9
331
13B8
  5
13FA
331
13B9
  5
13FB
331
28D4
  5
13FC
331
28D5
  5
13FD
331
13BB
  5
13FE
331
13BC
  5
13FF
331
28D6
  5
1400
331
28D7
  5
1401
331
28D8
  5
1402
331
28D9
  5
1403
331
13BF
  5
1404
331
13C0
  5
1405
331
28DA
  5
1406
331
28DB
  5
1407
331
13C2
  5
1408
331
28DC
  5
1409
331
28DD
  5
140A
331
13C4
  5
140B
331
28DE
  5
140C
331
28DF
  5
140D
331
13C6
  5
140E
331
28E0
  5
140F
331
28E1
  5
1410
331
13C8
  5
1411
331
28E2
  5
1412
331
28E3
  5
1413
331
13CA
  5
1414
331
28E4
  5
1415
331
28E5
  5
1416
331
13CC
  5
1417
331
28E6
  5
1418
331
28E7
  5
1419
331
13CE
  5
141A
331
28E8
  5
141B
331
28E9
  5
141C
331
13D0
  5
141D
331
28EA
  5
141E
331
28EB
  5
141F
331
13D2
  5
1420
331
28EC
  5
1421
331
28ED
  5
1422
331
13D4
  5
1423
331
28EE
  5
1424
331
28EF
  5
1425
331
13D6
  5
1426
331
28F0
  5
1427
331
28F1
  5
1428
331
13D8
  5
1429
331
28F2
  5
142A
331
28F3
  5
142B
331
13DA
  5
142C
331
28F4
  5
142D
331
28F5
  5
142E
331
13DC
  5
142F
331
28F6
  5
1430
331
28F7
  5
1431
331
13DE
  5
1432
331
28F8
  5
1433
331
28F9
  5
1434
331
13E0
  5
1435
331
28FA
  5
1436
331
28FB
  5
1437
331
13E2
  5
1438
331
13E3
  5
1439
331
13E4
  5
143A
331
13E5
  5
143B
331
13E6
  5
143C
331
13E7
  5
143D
331
13E8
  5
143E
331
13E9
  5
143F
331
13EA
  5
1440
331
13EB
  5
1441
331
13EC
  5
1442
331
13ED
  5
1443
331
13EE
  5
1444
331
13EF
  5
1445
331
13F0
  5
1446
331
13F1
  5
1447
331
13F2
  5
1448
331
13F3
  5
1449
331
13F4
  5
144A
331
13F5
  5
144B
331
13F6
  5
144C
331
13F7
  5
144D
331
13F8
  5
144E
331
13F9
  5
144F
331
13FA
  5
1450
331
13FB
  5
1451
331
13FC
  5
1453
331
13FD
  5
1454
331
13FE
  5
1455
331
13FF
  5
1456
331
1400
  5
1457
331
1401
  5
1458
331
1402
  5
1459
331
1403
  5
145A
331
1404
  5
145B
331
1405
  5
145C
331
1406
  5
145D
331
1407
  5
145E
331
1408
  5
145F
331
1409
  5
1460
331
140A
  5
1461
331
140B
  5
1462
331
140C
  5
1463
331
140D
  5
1464
331
140E
  5
1465
331
140F
  5
1466
331
1410
  5
1467
331
1411
  5
1468
331
1412
  5
1469
331
1413
  5
146A
331
1414
  5
146B
331
1415
  5
146C
331
1416
  5
146D
331
1417
  5
146E
331
1418
  5
146F
331
1419
  5
1470
331
141A
  5
1471
331
141B
  5
1472
331
141C
  5
1473
331
141D
  5
198A
331
141E
  5
1995
331
141F
  5
1996
331
1420
  5
1997
331
1421
  5
1998
331
1422
  5
1999
331
1423
  5
199B
331
1424
  5
199C
331
1425
  5
19B3
331
1426
  5
19B4
331
1427
  5
19C1
331
1428
  5
19C2
331
1429
  5
19C3
331
142A
  5
19C4
331
142B
  5
19C5
331
142C
  5
19C6
331
142D
  5
19C7
331
142E
  5
19C8
331
142F
  5
19C9
331
1430
  5
19CA
331
1431
  5
19CB
331
1432
  5
19CC
331
1433
  5
19CD
331
1434
  5
19CE
331
1435
  5
19CF
331
1436
  5
19D0
331
1437
  5
19D1
331
1438
  5
19D2
331
1439
  5
19D3
331
143A
  5
19D4
331
143B
  5
19D5
331
143C
  5
19D6
331
143D
  5
19D7
331
143E
  5
19D8
331
143F
  5
19D9
331
1440
  5
19DA
331
1441
  5
19DC
331
1442
  5
19DD
331
1443
  5
19DE
331
1444
  5
1A78
331
1445
  5
1A79
331
1446
  5
1A7A
331
1447
  5
1A7B
331
1448
  5
1A7C
331
1449
  5
1A7D
331
144A
  5
1A7E
331
144B
  5
1A7F
331
144C
  5
1A80
331
144D
  5
1A81
331
144E
  5
1A82
331
144F
  5
1A83
331
1450
  5
1A84
331
1452
  5
1A85
331
1453
  5
1A86
331
1454
  5
1A87
331
1455
  5
1A88
331
1456
  5
1A89
331
1457
  5
1A8A
331
1458
  5
1A8B
331
1459
  5
1A8C
331
145A
  5
1A8D
331
145B
  5
1A8E
331
145C
  5
1A8F
331
145D
  5
1A90
331
145E
  5
1A91
331
145F
  5
1A92
331
1460
  5
1A93
331
1461
  5
1A94
331
1462
  5
1A96
331
1463
  5
1AB9
331
1464
  5
1ABA
331
1465
  5
1ABB
331
1466
  5
1ABC
331
1467
  5
1ABD
331
1468
  5
1ABE
331
1469
  5
1ABF
331
146A
  5
28A8
331
146B
  5
28A9
331
146C
  5
28AA
331
146D
  5
28AB
331
146E
  5
28AC
331
146F
  5
28AD
331
1470
  5
28AE
331
1471
  5
28AF
331
1472
  5
28B0
331
2BED
  5
28B1
331
1473
  5
28B2
331
1995
  5
28B3
331
1996
  5
28B4
331
1997
  5
28B5
331
1998
  5
28B6
331
1999
  5
28B7
331
199B
  5
28B8
331
199C
  5
28B9
331
19B3
  5
28BA
331
19B4
  5
28BB
331
19C1
  5
28BC
331
19C2
  5
28BD
331
19C3
  5
28BE
331
19C4
  5
28BF
331
19C5
  5
28C0
331
19C6
  5
28C1
331
19C7
  5
28C2
331
19C8
  5
28C3
331
19C9
  5
28C4
331
19CA
  5
28C5
331
19CB
  5
28C6
331
19CC
  5
28C7
331
19CD
  5
28C8
331
19CE
  5
28C9
331
19CF
  5
28CA
331
19D0
  5
28CB
331
19D1
  5
28CC
331
19D2
  5
28CD
331
19D3
  5
28CE
331
19D4
  5
28CF
331
19D5
  5
28D0
331
19D6
  5
28D1
331
19D7
  5
28D2
331
19D8
  5
28D3
331
19D9
  5
28D4
331
19DA
  5
28D5
331
19DC
  5
28D6
331
19DD
  5
28D7
331
19DE
  5
28D8
331
1A78
  5
28D9
331
1A79
  5
28DA
331
1A7A
  5
28DB
331
1A7B
  5
28DC
331
1A7C
  5
28DD
331
1A7D
  5
28DE
331
1A7E
  5
28DF
331
1A7F
  5
28E0
331
1A80
  5
28E1
331
1A81
  5
28E2
331
1A82
  5
28E3
331
1A83
  5
28E4
331
1A84
  5
28E5
331
1A85
  5
28E6
331
1A86
  5
28E7
331
1A87
  5
28E8
331
1A88
  5
28E9
331
1A89
  5
28EA
331
1A8A
  5
28EB
331
1A8B
  5
28EC
331
1A8C
  5
28ED
331
1A8D
  5
28EE
331
1A8E
  5
28EF
331
1A8F
  5
28F0
331
1A90
  5
28F1
331
1A91
  5
28F2
331
1A92
  5
28F3
331
1A93
  5
28F4
331
1A94
  5
28F5
331
1A96
  5
28F6
331
1AB9
  5
28F7
331
1ABA
  5
28F8
331
1ABB
  5
28F9
331
1ABC
  5
28FA
331
1ABD
  5
28FB
331
1ABE
  5
28FC
331
1ABF
  5
28FD
331
28FC
  5
28FE
331
28FD
  5
28FF
331
28FE
  5
2900
331
28FF
  5
2901
331
2900
  5
29E2
331
2901
  5
29E3
331
29E2
  5
29E4
331
29E3
  5
29E5
331
29E4
  5
29E6
331
29E5
  5
29E7
331
29E6
  5
29E8
331
29E7
  5
29E9
331
29E8
  5
29EA
331
29E9
  5
29EB
331
29EA
  5
2A08
331
29EB
  5
2A09
331
2A08
  5
2A0D
331
2A09
  5
2A0E
331
2A0D
  5
2A10
331
2A0E
  5
2A13
331
2A10
  5
2A15
331
2A13
  5
2A16
331
2A15
  5
2A17
331
2A16
  5
2A19
331
2A17
  5
2A1A
331
2A19
  5
2A1B
331
2A1A
  5
2BED
331
2A1B
  5
2BEE
  0
XRECORD
  5
2C7A
102
{ACAD_REACTORS
330
22CA
102
}
330
22CA
100
AcDbXrecord
280
     1
102
VISUALSTYLE
340
E4
102
GRIDDISPLAY
 70
     3
102
GRIDMAJOR
 70
     5
102
DEFAULTLIGHTING
280
     1
102
DEFAULTLIGHTINGTYPE
 70
     1
102
BRIGHTNESS
141
0.0
102
CONTRAST
142
0.0
  0
XRECORD
  5
22CB
102
{ACAD_REACTORS
330
22CA
102
}
330
22CA
100
AcDbXrecord
280
     1
 90
        1
340
F5
  0
XRECORD
  5
2C7B
102
{ACAD_REACTORS
330
22D6
102
}
330
22D6
100
AcDbXrecord
280
     1
102
VISUALSTYLE
340
E4
102
GRIDDISPLAY
 70
     3
102
GRIDMAJOR
 70
     5
102
DEFAULTLIGHTING
280
     1
102
DEFAULTLIGHTINGTYPE
 70
     1
102
BRIGHTNESS
141
0.0
102
CONTRAST
142
0.0
  0
XRECORD
  5
22D7
102
{ACAD_REACTORS
330
22D6
102
}
330
22D6
100
AcDbXrecord
280
     1
 90
        1
340
100
  0
XRECORD
  5
2C7C
102
{ACAD_REACTORS
330
22D9
102
}
330
22D9
100
AcDbXrecord
280
     1
102
VISUALSTYLE
340
E4
102
GRIDDISPLAY
 70
     3
102
GRIDMAJOR
 70
     5
102
DEFAULTLIGHTING
280
     1
102
DEFAULTLIGHTINGTYPE
 70
     1
102
BRIGHTNESS
141
0.0
102
CONTRAST
142
0.0
  0
XRECORD
  5
22DA
102
{ACAD_REACTORS
330
22D9
102
}
330
22D9
100
AcDbXrecord
280
     1
 90
        1
340
100
  0
XRECORD
  5
2C7D
102
{ACAD_REACTORS
330
22DC
102
}
330
22DC
100
AcDbXrecord
280
     1
102
VISUALSTYLE
340
E4
102
GRIDDISPLAY
 70
     3
102
GRIDMAJOR
 70
     5
102
DEFAULTLIGHTING
280
     1
102
DEFAULTLIGHTINGTYPE
 70
     1
102
BRIGHTNESS
141
0.0
102
CONTRAST
142
0.0
  0
XRECORD
  5
22DD
102
{ACAD_REACTORS
330
22DC
102
}
330
22DC
100
AcDbXrecord
280
     1
 90
        1
340
100
  0
XRECORD
  5
2C7E
102
{ACAD_REACTORS
330
22DF
102
}
330
22DF
100
AcDbXrecord
280
     1
102
VISUALSTYLE
340
E4
102
GRIDDISPLAY
 70
     3
102
GRIDMAJOR
 70
     5
102
DEFAULTLIGHTING
280
     1
102
DEFAULTLIGHTINGTYPE
 70
     1
102
BRIGHTNESS
141
0.0
102
CONTRAST
142
0.0
  0
XRECORD
  5
22E0
102
{ACAD_REACTORS
330
22DF
102
}
330
22DF
100
AcDbXrecord
280
     1
 90
        1
340
100
  0
XRECORD
  5
2C7F
102
{ACAD_REACTORS
330
2305
102
}
330
2305
100
AcDbXrecord
280
     1
102
VISUALSTYLE
340
E4
102
GRIDDISPLAY
 70
     3
102
GRIDMAJOR
 70
     5
102
DEFAULTLIGHTING
280
     1
102
DEFAULTLIGHTINGTYPE
 70
     1
102
BRIGHTNESS
141
0.0
102
CONTRAST
142
0.0
  0
XRECORD
  5
2306
102
{ACAD_REACTORS
330
2305
102
}
330
2305
100
AcDbXrecord
280
     1
 90
        1
340
100
  0
XRECORD
  5
2C80
102
{ACAD_REACTORS
330
2325
102
}
330
2325
100
AcDbXrecord
280
     1
102
VISUALSTYLE
340
E4
102
GRIDDISPLAY
 70
     3
102
GRIDMAJOR
 70
     5
102
DEFAULTLIGHTING
280
     1
102
DEFAULTLIGHTINGTYPE
 70
     1
102
BRIGHTNESS
141
0.0
102
CONTRAST
142
0.0
  0
XRECORD
  5
2326
102
{ACAD_REACTORS
330
2325
102
}
330
2325
100
AcDbXrecord
280
     1
 90
        1
340
100
  0
DIMASSOC
  5
19B6
102
{ACAD_REACTORS
330
19B5
102
}
330
19B5
100
AcDbDimAssoc
330
19B3
 90
        1
 70
     0
 71
     0
  1
AcDbOsnapPointRef
 72
     8
331
1471
 73
     2
 91
        0
 40
0.1638827607942011
 10
0.0
 20
0.0
 30
0.0
 75
     0
  0
DIMASSOC
  5
2A0B
102
{ACAD_REACTORS
330
2A0A
102
}
330
2A0A
100
AcDbDimAssoc
330
2A08
 90
        1
 70
     0
 71
     0
  1
AcDbOsnapPointRef
 72
     3
331
29E4
 73
     2
 91
        0
 40
0.0
 10
0.0
 20
0.0
 30
0.0
 75
     0
  0
XRECORD
  5
2C75
102
{ACAD_REACTORS
330
3BD
102
}
330
3BD
100
AcDbXrecord
280
     1
102
VISUALSTYLE
340
E4
102
GRIDDISPLAY
 70
     3
102
GRIDMAJOR
 70
     5
102
DEFAULTLIGHTING
280
     1
102
DEFAULTLIGHTINGTYPE
 70
     1
102
BRIGHTNESS
141
0.0
102
CONTRAST
142
0.0
  0
XRECORD
  5
3BE
102
{ACAD_REACTORS
330
3BD
102
}
330
3BD
100
AcDbXrecord
280
     1
 90
        1
340
F5
  0
XRECORD
  5
2C76
102
{ACAD_REACTORS
330
1AC9
102
}
330
1AC9
100
AcDbXrecord
280
     1
102
VISUALSTYLE
340
E4
102
GRIDDISPLAY
 70
     3
102
GRIDMAJOR
 70
     5
102
DEFAULTLIGHTING
280
     1
102
DEFAULTLIGHTINGTYPE
 70
     1
102
BRIGHTNESS
141
0.0
102
CONTRAST
142
0.0
  0
XRECORD
  5
1ACA
102
{ACAD_REACTORS
330
1AC9
102
}
330
1AC9
100
AcDbXrecord
280
     1
 90
        1
340
100
  0
XRECORD
  5
2C77
102
{ACAD_REACTORS
330
1AE9
102
}
330
1AE9
100
AcDbXrecord
280
     1
102
VISUALSTYLE
340
E4
102
GRIDDISPLAY
 70
     3
102
GRIDMAJOR
 70
     5
102
DEFAULTLIGHTING
280
     1
102
DEFAULTLIGHTINGTYPE
 70
     1
102
BRIGHTNESS
141
0.0
102
CONTRAST
142
0.0
  0
XRECORD
  5
1AEA
102
{ACAD_REACTORS
330
1AE9
102
}
330
1AE9
100
AcDbXrecord
280
     1
 90
        1
340
100
  0
XRECORD
  5
2C78
102
{ACAD_REACTORS
330
1AED
102
}
330
1AED
100
AcDbXrecord
280
     1
102
VISUALSTYLE
340
E4
102
GRIDDISPLAY
 70
     3
102
GRIDMAJOR
 70
     5
102
DEFAULTLIGHTING
280
     1
102
DEFAULTLIGHTINGTYPE
 70
     1
102
BRIGHTNESS
141
0.0
102
CONTRAST
142
0.0
  0
XRECORD
  5
1AEE
102
{ACAD_REACTORS
330
1AED
102
}
330
1AED
100
AcDbXrecord
280
     1
 90
        1
340
100
  0
XRECORD
  5
2C79
102
{ACAD_REACTORS
330
1AF1
102
}
330
1AF1
100
AcDbXrecord
280
     1
102
VISUALSTYLE
340
E4
102
GRIDDISPLAY
 70
     3
102
GRIDMAJOR
 70
     5
102
DEFAULTLIGHTING
280
     1
102
DEFAULTLIGHTINGTYPE
 70
     1
102
BRIGHTNESS
141
0.0
102
CONTRAST
142
0.0
  0
XRECORD
  5
1AF2
102
{ACAD_REACTORS
330
1AF1
102
}
330
1AF1
100
AcDbXrecord
280
     1
 90
        1
340
100
  0
ACDBDETAILVIEWSTYLE
  5
164
102
{ACAD_REACTORS
330
163
102
}
102
{ACAD_XDICTIONARY
360
2C6A
102
}
330
163
100
AcDbModelDocViewStyle
 70
     0
  3
Metric50
290
     0
100
AcDbDetailViewStyle
 70
     0
 71
     0
 90
        3
 71
     1
340
11
 40
5.0
340
0
 40
5.0
300

 40
0.0
280
     1
 71
     2
340
16
 90
       25
 71
     3
340
11
 40
5.0
 90
        0
 40
15.0
 90
        1
300
%<\AcVar ViewDetailId>% (%<\AcVar ViewScale \f "%sn">%)
 71
     4
340
16
 90
       25
340
16
 90
       25
280
     0
1001
ACAD
1000
AcRTDxfName
1000
ACDBDETAILVIEWSTYLE
1000
AcRTDxfName
1000
ACDBDETAILVIEWSTYLE
1000
AcRTDxfName
1000
ACDBDETAILVIEWSTYLE
1000
AcRTDxfName
1000
ACDBDETAILVIEWSTYLE
1000
AcRTDxfName
1000
ACDBDETAILVIEWSTYLE
1000
AcRTDxfName
1000
ACDBDETAILVIEWSTYLE
1000
AcRTDxfName
1000
ACDBDETAILVIEWSTYLE
1000
AcRTDxfName
1000
ACDBDETAILVIEWSTYLE
1000
AcRTDxfName
1000
ACDBDETAILVIEWSTYLE
1000
AcRTDxfName
1000
ACDBDETAILVIEWSTYLE
1000
AcRTDxfName
1000
ACDBDETAILVIEWSTYLE
1000
AcRTDxfName
1000
ACDBDETAILVIEWSTYLE
1000
AcRTDxfName
1000
ACDBDETAILVIEWSTYLE
  0
IMAGEDEF
  5
12D6
102
{ACAD_REACTORS
330
12D5
102
}
330
12D5
100
AcDbRasterImageDef
 90
        0
  1
L:\D582G02-Minomiya\3_çÏã∆óp\JRêºì˙ñ{ÉrÉãÉg\ä÷êºçHã@êÆîıáäÅ@ÉOÉâÉtÉBÉbÉNÉTÉCÉìÉZÉìÉ^Å[ëùízPJ\ç\ë¢ê}\áD251014ìKîªèCê≥\251014-PDF,DXF\ä÷êºçHã@ç\ë¢ê}(DXF) - 251014\OLE00002.png
 10
731.0
 20
236.0
 11
0.001367989056087551
 21
0.001367989056087551
280
     1
281
     5
  0
LAYOUT
  5
24
102
{ACAD_REACTORS
330
1A
102
}
102
{ACAD_XDICTIONARY
360
141
102
}
330
1A
100
AcDbPlotSettings
  1

  2
AutoCAD PDF (Web and Mobile).pc3
  4
ISO_full_bleed_A3_(297.00_x_420.00_MM)
  6

 40
0.0
 41
0.0
 42
0.0
 43
0.0
 44
297.0
 45
420.0
 46
0.0
 47
0.0
 48
0.0
 49
0.0
140
21000.0
141
14850.0
142
1.0
143
50.0
 70
 11940
 72
     1
 73
     1
 74
     4
  7

 75
     0
147
0.02
148
0.0
149
0.0
100
AcDbLayout
  1
Model
 70
     1
 71
     0
 10
0.0
 20
0.0
 11
12.0
 21
9.0
 12
0.0
 22
0.0
 32
0.0
 14
-34202.19653990722
 24
-21378.0
 34
0.0
 15
20088.82002574162
 25
33993.0
 35
0.0
146
0.0
 13
0.0
 23
0.0
 33
0.0
 16
1.0
 26
0.0
 36
0.0
 17
0.0
 27
1.0
 37
0.0
 76
     0
330
21
331
C4
1001
ACAD_PSEXT
1000
AutoCAD PDF (Web and Mobile).pc3
1000
DWG To PDF
1000
ÉtÉ@ÉCÉã
1000

1070
     0
  0
LAYOUT
  5
20
102
{ACAD_REACTORS
330
1A
102
}
102
{ACAD_XDICTIONARY
360
3CA
102
}
330
1A
100
AcDbPlotSettings
  1

  2
AutoCAD PDF (Web and Mobile).pc3
  4
ISO_full_bleed_A3_(297.00_x_420.00_MM)
  6

 40
0.0
 41
0.0
 42
0.0
 43
0.0
 44
297.0
 45
420.0
 46
-5.027082920074463
 47
-5.027085781097412
 48
0.0
 49
0.0
140
0.0
141
0.0
142
1.0
143
1.0
 70
   688
 72
     1
 73
     1
 74
     5
  7

 75
    16
147
1.0
148
0.0
149
0.0
100
AcDbLayout
  1
äÓèÄç¿ïWê}
 70
     1
 71
     1
 10
5.027085781097412
 20
5.027082920074463
 11
425.0270857810974
 21
302.0270829200745
 12
0.0
 22
0.0
 32
0.0
 14
4.922873779321776
 24
4.973101705016688
 34
-0.0000000000112498
 15
424.9427714730909
 25
302.0132570838842
 35
0.0000000000002956
146
0.0
 13
0.0
 23
0.0
 33
0.0
 16
1.0
 26
0.0
 36
0.0
 17
0.0
 27
1.0
 37
0.0
 76
     0
330
1D
331
3BC
1001
ACAD_PSEXT
1000
AutoCAD PDF (Web and Mobile).pc3
1000
DWG To PDF
1000
ÉtÉ@ÉCÉã
1000

1070
     0
  0
LAYOUT
  5
22E2
102
{ACAD_REACTORS
330
1A
102
}
102
{ACAD_XDICTIONARY
360
22E3
102
}
330
1A
100
AcDbPlotSettings
  1

  2
KONICA MINOLTA C353 Series PCL
  4
A3
  6

 40
5.027082920074463
 41
5.027085781097412
 42
5.027099609375
 43
5.027069091796875
 44
296.9259948730469
 45
419.9466552734375
 46
-5.027082920074463
 47
-5.027085781097412
 48
0.0
 49
0.0
140
0.0
141
0.0
142
1.0
143
1.0
 70
   688
 72
     1
 73
     1
 74
     5
  7

 75
    16
147
1.0
148
0.0
149
0.0
100
AcDbLayout
  1
çYêcà íuèoÇµäÆóπê}ÅEé©éÂåüç∏
 70
     1
 71
     2
 10
0.0000166893005371
 20
0.0
 11
419.946671962738
 21
296.9259948730469
 12
0.0
 22
0.0
 32
0.0
 14
0.0
 24
0.0
 34
0.0
 15
420.0
 25
297.0
 35
0.0
146
0.0
 13
0.0
 23
0.0
 33
0.0
 16
1.0
 26
0.0
 36
0.0
 17
0.0
 27
1.0
 37
0.0
 76
     0
330
22C7
331
22C9
1001
ACAD_PSEXT
1000
KONICA MINOLTA C353 Series PCL
1000
KONICA MINOLTA C353 Series PCL
1000
IP_192.168.11.100_(1)
1000

1070
     0
  0
MATERIAL
  5
CE
102
{ACAD_REACTORS
330
1B
102
}
102
{ACAD_XDICTIONARY
360
2C83
102
}
330
1B
100
AcDbMaterial
  1
ByBlock
 72
     0
 73
     2
 43
0.0008202099737533
 43
0.0
 43
0.0
 43
0.0
 43
0.0
 43
0.0008202099737533
 43
0.0
 43
0.0
 43
0.0
 43
0.0
 43
1.0
 43
0.0
 43
0.0
 43
0.0
 43
0.0
 43
1.0
 77
     0
 78
     2
 47
0.0008202099737533
 47
0.0
 47
0.0
 47
0.0
 47
0.0
 47
0.0008202099737533
 47
0.0
 47
0.0
 47
0.0
 47
0.0
 47
1.0
 47
0.0
 47
0.0
 47
0.0
 47
0.0
 47
1.0
171
     0
172
     2
 49
0.0008202099737533
 49
0.0
 49
0.0
 49
0.0
 49
0.0
 49
0.0008202099737533
 49
0.0
 49
0.0
 49
0.0
 49
0.0
 49
1.0
 49
0.0
 49
0.0
 49
0.0
 49
0.0
 49
1.0
175
     0
176
     2
142
0.0008202099737533
142
0.0
142
0.0
142
0.0
142
0.0
142
0.0008202099737533
142
0.0
142
0.0
142
0.0
142
0.0
142
1.0
142
0.0
142
0.0
142
0.0
142
0.0
142
1.0
179
     0
270
     2
144
0.0008202099737533
144
0.0
144
0.0
144
0.0
144
0.0
144
0.0008202099737533
144
0.0
144
0.0
144
0.0
144
0.0
144
1.0
144
0.0
144
0.0
144
0.0
144
0.0
144
1.0
274
     2
147
0.0008202099737533
147
0.0
147
0.0
147
0.0
147
0.0
147
0.0008202099737533
147
0.0
147
0.0
147
0.0
147
0.0
147
1.0
147
0.0
147
0.0
147
0.0
147
0.0
147
1.0
  0
MATERIAL
  5
C6
102
{ACAD_REACTORS
330
1B
102
}
102
{ACAD_XDICTIONARY
360
2C85
102
}
330
1B
100
AcDbMaterial
  1
ByLayer
 72
     0
 73
     2
 43
0.0008202099737533
 43
0.0
 43
0.0
 43
0.0
 43
0.0
 43
0.0008202099737533
 43
0.0
 43
0.0
 43
0.0
 43
0.0
 43
1.0
 43
0.0
 43
0.0
 43
0.0
 43
0.0
 43
1.0
 77
     0
 78
     2
 47
0.0008202099737533
 47
0.0
 47
0.0
 47
0.0
 47
0.0
 47
0.0008202099737533
 47
0.0
 47
0.0
 47
0.0
 47
0.0
 47
1.0
 47
0.0
 47
0.0
 47
0.0
 47
0.0
 47
1.0
171
     0
172
     2
 49
0.0008202099737533
 49
0.0
 49
0.0
 49
0.0
 49
0.0
 49
0.0008202099737533
 49
0.0
 49
0.0
 49
0.0
 49
0.0
 49
1.0
 49
0.0
 49
0.0
 49
0.0
 49
0.0
 49
1.0
175
     0
176
     2
142
0.0008202099737533
142
0.0
142
0.0
142
0.0
142
0.0
142
0.0008202099737533
142
0.0
142
0.0
142
0.0
142
0.0
142
1.0
142
0.0
142
0.0
142
0.0
142
0.0
142
1.0
179
     0
270
     2
144
0.0008202099737533
144
0.0
144
0.0
144
0.0
144
0.0
144
0.0008202099737533
144
0.0
144
0.0
144
0.0
144
0.0
144
1.0
144
0.0
144
0.0
144
0.0
144
0.0
144
1.0
274
     2
147
0.0008202099737533
147
0.0
147
0.0
147
0.0
147
0.0
147
0.0008202099737533
147
0.0
147
0.0
147
0.0
147
0.0
147
1.0
147
0.0
147
0.0
147
0.0
147
0.0
147
1.0
  0
MATERIAL
  5
D6
102
{ACAD_REACTORS
330
1B
102
}
102
{ACAD_XDICTIONARY
360
D7
102
}
330
1B
100
AcDbMaterial
  1
Global
 72
     0
 73
     2
 43
0.0008202099737533
 43
0.0
 43
0.0
 43
0.0
 43
0.0
 43
0.0008202099737533
 43
0.0
 43
0.0
 43
0.0
 43
0.0
 43
1.0
 43
0.0
 43
0.0
 43
0.0
 43
0.0
 43
1.0
 77
     0
 78
     2
 47
0.0008202099737533
 47
0.0
 47
0.0
 47
0.0
 47
0.0
 47
0.0008202099737533
 47
0.0
 47
0.0
 47
0.0
 47
0.0
 47
1.0
 47
0.0
 47
0.0
 47
0.0
 47
0.0
 47
1.0
171
     0
172
     2
 49
0.0008202099737533
 49
0.0
 49
0.0
 49
0.0
 49
0.0
 49
0.0008202099737533
 49
0.0
 49
0.0
 49
0.0
 49
0.0
 49
1.0
 49
0.0
 49
0.0
 49
0.0
 49
0.0
 49
1.0
175
     0
176
     2
142
0.0008202099737533
142
0.0
142
0.0
142
0.0
142
0.0
142
0.0008202099737533
142
0.0
142
0.0
142
0.0
142
0.0
142
1.0
142
0.0
142
0.0
142
0.0
142
0.0
142
1.0
179
     0
270
     2
144
0.0008202099737533
144
0.0
144
0.0
144
0.0
144
0.0
144
0.0008202099737533
144
0.0
144
0.0
144
0.0
144
0.0
144
1.0
144
0.0
144
0.0
144
0.0
144
0.0
144
1.0
274
     2
147
0.0008202099737533
147
0.0
147
0.0
147
0.0
147
0.0
147
0.0008202099737533
147
0.0
147
0.0
147
0.0
147
0.0
147
1.0
147
0.0
147
0.0
147
0.0
147
0.0
147
1.0
  0
MLEADERSTYLE
  5
110
102
{ACAD_REACTORS
330
106
102
}
102
{ACAD_XDICTIONARY
360
2C88
102
}
330
106
100
AcDbMLeaderStyle
170
     2
171
     1
172
     0
 90
        2
 40
0.0
 41
0.0
173
     1
 91
-1056964608
340
14
 92
       -2
290
     1
 42
2.0
291
     1
 43
0.36
  3
Standard
341
111
 44
4.0
300

342
10C
174
     1
178
     6
175
     1
176
     0
 93
-1056964608
 45
80.0
292
     0
297
     0
 46
4.0
343
0
 94
-1056964608
 47
1.0
 49
1.0
140
1.0
293
     1
141
0.0
294
     1
177
     0
142
1.0
295
     0
296
     0
143
0.125
1001
ACAD_MLEADERVER
1070
     2
  0
MLEADERSTYLE
  5
107
102
{ACAD_REACTORS
330
106
102
}
102
{ACAD_XDICTIONARY
360
2C8A
102
}
330
106
100
AcDbMLeaderStyle
170
     2
171
     1
172
     0
 90
        2
 40
0.0
 41
0.0
173
     1
 91
-1056964608
340
14
 92
       -2
290
     1
 42
2.0
291
     1
 43
0.36
  3
Standard
341
0
 44
4.0
300

342
11
174
     1
178
     6
175
     1
176
     0
 93
-1056964608
 45
4.0
292
     0
297
     0
 46
4.0
343
0
 94
-1056964608
 47
1.0
 49
1.0
140
1.0
293
     1
141
0.0
294
     1
177
     0
142
1.0
295
     0
296
     0
143
0.125
1001
ACAD_MLEADERVER
1070
     2
  0
MLINESTYLE
  5
18
102
{ACAD_REACTORS
330
17
102
}
330
17
100
AcDbMlineStyle
  2
STANDARD
 70
     0
  3

 62
   256
 51
90.0
 52
90.0
 71
     2
 49
0.5
 62
   256
  6
BYLAYER
 49
-0.5
 62
   256
  6
BYLAYER
  0
ACDBPLACEHOLDER
  5
F
102
{ACAD_REACTORS
330
E
102
}
330
E
  0
RAPIDRTRENDERSETTINGS
  5
2BA1
102
{ACAD_REACTORS
330
2B9B
102
}
330
2B9B
100
AcDbRenderSettings
 90
        2
  1
ÉIÅ[ÉoÅ[ÉiÉCÉgïiéø
290
     1
290
     0
290
     1
290
     1
  1

  1
12 éûä‘ÇÃÉåÉìÉ_ÉäÉìÉO
 90
        5
100
AcDbRapidRTRenderSettings
 90
        3
 70
     1
 90
        1
 90
      720
 70
     2
 70
     2
 40
3.0
 40
3.0
290
     1
  0
RAPIDRTRENDERSETTINGS
  5
2B9F
102
{ACAD_REACTORS
330
2B9B
102
}
330
2B9B
100
AcDbRenderSettings
 90
        2
  1
ÉRÅ[ÉqÅ[ ÉuÉåÉCÉNïiéø
290
     1
290
     0
290
     1
290
     1
  1

  1
10 ï™ÇÃÉåÉìÉ_ÉäÉìÉO
 90
        3
100
AcDbRapidRTRenderSettings
 90
        3
 70
     1
 90
        1
 90
       10
 70
     1
 70
     2
 40
3.0
 40
3.0
290
     1
  0
RAPIDRTRENDERSETTINGS
  5
2BA0
102
{ACAD_REACTORS
330
2B9B
102
}
330
2B9B
100
AcDbRenderSettings
 90
        2
  1
ÉâÉìÉ` É^ÉCÉÄïiéø
290
     1
290
     0
290
     1
290
     1
  1

  1
60 ï™ÇÃÉåÉìÉ_ÉäÉìÉO
 90
        4
100
AcDbRapidRTRenderSettings
 90
        3
 70
     1
 90
        1
 90
       60
 70
     2
 70
     2
 40
3.0
 40
3.0
290
     1
  0
RAPIDRTRENDERSETTINGS
  5
2B9E
102
{ACAD_REACTORS
330
2B9B
102
}
330
2B9B
100
AcDbRenderSettings
 90
        2
  1
çÇ
290
     1
290
     0
290
     1
290
     1
  1

  1
10 ÉåÉìÉ_ÉäÉìÉO ÉåÉxÉãÇìKóp
 90
        2
100
AcDbRapidRTRenderSettings
 90
        3
 70
     0
 90
       10
 90
        1
 70
     2
 70
     2
 40
3.0
 40
3.0
290
     1
  0
RAPIDRTRENDERSETTINGS
  5
2B9D
102
{ACAD_REACTORS
330
2B9B
102
}
330
2B9B
100
AcDbRenderSettings
 90
        2
  1
íÜ
290
     1
290
     0
290
     1
290
     1
  1

  1
5 ÉåÉìÉ_ÉäÉìÉO ÉåÉxÉãÇìKóp
 90
        1
100
AcDbRapidRTRenderSettings
 90
        3
 70
     0
 90
        5
 90
        1
 70
     1
 70
     2
 40
3.0
 40
3.0
290
     1
  0
RAPIDRTRENDERSETTINGS
  5
2B9C
102
{ACAD_REACTORS
330
2B9B
102
}
330
2B9B
100
AcDbRenderSettings
 90
        2
  1
í·
290
     1
290
     0
290
     1
290
     1
  1

  1
1 ÉåÉìÉ_ÉäÉìÉO ÉåÉxÉãÇìKóp
 90
        0
100
AcDbRapidRTRenderSettings
 90
        3
 70
     0
 90
        1
 90
        1
 70
     0
 70
     2
 40
3.0
 40
3.0
290
     1
  0
SCALE
  5
F5
102
{ACAD_REACTORS
330
F4
102
}
330
F4
100
AcDbScale
 70
     0
300
1:1
140
1.0
141
1.0
290
     1
  0
SCALE
  5
F6
102
{ACAD_REACTORS
330
F4
102
}
330
F4
100
AcDbScale
 70
     0
300
1:2
140
1.0
141
2.0
290
     0
  0
SCALE
  5
F7
102
{ACAD_REACTORS
330
F4
102
}
330
F4
100
AcDbScale
 70
     0
300
1:4
140
1.0
141
4.0
290
     0
  0
SCALE
  5
F8
102
{ACAD_REACTORS
330
F4
102
}
330
F4
100
AcDbScale
 70
     0
300
1:5
140
1.0
141
5.0
290
     0
  0
SCALE
  5
F9
102
{ACAD_REACTORS
330
F4
102
}
330
F4
100
AcDbScale
 70
     0
300
1:8
140
1.0
141
8.0
290
     0
  0
SCALE
  5
FA
102
{ACAD_REACTORS
330
F4
102
}
330
F4
100
AcDbScale
 70
     0
300
1:10
140
1.0
141
10.0
290
     0
  0
SCALE
  5
FB
102
{ACAD_REACTORS
330
F4
102
}
330
F4
100
AcDbScale
 70
     0
300
1:16
140
1.0
141
16.0
290
     0
  0
SCALE
  5
FC
102
{ACAD_REACTORS
330
F4
102
}
330
F4
100
AcDbScale
 70
     0
300
1:20
140
1.0
141
20.0
290
     0
  0
SCALE
  5
FD
102
{ACAD_REACTORS
330
F4
102
}
330
F4
100
AcDbScale
 70
     0
300
1:30
140
1.0
141
30.0
290
     0
  0
SCALE
  5
FE
102
{ACAD_REACTORS
330
F4
102
}
330
F4
100
AcDbScale
 70
     0
300
1:40
140
1.0
141
40.0
290
     0
  0
SCALE
  5
FF
102
{ACAD_REACTORS
330
F4
102
}
330
F4
100
AcDbScale
 70
     0
300
1:50
140
1.0
141
50.0
290
     0
  0
SCALE
  5
100
102
{ACAD_REACTORS
330
F4
102
}
330
F4
100
AcDbScale
 70
     0
300
1:100
140
1.0
141
100.0
290
     0
  0
SCALE
  5
101
102
{ACAD_REACTORS
330
F4
102
}
330
F4
100
AcDbScale
 70
     0
300
2:1
140
2.0
141
1.0
290
     0
  0
SCALE
  5
102
102
{ACAD_REACTORS
330
F4
102
}
330
F4
100
AcDbScale
 70
     0
300
4:1
140
4.0
141
1.0
290
     0
  0
SCALE
  5
103
102
{ACAD_REACTORS
330
F4
102
}
330
F4
100
AcDbScale
 70
     0
300
8:1
140
8.0
141
1.0
290
     0
  0
SCALE
  5
104
102
{ACAD_REACTORS
330
F4
102
}
330
F4
100
AcDbScale
 70
     0
300
10:1
140
10.0
141
1.0
290
     0
  0
SCALE
  5
105
102
{ACAD_REACTORS
330
F4
102
}
330
F4
100
AcDbScale
 70
     0
300
100:1
140
100.0
141
1.0
290
     0
  0
ACDBSECTIONVIEWSTYLE
  5
162
102
{ACAD_REACTORS
330
161
102
}
102
{ACAD_XDICTIONARY
360
2C68
102
}
330
161
100
AcDbModelDocViewStyle
 70
     0
  3
Metric50
290
     0
100
AcDbSectionViewStyle
 70
     0
 71
     0
 90
      102
 71
     1
340
11
 40
5.0
340
0
340
0
 40
5.0
300
I, O, Q, S, X, Z
 40
10.0
 90
        0
 40
2.5
 90
        0
 71
     2
340
16
 90
       25
340
16
 90
       50
 40
5.0
 40
2.5
 40
5.0
 71
     3
340
11
 40
5.0
 90
        0
 40
15.0
 90
        1
300
%<\AcVar ViewSectionStartId>%-%<\AcVar ViewSectionEndId>% (%<\AcVar ViewScale \f "%sn">%)
 71
     4
300
ANSI31
 40
1.0
 90
        0
290
     0
290
     0
 90
        6
 40
0.0
 40
1.570796326794897
 40
0.2617993877991494
 40
1.308996938995747
 40
-0.2617993877991494
 40
1.832595714594046
1001
ACAD
1000
AcRTDxfName
1000
ACDBSECTIONVIEWSTYLE
1000
AcRTDxfName
1000
ACDBSECTIONVIEWSTYLE
1000
AcRTDxfName
1000
ACDBSECTIONVIEWSTYLE
1000
AcRTDxfName
1000
ACDBSECTIONVIEWSTYLE
1000
AcRTDxfName
1000
ACDBSECTIONVIEWSTYLE
1000
AcRTDxfName
1000
ACDBSECTIONVIEWSTYLE
1000
AcRTDxfName
1000
ACDBSECTIONVIEWSTYLE
1000
AcRTDxfName
1000
ACDBSECTIONVIEWSTYLE
1000
AcRTDxfName
1000
ACDBSECTIONVIEWSTYLE
1000
AcRTDxfName
1000
ACDBSECTIONVIEWSTYLE
1000
AcRTDxfName
1000
ACDBSECTIONVIEWSTYLE
1000
AcRTDxfName
1000
ACDBSECTIONVIEWSTYLE
1000
AcRTDxfName
1000
ACDBSECTIONVIEWSTYLE
  0
TABLESTYLE
  5
F3
102
{ACAD_REACTORS
330
F2
102
}
330
F2
100
AcDbTableStyle
  3
Standard
 70
     0
 71
     0
 40
1.5
 41
1.5
280
     0
281
     0
  7
Standard
140
4.5
170
     2
 62
     0
 63
   257
283
     0
274
    -2
284
     1
 64
     0
275
    -2
285
     1
 65
     0
276
    -2
286
     1
 66
     0
277
    -2
287
     1
 67
     0
278
    -2
288
     1
 68
     0
279
    -2
289
     1
 69
     0
  7
Standard
140
6.0
170
     5
 62
     0
 63
   257
283
     0
274
    -2
284
     1
 64
     0
275
    -2
285
     1
 65
     0
276
    -2
286
     1
 66
     0
277
    -2
287
     1
 67
     0
278
    -2
288
     1
 68
     0
279
    -2
289
     1
 69
     0
  7
Standard
140
4.5
170
     5
 62
     0
 63
   257
283
     0
274
    -2
284
     1
 64
     0
275
    -2
285
     1
 65
     0
276
    -2
286
     1
 66
     0
277
    -2
287
     1
 67
     0
278
    -2
288
     1
 68
     0
279
    -2
289
     1
 69
     0
  0
VISUALSTYLE
  5
E4
102
{ACAD_REACTORS
330
DE
102
}
102
{ACAD_XDICTIONARY
360
2C8D
102
}
330
DE
100
AcDbVisualStyle
  2
2dWireframe
 70
     4
 71
     0
 72
     2
 73
     0
 90
        0
 40
0.6
 41
30.0
 62
     5
 63
     7
 74
     1
 91
        4
 64
     7
 65
   257
 75
     1
175
     1
 42
1.0
 92
        0
 66
   257
 43
1.0
 76
     1
 77
     6
 78
     2
 67
     7
 79
     5
170
     0
171
     0
290
     0
174
     0
 93
        1
 44
0.0
173
     0
291
     0
 45
0.0
1001
ACAD
1000
AcDbSavedByObjectVersion
1070
     0
  0
VISUALSTYLE
  5
E6
102
{ACAD_REACTORS
330
DE
102
}
102
{ACAD_XDICTIONARY
360
2C8F
102
}
330
DE
100
AcDbVisualStyle
  2
3D Hidden
 70
     6
 71
     1
 72
     2
 73
     2
 90
        0
 40
0.6
 41
30.0
 62
     5
 63
     7
 74
     2
 91
        2
 64
     7
 65
   257
 75
     2
175
     1
 42
179.0
 92
        0
 66
   257
 43
1.0
 76
     1
 77
     6
 78
     2
 67
     7
 79
     3
170
     0
171
     0
290
     0
174
     0
 93
        1
 44
0.0
173
     0
291
     0
 45
0.0
1001
ACAD
1000
AcDbSavedByObjectVersion
1070
     0
  0
VISUALSTYLE
  5
E5
102
{ACAD_REACTORS
330
DE
102
}
102
{ACAD_XDICTIONARY
360
2C91
102
}
330
DE
100
AcDbVisualStyle
  2
3dWireframe
 70
     5
 71
     0
 72
     2
 73
     0
 90
        0
 40
0.6
 41
30.0
 62
     5
 63
     7
 74
     1
 91
        4
 64
     7
 65
   257
 75
     1
175
     1
 42
1.0
 92
        0
 66
   257
 43
1.0
 76
     1
 77
     6
 78
     2
 67
     7
 79
     5
170
     0
171
     0
290
     0
174
     0
 93
        1
 44
0.0
173
     0
291
     0
 45
0.0
1001
ACAD
1000
AcDbSavedByObjectVersion
1070
     0
  0
VISUALSTYLE
  5
E3
102
{ACAD_REACTORS
330
DE
102
}
102
{ACAD_XDICTIONARY
360
2C93
102
}
330
DE
100
AcDbVisualStyle
  2
Basic
 70
     7
 71
     1
 72
     0
 73
     1
 90
        0
 40
0.6
 41
30.0
 62
     5
 63
     7
 74
     0
 91
        4
 64
     7
 65
   257
 75
     1
175
     1
 42
1.0
 92
        8
 66
     7
 43
1.0
 76
     1
 77
     6
 78
     2
 67
     7
 79
     5
170
     0
171
     0
290
     0
174
     0
 93
        1
 44
0.0
173
     0
291
     1
 45
0.0
1001
ACAD
1000
AcDbSavedByObjectVersion
1070
     0
  0
VISUALSTYLE
  5
EA
102
{ACAD_REACTORS
330
DE
102
}
102
{ACAD_XDICTIONARY
360
2C95
102
}
330
DE
100
AcDbVisualStyle
  2
Brighten
 70
    12
 71
     2
 72
     2
 73
     0
 90
        0
 40
0.6
 41
30.0
 62
     5
 63
     7
 74
     1
 91
        4
 64
     7
 65
   257
 75
     1
175
     1
 42
1.0
 92
        8
 66
     7
 43
1.0
 76
     1
 77
     6
 78
     2
 67
     7
 79
     5
170
     0
171
     0
290
     0
174
     0
 93
        1
 44
50.0
173
     0
291
     1
 45
0.0
1001
ACAD
1000
AcDbSavedByObjectVersion
1070
     0
  0
VISUALSTYLE
  5
EE
102
{ACAD_REACTORS
330
DE
102
}
102
{ACAD_XDICTIONARY
360
2C97
102
}
330
DE
100
AcDbVisualStyle
  2
ColorChange
 70
    16
 71
     2
 72
     2
 73
     3
 90
        0
 40
0.6
 41
30.0
 62
     5
 63
     8
 74
     1
 91
        4
 64
     7
 65
   257
 75
     1
175
     1
 42
1.0
 92
        8
 66
     8
 43
1.0
 76
     1
 77
     6
 78
     2
 67
     7
 79
     5
170
     0
171
     0
290
     0
174
     0
 93
        1
 44
0.0
173
     0
291
     1
 45
0.0
1001
ACAD
1000
AcDbSavedByObjectVersion
1070
     0
  0
VISUALSTYLE
  5
E7
102
{ACAD_REACTORS
330
DE
102
}
102
{ACAD_XDICTIONARY
360
2C99
102
}
330
DE
100
AcDbVisualStyle
  2
Conceptual
 70
     9
 71
     3
 72
     2
 73
     0
 90
        0
 40
0.6
 41
30.0
 62
     5
 63
     7
 74
     2
 91
        2
 64
     7
 65
   257
 75
     1
175
     1
 42
179.0
 92
        8
 66
     7
 43
1.0
 76
     1
 77
     6
 78
     2
 67
     7
 79
     3
170
     0
171
     0
290
     0
174
     0
 93
        1
 44
0.0
173
     0
291
     0
 45
0.0
1001
ACAD
1000
AcDbSavedByObjectVersion
1070
     0
  0
VISUALSTYLE
  5
E9
102
{ACAD_REACTORS
330
DE
102
}
102
{ACAD_XDICTIONARY
360
2C9B
102
}
330
DE
100
AcDbVisualStyle
  2
Dim
 70
    11
 71
     2
 72
     2
 73
     0
 90
        0
 40
0.6
 41
30.0
 62
     5
 63
     7
 74
     1
 91
        4
 64
     7
 65
   257
 75
     1
175
     1
 42
1.0
 92
        8
 66
     7
 43
1.0
 76
     1
 77
     6
 78
     2
 67
     7
 79
     5
170
     0
171
     0
290
     0
174
     0
 93
        1
 44
-50.0
173
     0
291
     1
 45
0.0
1001
ACAD
1000
AcDbSavedByObjectVersion
1070
     0
  0
VISUALSTYLE
  5
F1
102
{ACAD_REACTORS
330
DE
102
}
102
{ACAD_XDICTIONARY
360
2C9D
102
}
330
DE
100
AcDbVisualStyle
  2
EdgeColorOff
 70
    22
 71
     2
 72
     2
 73
     0
 90
        0
 40
0.6
 41
30.0
 62
     5
 63
     7
 74
     1
 91
        4
 64
     7
 65
   257
 75
     1
175
     1
 42
1.0
 92
        8
 66
     7
 43
1.0
 76
     1
 77
     6
 78
     2
 67
     7
 79
     5
170
     0
171
     0
290
     0
174
     0
 93
        1
 44
0.0
173
     0
291
     1
 45
0.0
1001
ACAD
1000
AcDbSavedByObjectVersion
1070
     0
  0
VISUALSTYLE
  5
ED
102
{ACAD_REACTORS
330
DE
102
}
102
{ACAD_XDICTIONARY
360
2C9F
102
}
330
DE
100
AcDbVisualStyle
  2
Facepattern
 70
    15
 71
     2
 72
     2
 73
     0
 90
        0
 40
0.6
 41
30.0
 62
     5
 63
     7
 74
     1
 91
        4
 64
     7
 65
   257
 75
     1
175
     1
 42
1.0
 92
        8
 66
     7
 43
1.0
 76
     1
 77
     6
 78
     2
 67
     7
 79
     5
170
     0
171
     0
290
     0
174
     0
 93
        1
 44
0.0
173
     0
291
     1
 45
0.0
1001
ACAD
1000
AcDbSavedByObjectVersion
1070
     0
  0
VISUALSTYLE
  5
DF
102
{ACAD_REACTORS
330
DE
102
}
102
{ACAD_XDICTIONARY
360
2CA1
102
}
330
DE
100
AcDbVisualStyle
  2
Flat
 70
     0
 71
     2
 72
     1
 73
     1
 90
        2
 40
0.6
 41
30.0
 62
     5
 63
     7
 74
     0
 91
        4
 64
     7
 65
   257
 75
     1
175
     1
 42
1.0
 92
        8
 66
     7
 43
1.0
 76
     1
 77
     6
 78
     2
 67
     7
 79
     5
170
     0
171
     0
290
     0
174
     0
 93
       13
 44
0.0
173
     0
291
     1
 45
0.0
1001
ACAD
1000
AcDbSavedByObjectVersion
1070
     0
  0
VISUALSTYLE
  5
E0
102
{ACAD_REACTORS
330
DE
102
}
102
{ACAD_XDICTIONARY
360
2CA3
102
}
330
DE
100
AcDbVisualStyle
  2
FlatWithEdges
 70
     1
 71
     2
 72
     1
 73
     1
 90
        2
 40
0.6
 41
30.0
 62
     5
 63
     7
 74
     1
 91
        4
 64
     7
 65
   257
 75
     1
175
     1
 42
1.0
 92
        0
 66
   257
 43
1.0
 76
     1
 77
     6
 78
     2
 67
     7
 79
     5
170
     0
171
     0
290
     0
174
     0
 93
       13
 44
0.0
173
     0
291
     1
 45
0.0
1001
ACAD
1000
AcDbSavedByObjectVersion
1070
     0
  0
VISUALSTYLE
  5
E1
102
{ACAD_REACTORS
330
DE
102
}
102
{ACAD_XDICTIONARY
360
2CA5
102
}
330
DE
100
AcDbVisualStyle
  2
Gouraud
 70
     2
 71
     2
 72
     2
 73
     1
 90
        2
 40
0.6
 41
30.0
 62
     5
 63
     7
 74
     0
 91
        4
 64
     7
 65
   257
 75
     1
175
     1
 42
1.0
 92
        0
 66
     7
 43
1.0
 76
     1
 77
     6
 78
     2
 67
     7
 79
     5
170
     0
171
     0
290
     0
174
     0
 93
       13
 44
0.0
173
     0
291
     1
 45
0.0
1001
ACAD
1000
AcDbSavedByObjectVersion
1070
     0
  0
VISUALSTYLE
  5
E2
102
{ACAD_REACTORS
330
DE
102
}
102
{ACAD_XDICTIONARY
360
2CA7
102
}
330
DE
100
AcDbVisualStyle
  2
GouraudWithEdges
 70
     3
 71
     2
 72
     2
 73
     1
 90
        2
 40
0.6
 41
30.0
 62
     5
 63
     7
 74
     1
 91
        4
 64
     7
 65
   257
 75
     1
175
     1
 42
1.0
 92
        0
 66
   257
 43
1.0
 76
     1
 77
     6
 78
     2
 67
     7
 79
     5
170
     0
171
     0
290
     0
174
     0
 93
       13
 44
0.0
173
     0
291
     1
 45
0.0
1001
ACAD
1000
AcDbSavedByObjectVersion
1070
     0
  0
VISUALSTYLE
  5
14D
102
{ACAD_REACTORS
330
DE
102
}
102
{ACAD_XDICTIONARY
360
2CA9
102
}
330
DE
100
AcDbVisualStyle
  2
Hidden
 70
     6
 71
     1
 72
     2
 73
     2
 90
        0
 40
0.6
 41
30.0
 62
     5
 63
     7
 74
     2
 91
        2
 64
     7
 65
   257
 75
     2
175
     1
 42
40.0
 92
        0
 66
   257
 43
1.0
 76
     1
 77
     6
 78
     2
 67
     7
 79
     3
170
     0
171
     0
290
     0
174
     0
 93
        1
 44
0.0
173
     0
291
     0
 45
0.0
1001
ACAD
1000
AcDbSavedByObjectVersion
1070
     0
  0
VISUALSTYLE
  5
EF
102
{ACAD_REACTORS
330
DE
102
}
102
{ACAD_XDICTIONARY
360
2CAB
102
}
330
DE
100
AcDbVisualStyle
  2
JitterOff
 70
    20
 71
     2
 72
     2
 73
     0
 90
        0
 40
0.6
 41
30.0
 62
     5
 63
     7
 74
     1
 91
        4
 64
     7
 65
   257
 75
     1
175
     1
 42
1.0
 92
       10
 66
     7
 43
1.0
 76
     1
 77
     6
 78
     2
 67
     7
 79
     5
170
     0
171
     0
290
     0
174
     0
 93
        1
 44
0.0
173
     0
291
     1
 45
0.0
1001
ACAD
1000
AcDbSavedByObjectVersion
1070
     0
  0
VISUALSTYLE
  5
EC
102
{ACAD_REACTORS
330
DE
102
}
102
{ACAD_XDICTIONARY
360
2CAD
102
}
330
DE
100
AcDbVisualStyle
  2
Linepattern
 70
    14
 71
     2
 72
     2
 73
     0
 90
        0
 40
0.6
 41
30.0
 62
     5
 63
     7
 74
     1
 91
        4
 64
     7
 65
   257
 75
     7
175
     7
 42
1.0
 92
        8
 66
     7
 43
1.0
 76
     1
 77
     6
 78
     2
 67
     7
 79
     5
170
     0
171
     0
290
     0
174
     0
 93
        1
 44
0.0
173
     0
291
     1
 45
0.0
1001
ACAD
1000
AcDbSavedByObjectVersion
1070
     0
  0
VISUALSTYLE
  5
F0
102
{ACAD_REACTORS
330
DE
102
}
102
{ACAD_XDICTIONARY
360
2CAF
102
}
330
DE
100
AcDbVisualStyle
  2
OverhangOff
 70
    21
 71
     2
 72
     2
 73
     0
 90
        0
 40
0.6
 41
30.0
 62
     5
 63
     7
 74
     1
 91
        4
 64
     7
 65
   257
 75
     1
175
     1
 42
1.0
 92
        9
 66
     7
 43
1.0
 76
     1
 77
     6
 78
     2
 67
     7
 79
     5
170
     0
171
     0
290
     0
174
     0
 93
        1
 44
0.0
173
     0
291
     1
 45
0.0
1001
ACAD
1000
AcDbSavedByObjectVersion
1070
     0
  0
VISUALSTYLE
  5
E8
102
{ACAD_REACTORS
330
DE
102
}
102
{ACAD_XDICTIONARY
360
2CB1
102
}
330
DE
100
AcDbVisualStyle
  2
Realistic
 70
     8
 71
     2
 72
     2
 73
     0
 90
        0
 40
0.6
 41
30.0
 62
     5
 63
     7
 74
     1
 91
        0
 64
     7
 65
   257
 75
     1
175
     1
 42
1.0
 92
        8
 66
     8
 43
1.0
 76
     1
 77
     6
 78
     2
 67
     7
 79
     5
170
     0
171
     0
290
     0
174
     0
 93
       13
 44
0.0
173
     0
291
     0
 45
0.0
1001
ACAD
1000
AcDbSavedByObjectVersion
1070
     0
  0
VISUALSTYLE
  5
152
102
{ACAD_REACTORS
330
DE
102
}
102
{ACAD_XDICTIONARY
360
2CB3
102
}
330
DE
100
AcDbVisualStyle
  2
Shaded
 70
    27
 71
     2
 72
     2
 73
     1
 90
        2
 40
0.6
 41
30.0
 62
     5
 63
     7
 74
     0
 91
        4
 64
     7
 65
   257
 75
     1
175
     1
 42
1.0
 92
        8
 66
   257
 43
1.0
 76
     1
 77
     6
 78
     2
 67
     8
 79
     3
170
     0
171
     0
290
     0
174
     0
 93
        5
 44
0.0
173
     0
291
     0
 45
0.0
1001
ACAD
1000
AcDbSavedByObjectVersion
1070
     0
  0
VISUALSTYLE
  5
151
102
{ACAD_REACTORS
330
DE
102
}
102
{ACAD_XDICTIONARY
360
2CB5
102
}
330
DE
100
AcDbVisualStyle
  2
Shaded with edges
 70
    26
 71
     2
 72
     2
 73
     1
 90
        2
 40
0.6
 41
30.0
 62
     5
 63
     7
 74
     1
 91
        2
 64
     7
 65
   257
 75
     2
175
     1
 42
1.0
 92
        8
 66
   257
 43
1.0
 76
     1
 77
     6
 78
     2
 67
     7
 79
     3
170
     0
171
     0
290
     0
174
     0
 93
        5
 44
0.0
173
     0
291
     0
 45
0.0
1001
ACAD
1000
AcDbSavedByObjectVersion
1070
     0
  0
VISUALSTYLE
  5
14E
102
{ACAD_REACTORS
330
DE
102
}
102
{ACAD_XDICTIONARY
360
2CB7
102
}
330
DE
100
AcDbVisualStyle
  2
Shades of Gray
 70
    23
 71
     2
 72
     2
 73
     3
 90
        0
 40
0.6
 41
30.0
 62
     5
 63
     7
 74
     2
 91
        2
 64
     7
 65
     7
 75
     1
175
     1
 42
40.0
 92
        8
 66
     7
 43
1.0
 76
     1
 77
     6
 78
     2
 67
     7
 79
     3
170
     0
171
     0
290
     0
174
     0
 93
        1
 44
0.0
173
     0
291
     0
 45
0.0
1001
ACAD
1000
AcDbSavedByObjectVersion
1070
     0
  0
VISUALSTYLE
  5
14F
102
{ACAD_REACTORS
330
DE
102
}
102
{ACAD_XDICTIONARY
360
2CB9
102
}
330
DE
100
AcDbVisualStyle
  2
Sketchy
 70
    24
 71
     1
 72
     2
 73
     2
 90
        0
 40
0.6
 41
30.0
 62
     5
 63
     7
 74
     2
 91
        2
 64
     7
 65
     7
 75
     1
175
     1
 42
40.0
 92
       11
 66
     7
 43
1.0
 76
     1
 77
     6
 78
     2
 67
     7
 79
     6
170
     0
171
     0
290
     0
174
     0
 93
        1
 44
0.0
173
     0
291
     0
 45
0.0
1001
ACAD
1000
AcDbSavedByObjectVersion
1070
     0
  0
VISUALSTYLE
  5
EB
102
{ACAD_REACTORS
330
DE
102
}
102
{ACAD_XDICTIONARY
360
2CBB
102
}
330
DE
100
AcDbVisualStyle
  2
Thicken
 70
    13
 71
     2
 72
     2
 73
     0
 90
        0
 40
0.6
 41
30.0
 62
     5
 63
     7
 74
     1
 91
        4
 64
     7
 65
   257
 75
     1
175
     1
 42
1.0
 92
       12
 66
     7
 43
1.0
 76
     1
 77
     6
 78
     2
 67
     7
 79
     5
170
     0
171
     0
290
     0
174
     0
 93
        1
 44
0.0
173
     0
291
     1
 45
0.0
1001
ACAD
1000
AcDbSavedByObjectVersion
1070
     0
  0
VISUALSTYLE
  5
14C
102
{ACAD_REACTORS
330
DE
102
}
102
{ACAD_XDICTIONARY
360
2CBD
102
}
330
DE
100
AcDbVisualStyle
  2
Wireframe
 70
     5
 71
     0
 72
     2
 73
     0
 90
        0
 40
0.6
 41
30.0
 62
     5
 63
     7
 74
     1
 91
        4
 64
     7
 65
   257
 75
     1
175
     1
 42
1.0
 92
        0
 66
   257
 43
1.0
 76
     1
 77
     6
 78
     2
 67
     7
 79
     3
170
     0
171
     0
290
     0
174
     0
 93
        1
 44
0.0
173
     0
291
     0
 45
0.0
1001
ACAD
1000
AcDbSavedByObjectVersion
1070
     0
  0
VISUALSTYLE
  5
150
102
{ACAD_REACTORS
330
DE
102
}
102
{ACAD_XDICTIONARY
360
2CBF
102
}
330
DE
100
AcDbVisualStyle
  2
X-Ray
 70
    25
 71
     2
 72
     2
 73
     1
 90
        1
 40
0.5
 41
30.0
 62
     5
 63
     7
 74
     1
 91
        0
 64
     7
 65
   257
 75
     1
175
     1
 42
1.0
 92
        8
 66
     7
 43
1.0
 76
     1
 77
     6
 78
     2
 67
     7
 79
     3
170
     0
171
     0
290
     0
174
     0
 93
       13
 44
0.0
173
     0
291
     0
 45
0.0
1001
ACAD
1000
AcDbSavedByObjectVersion
1070
     0
  0
XRECORD
  5
2C72
102
{ACAD_REACTORS
330
2C71
102
}
330
2C71
100
AcDbXrecord
280
     1
340
1C
  0
XRECORD
  5
2C73
102
{ACAD_REACTORS
330
2C71
102
}
330
2C71
100
AcDbXrecord
280
     1
340
1B
  0
DICTIONARYVAR
  5
147
102
{ACAD_REACTORS
330
143
102
}
330
143
100
DictionaryVariables
280
     0
  1
1:1
  0
DICTIONARYVAR
  5
145
102
{ACAD_REACTORS
330
143
102
}
330
143
100
DictionaryVariables
280
     0
  1
A3(1-50)
  0
DICTIONARYVAR
  5
144
102
{ACAD_REACTORS
330
143
102
}
330
143
100
DictionaryVariables
280
     0
  1
Standard
  0
DICTIONARYVAR
  5
1D1
102
{ACAD_REACTORS
330
143
102
}
330
143
100
DictionaryVariables
280
     0
  1
Metric50
  0
DICTIONARYVAR
  5
1D2
102
{ACAD_REACTORS
330
143
102
}
330
143
100
DictionaryVariables
280
     0
  1
Metric50
  0
DICTIONARYVAR
  5
22C
102
{ACAD_REACTORS
330
143
102
}
330
143
100
DictionaryVariables
280
     0
  1
2
  0
DICTIONARYVAR
  5
22A
102
{ACAD_REACTORS
330
143
102
}
330
143
100
DictionaryVariables
280
     0
  1
1
  0
DICTIONARYVAR
  5
229
102
{ACAD_REACTORS
330
143
102
}
330
143
100
DictionaryVariables
280
     0
  1
0
  0
DICTIONARYVAR
  5
149
102
{ACAD_REACTORS
330
143
102
}
330
143
100
DictionaryVariables
280
     0
  1
1
  0
DICTIONARYVAR
  5
14A
102
{ACAD_REACTORS
330
143
102
}
330
143
100
DictionaryVariables
280
     0
  1
15
  0
DICTIONARYVAR
  5
148
102
{ACAD_REACTORS
330
143
102
}
330
143
100
DictionaryVariables
280
     0
  1
2
  0
DICTIONARYVAR
  5
146
102
{ACAD_REACTORS
330
143
102
}
330
143
100
DictionaryVariables
280
     0
  1
0
  0
DICTIONARYVAR
  5
17D6
102
{ACAD_REACTORS
330
143
102
}
330
143
100
DictionaryVariables
280
     0
  1
1
  0
DICTIONARYVAR
  5
228
102
{ACAD_REACTORS
330
143
102
}
330
143
100
DictionaryVariables
280
     0
  1
127
  0
DICTIONARY
  5
2C6A
330
164
100
AcDbDictionary
280
     1
281
     1
  3
ACAD_XREC_ROUNDTRIP
360
2C82
  0
DICTIONARY
  5
141
330
24
100
AcDbDictionary
280
     1
281
     1
  0
DICTIONARY
  5
3CA
330
20
100
AcDbDictionary
280
     1
281
     1
  0
DICTIONARY
  5
22E3
330
22E2
100
AcDbDictionary
280
     1
281
     1
  0
DICTIONARY
  5
2C83
330
CE
100
AcDbDictionary
280
     1
281
     1
  3
ACAD_XREC_ROUNDTRIP
360
2C84
  0
DICTIONARY
  5
2C85
330
C6
100
AcDbDictionary
280
     1
281
     1
  3
ACAD_XREC_ROUNDTRIP
360
2C86
  0
DICTIONARY
  5
D7
330
D6
100
AcDbDictionary
280
     1
281
     1
  3
ACAD_XREC_ROUNDTRIP
360
2C87
  3
FBXASSET
360
2B0B
  0
DICTIONARY
  5
2C88
330
110
100
AcDbDictionary
280
     1
281
     1
  3
ACAD_XREC_ROUNDTRIP
360
2C89
  0
DICTIONARY
  5
2C8A
330
107
100
AcDbDictionary
280
     1
281
     1
  3
ACAD_XREC_ROUNDTRIP
360
2C8B
  0
DICTIONARY
  5
2C68
330
162
100
AcDbDictionary
280
     1
281
     1
  3
ACAD_XREC_ROUNDTRIP
360
2C8C
  0
DICTIONARY
  5
2C8D
330
E4
100
AcDbDictionary
280
     1
281
     1
  3
ACAD_XREC_ROUNDTRIP
360
2C8E
  0
DICTIONARY
  5
2C8F
330
E6
100
AcDbDictionary
280
     1
281
     1
  3
ACAD_XREC_ROUNDTRIP
360
2C90
  0
DICTIONARY
  5
2C91
330
E5
100
AcDbDictionary
280
     1
281
     1
  3
ACAD_XREC_ROUNDTRIP
360
2C92
  0
DICTIONARY
  5
2C93
330
E3
100
AcDbDictionary
280
     1
281
     1
  3
ACAD_XREC_ROUNDTRIP
360
2C94
  0
DICTIONARY
  5
2C95
330
EA
100
AcDbDictionary
280
     1
281
     1
  3
ACAD_XREC_ROUNDTRIP
360
2C96
  0
DICTIONARY
  5
2C97
330
EE
100
AcDbDictionary
280
     1
281
     1
  3
ACAD_XREC_ROUNDTRIP
360
2C98
  0
DICTIONARY
  5
2C99
330
E7
100
AcDbDictionary
280
     1
281
     1
  3
ACAD_XREC_ROUNDTRIP
360
2C9A
  0
DICTIONARY
  5
2C9B
330
E9
100
AcDbDictionary
280
     1
281
     1
  3
ACAD_XREC_ROUNDTRIP
360
2C9C
  0
DICTIONARY
  5
2C9D
330
F1
100
AcDbDictionary
280
     1
281
     1
  3
ACAD_XREC_ROUNDTRIP
360
2C9E
  0
DICTIONARY
  5
2C9F
330
ED
100
AcDbDictionary
280
     1
281
     1
  3
ACAD_XREC_ROUNDTRIP
360
2CA0
  0
DICTIONARY
  5
2CA1
330
DF
100
AcDbDictionary
280
     1
281
     1
  3
ACAD_XREC_ROUNDTRIP
360
2CA2
  0
DICTIONARY
  5
2CA3
330
E0
100
AcDbDictionary
280
     1
281
     1
  3
ACAD_XREC_ROUNDTRIP
360
2CA4
  0
DICTIONARY
  5
2CA5
330
E1
100
AcDbDictionary
280
     1
281
     1
  3
ACAD_XREC_ROUNDTRIP
360
2CA6
  0
DICTIONARY
  5
2CA7
330
E2
100
AcDbDictionary
280
     1
281
     1
  3
ACAD_XREC_ROUNDTRIP
360
2CA8
  0
DICTIONARY
  5
2CA9
330
14D
100
AcDbDictionary
280
     1
281
     1
  3
ACAD_XREC_ROUNDTRIP
360
2CAA
  0
DICTIONARY
  5
2CAB
330
EF
100
AcDbDictionary
280
     1
281
     1
  3
ACAD_XREC_ROUNDTRIP
360
2CAC
  0
DICTIONARY
  5
2CAD
330
EC
100
AcDbDictionary
280
     1
281
     1
  3
ACAD_XREC_ROUNDTRIP
360
2CAE
  0
DICTIONARY
  5
2CAF
330
F0
100
AcDbDictionary
280
     1
281
     1
  3
ACAD_XREC_ROUNDTRIP
360
2CB0
  0
DICTIONARY
  5
2CB1
330
E8
100
AcDbDictionary
280
     1
281
     1
  3
ACAD_XREC_ROUNDTRIP
360
2CB2
  0
DICTIONARY
  5
2CB3
330
152
100
AcDbDictionary
280
     1
281
     1
  3
ACAD_XREC_ROUNDTRIP
360
2CB4
  0
DICTIONARY
  5
2CB5
330
151
100
AcDbDictionary
280
     1
281
     1
  3
ACAD_XREC_ROUNDTRIP
360
2CB6
  0
DICTIONARY
  5
2CB7
330
14E
100
AcDbDictionary
280
     1
281
     1
  3
ACAD_XREC_ROUNDTRIP
360
2CB8
  0
DICTIONARY
  5
2CB9
330
14F
100
AcDbDictionary
280
     1
281
     1
  3
ACAD_XREC_ROUNDTRIP
360
2CBA
  0
DICTIONARY
  5
2CBB
330
EB
100
AcDbDictionary
280
     1
281
     1
  3
ACAD_XREC_ROUNDTRIP
360
2CBC
  0
DICTIONARY
  5
2CBD
330
14C
100
AcDbDictionary
280
     1
281
     1
  3
ACAD_XREC_ROUNDTRIP
360
2CBE
  0
DICTIONARY
  5
2CBF
330
150
100
AcDbDictionary
280
     1
281
     1
  3
ACAD_XREC_ROUNDTRIP
360
2CC0
  0
XRECORD
  5
2C82
102
{ACAD_REACTORS
330
2C6A
102
}
330
2C6A
100
AcDbXrecord
280
     1
102
DISPLAYNAME
  1
Metric50
102
FLAGS
 90
        0
  0
XRECORD
  5
2C84
102
{ACAD_REACTORS
330
2C83
102
}
330
2C83
100
AcDbXrecord
280
     1
102
MATERIAL
148
0.0
149
0.0
149
0.0
 93
        0
 94
      127
282
     0
 72
     0
 77
     0
171
     0
175
     0
179
     0
273
     0
  0
XRECORD
  5
2C86
102
{ACAD_REACTORS
330
2C85
102
}
330
2C85
100
AcDbXrecord
280
     1
102
MATERIAL
148
0.0
149
0.0
149
0.0
 93
        0
 94
      127
282
     0
 72
     0
 77
     0
171
     0
175
     0
179
     0
273
     0
  0
XRECORD
  5
2C87
102
{ACAD_REACTORS
330
D7
102
}
330
D7
100
AcDbXrecord
280
     1
102
MATERIAL
148
0.0
149
0.0
149
0.0
 93
        0
 94
      127
282
     0
 72
     0
 77
     0
171
     0
175
     0
179
     0
273
     0
  0
XRECORD
  5
2B0B
102
{ACAD_REACTORS
330
D7
102
}
330
D7
100
AcDbXrecord
280
     1
 70
     1
 90
-1506045146
 71
     1
  1
AB026B32-2CF6-495F-B033-B3631FBFBD05
311
504B0304140006080800787E8A5B523173C0F7000000A80100004F00000039423038373242342D443139372D344544342D384146452D4541373241353635414536322F4173736574446174612F446566696E6974696F6E4974657261746F7250726F706572746965732E62696EBD90C14EC4201086D183C68307131FC08357
311
8442698B8931CC163C79D107306CC5DD266CBB59DA78DDA36FAD43ACAFE0243F33F91966BEF04508F95E024B72823AE27989F9290CE1D077AFDD36EC3C39CB4E1CD73EDE6255DA95855A37145ACD6969654D9BC214141408C58D6835B853EC3B47B5E1C3CF71CA239FFBD48518FD10C6395DA1B1ECB8D9F90977F978971F5D
311
1092D31145FE2E529EB4F925CA909F28FFBEBF7FF42985E98169E04D2DA0A46DA16B046A4BDA1867A935B530AA52C65682BD8434CE872E2466808B0AA4A062E52A5A6AE528702929C84A160E1CB45CB1693BE7AFB9CE18EBC1F79171B620BCED870DDAFF163F504B0304140006080800787E8A5B68C1B18AFE000000300200
311
004500000039423038373242342D443139372D344544342D384146452D4541373241353635414536322F4173736574446174612F496E7374616E636550726F706572746965732E62696EEB606060F80F0540260323103700495E20ED9E9A975A94991C9C9C919A9BA802147074323032733236D235727633D335B13475D375
311
323036D6753236333674737273723130654768046931363471713532B5D435353131D635313332D405A9D33534373670367376B67474B5042A03DBCBA019D37FE8ABC6157B20CD04146B0062181F4C03F940F0C11EA29A8141C08141002C0426541C106CAC2CA046088033B02A030AC2157C6006F21A8018AAF50194E6010A
311
610250382264E08660284CD9E98021862280A91564B406929A0FF62C401E28B6F88038B83CB1243943D7A928312F2535052403520FA4E000C4E7807805AC4B172AC30D5781CAC0A51F00504B0304140006080800787E8A5BB5A795FFE3790000DE7900006B00000039423038373242342D443139372D344544342D38414645
311
2D4541373241353635414536322F5265736F75726365732F41423032364233322D324346362D343935462D423033332D4233363331464246424430352F7468756D626E61696C2F302F67656E657269635F706E6701DE79218689504E470D0A1A0A0000000D49484452000001000000010008030000006BAC58540000000467
311
414D410000B18F0BFC6105000000017352474200AECE1CE900000192504C5445818181B3B3B35A5A5A4848486060605C5C5C6464648383835E5E5E6262624E4E4EAFAFAF4A4A4AB5B5B54C4C4CB1B1B1858585B7B7B7585858ADADAD7C7C7C464646787878ABABAB747474A7A7A7686868707070B9B9B96E6E6E6A6A6A8B8B
311
8B666666545454565656A5A5A5505050A1A1A1BBBBBB8F8F8F9F9F9F4242425252527676764040403E3E3E9B9B9B7A7A7A8989897E7E7E9393939797974444448787873C3C3C727272BDBDBD3A3A3A6C6C6CA9A9A9A3A3A32020209D9D9DBFBFBF8D8D8D9595959191912626269999992222222424241E1E1EC1C1C1282828
311
C3C3C32C2C2C2A2A2A2E2E2E303030C5C5C53232321C1C1C363636383838343434C7C7C71A1A1A0E0E0E121212484A484C4E4C1616160A0A0A4A4C4A787A781414147C7E7C9193915E605E464846838583878987B1B3B18587856668665A5C5A626462818381A7A7A5A3A3A1B1B1AFADAFAD7072705C5E5C9D9D9BABADAB7E
311
817EB7B9B7585A58BBBDBB4C4C4A8D8F8D747674B5B5B3B7B7B59FA19F606260ABABA9A5A5A39B9B99A9A9A78F8F8D6C6C6AC7C7C5451AD12700002000494441547801DCBD89771BD7B5A70B8EE04C702641712605CE034890E220088028C93245451215B713AF388E7DFD9EEDB8DDCE6ABFF4B57D97137BE50FEFEFDBA740
311
49B6AEED74869B7E87404D2814EBB7F76F0F67A8835CEEBFA0E42B854AA5B2BB5B6BCC951A8D52A93657A914FE0BEEE39FFE2FF395B9B9C6CAD2D4C4606F4B7FFF8D1B37EEDCB97587F7CD9B4343BD134BABE7DB48E3FFA7A228ECD6F6574E4786C0FC8B5FFCE2CD5FFCE297BF7CF3CD5FFC92B52FFE58BFF9E69B776E0EF5
311
F79E55CBBBF9FC3F5D3DFFB07F5898ABAF7CDA3B74E74EC0CE20230561BF096E97E05712BFFCC59BC80539DCE83DDD6E54FE61B7747DE17FB8980BBBFB2BBD4337DF487881AAE6C5ACC6AF25207877B2B527BFF1CB3B77FA47561ABBD7F7FA7FE146A5B6BD74E3164C7F51449AE95DB412200EC539418717E7F2F11B376FF6
311
2E95FEAF1442BED0581DBCA1BD2780D23F506AFA16E1A7AD974EF17876F00DD7BCB187A1A97AE51FCED5BF2BC1F2BBE5B3C19BE27B43CF26DE00933658FE129B109C2FFF922CC22C4260FA01BEFB462A77DEBC35F42F600C3F5B0795D2E9E02DAD5E650B4438A92801B65C35CBAB7B1EE5041CE69D3B6F1822DFB873EBD6AD
311
3B6FBC71EBC6C86AE967DFC2DFA4CEBFF1BF54F6276EBC114E2F43FEC60B01A0D440A868B2920E5C4BC10D60931ADCB871F3268B21D3851B08E1D6AD9BFD4BF57F7577909FAB86F29B982571136AF01DF5FE32AC3BD9406CAAF2440A54CF176EDD01FBADA1FEFEFE21FE4C9858DFF4183458A9FD2B6708A5A5A137E0EE1D11
311
A9EC0C7C58B2C73C0AD6B479BD76B7790CF899E287FA5B06FB7B07C9195B7851FA8794031EF1FC5F9406BBFB23375420286399B631E93B08022A785C4DBF9996EC3551874094D71B6F487E80F6837E50F483BDBDBD83232323AC420A18C68DA196EDDADF68A77F938F78FD972BABBDB7B87FB164AC6FC2CB760365821ACB74
311
AED44FFAD7E7431ECD7E08AC421F391D199998989A383D9D98E8E56F84A318C58D9BFD2DAB73FF5222C8EFAEF4DE7AF30D756E5108683DA471E70D0502099A7240F19E4089D3FD203E620F1B47BF43501E85031AE44B4B9F2E4D2D9D4D51D8970983FA861B3706FF950CA170DE82F6B312CC4F42C8966295F7D725ED298824
311
15DC055F36DEA1FE96FEC141493F05FAA9A9A5A595B333DED5B3D5A533F62183323032F46EFF13EA0AAFA5FBF7C8976F8C10F7280A014832593B90004D52341980D907EAEB73411EB2F1EBC9F507F92746C40E7AE0AFAE54292BAB2BAB67CAE0746264A277B06508168C94BF772BE9765F7BF0B548FE1E07F3B5A521340A5C
311
B5297C4B12811B89E82191ECF3E41B3259C529F135E23CF4C7F961FB13537F5A02ECCAEA76B5BA5D3D3FDF3F2FEFEFB3AA22053E5008833428DC6C59FA2F770595F311F235D427F379BB8A121BD901B96076A388DC4C3C61C7933CCCD770FF375A6E0CE9F535FE2534BF5ADD3E3FAFD71BF57AA951B6D4CFEBFB8864758A26
311
154430080B06ABFF557610ECC93726224F155D1471041E0D42F82F4891C926C1355B0831649FF365F46FF05300A7A790BD8ADEEB0D4AA9569A9BDBADCCD56AA55AE377F5F3F3EA2A34983A1DE91D810543138D7F28E57FF4E2B5335A3928B76EA1CB9B00BF158C8F63A2E788826896D0B5E7C461949ECE089144F8EBEFC7FB
311
4D8C9C4E9DAD60F7FBE572B416C2F2423ECF8B86C439E450DA970634ACFDA977629098D0B2FAF313A36B3869E37AF7853378CDA1171FBEBA95DF1E44FD5144A420588641B0055A79ED91CC0DC41E27064512FB33F1F04D09D0D2DF0203A646A6CECE80DF28356A348CED8C4F1EF137B9319E1BCD29867CA556AA97F7B75756
311
7006A447FD375A26CAAFDED9CFDCFB2BB0BEEE8AA5911BC2C7F85DF88A3775389990AA72219D582409210F85A4E66F2987D875C30848023088FDF77E87F96FD7CBA5B9DCCEF4F4C9FC7C676777577B7B7B67E7ECCCE4E8DEE85E81A6D55AA3BC7FBEB242589CE8ED4770E785D7DDE23FF2587EBF57F50B9E820527316488E5
311
C32D50F979BCA58207297E2B6D658702FFCD211840FE43FC9F3A5BAD9E97E6F21B9FCF16BBBB3A3A5A175B5B1787875B5B3B86DFEFFC687A72674F19D46A8DFDF3EACA59E405375ACE76FFA922C817CE86A89BDD92F400F2C55B7462F610459837D3A61ACF50C7471C8F2F2A9D38C3DA2F068007F80EFCDBFBE5DCC674B1D8
311
3EBCBEB8BCBCBC3ED0D3D333D0B3DE33BCBEB0D8DA35FBF9F8CECE68AE020BCE61C112A4C1138CD47F9AD13F7DC6AB9CF9CFCFAF9D0E01FFE6CD503F5B91C5218E2899CA15098714848B04FCE5654884ABF0E554F11F6C21D73D5D5AADD64B7B9327DDAD8B0B7D7D6D6D07070763BC0F3E38E8EB4310EBEB8BC3DDB347E3E3
311
7B5842B97C4E44A0C630427E5CFDFB71E03F471E12CA9FF70E055AE141042DD81234B879EB4606361D9328149037D7D76A571A7E974FA20AD0323832713AB5BA7ABE3B3E3D3FBC30307070B0B9B645D93C3CDC3CDCA41CFC6AAC2D64D0D579B4B1B397A7C1BDBEBD7D36657A3CD4B2F44F4909F2B9CA597F4245C59DEC3543
311
16F0587020D0C661742BC02869435FD12CF195C422DB3C5A3E2305C000CE6B7B27ED8B7D63079B5B5B878787C787C7C7C757C76C51B60ED60EDAFA06D67B965B3B672677080BB5329E60E9B477847AE2E9EB53E35779FD37EFCD2D0DDD68AA355B6B0D81860502B8B68C801F5C697E9AD62F4B406244CB975560BAC756AAA5
311
77675B07C6D03778C17E7C95CAF1B3ABABE3E3ADADE3CDB1B1B6B681014470343EBA979F8B90383545727C63E43549D14FD0F927E5F1FDEFD7263058FE02EBCD1BDCBCA053496BD58E69BC44F9F854D4D979AE9ADB908824382AC1D4014E9756EAF9CE85B6B54DB01F02F8EA5908E0D9D5F1B3E72188C3C3AB67879B07C8A0
311
A767B8B831FE5E7EB754DEAE5261460243FFF07858D8EF0D658BDC563A2C5EF5833C13C90B69248C4DD97842B61DFA7F210A2F6108A0F96B62E2D3B3F3DD939EA47E30ABF5AB2B903F4BE5F9B36757CF65021E616DAC6F60A1FB647274B4B05B2E5341B082D43278F67D8DFDA48AFF9A13F22B34C7586C9992BA6E66CABC19
311
0E313E7C811AA57304B421A75B289B9D174CC868C24548823E230B9A5A2DCD2CAFE1F98E61C015CA7E96B083FC59F3ED06EE60F360B3AD6F79787ED278D0A86FAFE00BA9220EAEFE1D5DE1F7855939C3FCC1332426B377F692406E022C010DB437EF009803F0DCFD3B7C94440571D8F2C328F115F47FD324802070BAB43FBA
311
80EFDB92FCA1F7E7CF9FA875CBB327CF9EB08C4DE4815BC4210E2CB7CF1CEDECEDCED5B757490968286899FAF95583BF46F9393CEE6A86D6F618CAAD9BFF0BE22B042412C5CFB50556815CC5BBE33E9F61ECEC26A9BCB8145FD10590078F9C9E953B513FAE1FE387FAC246E14F9E3CE7F5F8194BD6594140876B6B84C5D679
311
9C61A16434201E5237582AFD75C07EEED9863F463284E2E13425A036BD41061259289B6BDC1ED656FC8B8592C9D00701E27CEA749F0D8EF44EAD8C1F80FFF8F8F9D513191F6803384C800097F24069C407CFAE88136B7DCB3D5D4A60B711F19070D83235F77331FD35E715966889038E2E0B346EAB7936C4162043E1A1F144
311
093695443A570144898BC4079CEF1912809A3035A1D3F361235F90FFF1E3E0FB93C7E2750719F88E7D8E68123883ADB5B18185AE99F1D11C1238A792DC4BEDE8EC6FF503DF377E0445F68FAF4E08D43082D02170F30131A154206CC559A8D9CFDD762B31273E4947A581E0D9BB71E33FFA07CD02CE2A6BE1EC80167497F2A8
311
1CFA3F7EFE58D0CF5D5D170DE4F89070B0BC4040CC17BEAC6B0586C3D3FF0309BC06F44B04A1E13729929B4DF73C44070692C810B08AC3012E8EE9EAE22067796288C193B2139B970B86F47FAD0F98382B1E035D9C32FD318A4FAFCB274F2E1FA772F94411B0CD42493C23393A685B5FEF3E1ACF554AF5F3552A478383374E
311
6B2FDDFC4F6DFE38F4F4ED7A7FE838F488EA852482F412D3CB07E293D02C9F074F12E84C5AAC423271450572A385449844706475FD38DC3C22486A0639E5F1E38B0CFE93CB4B25910EF309A2224BD8DAD40C682C28341AD69047E8539A6AFC14EC573F7FAD10AE0FE6EB13E87B28E093B513B5803514DE408809BC12A14876
311
DE0A25F643009E9176D9F0C330164285A7444DC8CAF0E9FE41429EE0A2F6A6DE91C0856C501272404A8468822E24C807030B1D33D40D4AFBDBABB411D093D88C86D7205E05FC57EDD1F805FA4CED5920F0CED39157E007CE21757C5DE440ECBCB46CD283E378029B43FB077B4F47E60E9F61E8D01BE017D7E843EB49F50A20
311
28F1E442FCC90C9EE308E4C0C2C94EAE30B75FAD3A0EAFA57FE9EF960F14BE15638840EAF3BA490BB6850EDB38EECAFD21A0C746D0C4234DBD035EFC7EDD121FA585FAB73DB89FE6A03CF833AB0730E5E2F1A36CE3F202A128934B44E396961121E1F2C9F32BFCC0C140CFE22C1CA8E109B182919696BFB98120234F61B59F
311
7BF46EC30CF067B21A33B0FB3E402448EE266CCD93135A8E823DB31F85E677434E608F53F8100BC0098EA2FD6BC01770E0F2F2D1E5452A711C4BB8486248FAD756D852026B6DC90A2AA5C6B69E9068B8F27AFABFFEE8AB36F1D23985D5960014FD711940800B560250D2272CC54FF1D3A660B275AC3881E349689C1616E1E9
311
044129D032313509DE4700BC867C71F128C400159407C761022BA8A040F40A244788808C60B3AD67A17576279F6F946923191921B0545FC2F12AC0EFEFBD7262B6935679FC7F80629160ABFAEC88E8430E76D82A8DE62ACE50BD4A42FBF03B387B37FD321B37E31C3F063D99703F5160E6C9E5A300CF32A91E0A085A29C0FC
311
507F6C21012303C6104B82C1F1E156DB3229D1A855A32A8352C9077AF733A0AFE0FB3EF81FDF2F0F82C21B0EB06998866878B103305E31EC17F4FD43831E570A2118D1667632D4FFFFB125782F96168A833DBE78C3F11F8383A79D49F58F1E3DBC780417AE6581381E8610604888E2913E12492881274822C221AD04CB0B1D
311
273B8542837460898C686864FF6F801E8269F40AD0481DFAF5E6E9C1F3BE391C325004DF0746A4E4448F7B52C0D5EAD39EC46896B888C4210D68E99DFA2820DF7FF850EC407EB55C3EBC5028611409BFCB8889C90F1C52355AEF98B18100094C9D0EF6F64FD47E5CBF3FF5293DDFB4B50DDD54F351446FA1F14580DC3902C0
311
85F593CB24ACC917B213BBC11B3F0A61042FD8B24F4FB9C4556D0CB9E1A880DE89934CE9607F18F81FDD950DD0E1D143F41D56110E227C250621FF098838042BC85B5B6BCBCBC31DD37B34966E9FFD9936A2FEFEA9EBA4182E5CD3E17AE35501FCE0707E5525A7DBC64DFD077825BE37CE0BBE1BBEC061410C660B6E499126
311
65E2B3749C7C9F93834022F74CDE6CA5EB501D9CBC04B768292C5CCB84478F3CA83074092C6082169015E5800D5839DC6C1B58EFE83ECA513BDE3EFB8EF1242D2D4B3FD55AFE03D42F8492AF8A3F21444FA2FA9ABBF525EAF84C09F0168527B0138A85D1EC0443C467B28BF844EAF76323BE13D7C11F72FED783837B970FEF
311
DE7D7817E077C17EF7E2A1C2C0FE851FE4C008388C15E818958746129E1009D054B67530D6B3D8DA3D59D82D9D57CF70039FF50FFE0DE94089DB269C3655A4F25B38C49D0BD48E59F1526887C18FC5272197F85CA72862A593A4843CD25F920487DDF7AA0441A2C0600D062001F103FCEEA3D8560CEC3EBACB01CAE5A51E42
311
0349F602191E5F901893142381351CE17047E764BE50DEAF9E4D8C38B6ECFFACEB141E54A6865A88A60133EE9CBB4C256930B0B168C1C3AB59FE1743FB422C7166082E934AFA5EFA3E4BCE0B69362FA7041818B7FDECE1DDFB4D022007CA23E521F0700AAEB5888BBBF08023E128B4045381542FA256B0D04E28A0C3804E23
311
3A1BFB476A2F48FD135BAF9843BEDA3264EB42BA499601F16B566E72C7EA35908ABCB9176BBED43204C696AFD3D7B24B08D3AFA44BE243D88A6D9D0B6562B52F741E1610C0EFBBAF2B0829289A640EC4C8A4FF66A24430786CEBE1E1E61AF9507BFB496EAEB64F8F49B4129EBDEC065EC1F8A3F228A3CD0950883B41BEC6D1
311
944AE06147289600A7726313AC69A3F91197F1438BCB743E76F01F6EF1D1C854071670FFFE43FF1EDED702EE5A14C85D0C42DF90B86068800659AC88981855E3E774A71C0CAC2F76754EE7CC87C808D1E1E0F6CF47FD4224731337BE1E39C5010823EE997B1491BBD99FC8D8EF77482BEB5EB2CF66499A8E0F7511B19B3EFB
311
DACB6507BC78731B1B383D02FFDD7BE8DD9256F7D0BA7B46015941097B80018F700FFA024CC08078F51806100ADBFA163ABA8A3B95B9D2F92AC30BC908ED31FABE0CBEBFFF0279B675868F9AA24E9530B08C174055B7F48E4F58002F3E82F0BDFA003E8B431EB6C4A91E4D9B5FFB791265BA8827BBE5F1BCFA7F789F72F75E
311
C800F8AE43FFAEC42F13009FB905A9A0132015D0068ED7682AC608BA6771038DEDB3B33082891FAB1ABF5614F93238079726B833958796B845B731FCB86316713C1DC581B1E19B424EE32674093F80776F7E27C6FBFAC85C536CD955B96EDA2A3FBF770FF4BE11845470EB3E42D022000E0FE07D1618110207421624446683
311
08801E133A4C163BE68F6826A5523071CA78B2FED51F28F8C70FE4190073A3E5D3259D7A288CD19BDE623F10021BAB0C6E327FD507B2741627727EA00D31856492F9F009D7F152D930704E642795C1C1B336E0DEBB7F0FDCB79318543B25341F36802D64A981A690B94259607DE0B19D466BF8C1C5E1CEF9A3FC5C639FD611
311
7B4BAEAB453F8EFBDA500A67E8BAF76C8A06566E36EE1184E8329419161F83D843D5DE7D8221163E145F56921C3EE383978072129E290A9B7166E63D26BAB1FCDBF710009E4051842390031845F20077CD079407C575F20364C4910ED2A574BC357630B0BCD8DE39335EB175646A698458F6A346F003A93002E846FFE0C459
311
B8006E506D79BF902908A0AA05CB5E73530E33BA1D3C2EF99C712B7C8B41DF4D2A7830BE8707485FCFAEEB85A09AB6D39BBF7B4F23E00509C20DB04E240822A4B810E04D8D53D10D504C059ED86BB8697F514777717A8F8144D48A4C89077F7EDB00E2D89DC02A7B975640A282C49A4AA84B70B12BFED8EA6584860DFB7EE2
311
3FCB00C6BAF7332FF259FA3C9346508813E372F1DDE425065BB61FDF8300F7EEDDBE8D0C6EDF46F7D8823478590AE23759D60DA6B7A9F125EDE8F4A5D2B37470D0B63C30DCDE3D3D59A8D1501EB1B0A5377517BDD6E301F995E3F955F0F58FAC2E81CE172A8344AC03DC6781939D2484B8FFC15E8F3ACCD3954CE19576B942
311
D0A029188EC7013FE59AE90B71292DE774F1F63D60230180B30A2EDC65291B6211B4081128856001A680015CE000708254891851D4B3BED0FA4D7166B466BFF1D2A924885AD12B387FC0FCE6819AC3AE06A7AA4B715F0927B74D119D4A668FB54B8A8C268D8B038A207D10A7B1E95E42195B695BE0240F7408B311257C23F5
311
81E987C180140C584A02B1670CB817CEC0A080F259F1360E58452013200E3EC107AC1DF4FD7B0F6D23F33347F9527D9F51E6138E31AF35F1BDAAEEEBA3D71BB402E2FB47CECEE96B4DB85536772B07C82A34F3E66D0BCEC207FEB9E70643761276F7B50D5EE963CFF80C7AF4A2130F5BF8C4EBFB5F07B709840480DBD8007F
311
B7EF3F90104908BA457D43AA2A6A02C91422285E5AAC143F3313A0CB74D9D164933B86C25587134E8D342B453FC982860D09FD13ABE72055ED020E85D3E312F74C25CB0293D978A1C4001927C80B86FD06349126EC219F0C735C8053D8F5F310817EA01F1B7851F406144C211C6362C27DD51F1E310C0102280ADB891E9B08
311
5CC528A2B1369A46BA195B9A2B351862CE43174BA73FB7CBB430A5798F4C54B7333B96C3224A9863AD02B9FBD8E63092191924E77C199D92887DA594B6DCF0112857162FD0949FE6A441F5E62E42FB2105BC405A2301A3424601DC807912CB2C39C604A27908021CDA30C4C8C2019A883B3A8BD393BB3546136EAF561980FB
311
63E9E035FF73B96D09A905ACB2C11D79571C5159026227DDBDB81396EB03F14100BEB66DE1FA9EF82C3ECCBE318119C4269FD014E66361FC8BB0B4EA9A98EF3D8848A01360430284335004C183CC25BCA82D2302EB03B8419241C64DF4F5ADAF77B533BE786334BFCBB8DA72BDBEFFC36103AFB30608A0B39B58D93F0BF421
311
80841DD26BDC22CF0A770E90240006BAC65197D90920131C7B2EB3CFD3C71C6378A305EE8488FC1FF8D391E2BDDB0F6E3F45E7C8207C419800DB410073A3173942CA8D5242642A74496FF115832A6314D9FA4257577BF7FCF8F8E8CEE8DEDE5EBE76DD3CF892BA7FB8B90F629431B5525E92A15A3A4A6FEA3FDD7313617206
311
0959206591F4C927196CF645AA285CF3014630121754261C0D31E1A7E3DA2DBDB54B04703BDE3A4209F02045C4BB0F529A14BED07098A2A1CD47513DA64B512F409BC01663090796D787173B5AA141B1B39BB470EEBCF1E30F9D263ACC4D05110797CEF7B923B027F089F74D1D06F0A4D8C0CDA6604023FCA45B76C5CDE0BF
311
3845ECBE13E0C0ED73700A8A753C1AC8AEFFF1B407FC8A20F42F0D94019121DE304077A027D4112283BB8FF0072444D68AAD111D6F591BC0061854BBC048EBBE9E81F6A33A95C21BFD13AF3C7E7DCDFFEB0DE8903F77B41DF178E99C289895B0EA8CD640549D68935BA7C5294E0A1D66DA0CC419BD398E6265789CA1241441
311
AC94532A3C19C95340BEFC68703077EFC1D307B71F3C500859C11494838E902203A2BE90EACC5135B80B078804340C920C2300BCC06F7A1C71B875DC572C9BD1D84BD5FB9363CA6BA7D03E5C40FDFC54FC23C9B4B9DDD028787D89219038523BF64E638BB37CC25335937A00DFD32869C5B390C8C32FF25C8C47A7181B4A59
311
9A224A9DADB0E0406FEFF9F183B7448F081E3C55024FB33828784AB61704482CD0160C04174F9E33BA9291D58C2F1F1B1B3B5863B0D9F3E51C35C253D54A23E560E2C0CB3A6F7A81382601C2079CAE96B7B1560D20A341E85A928A4E01083256420576C2ED477E2E565FD9223BCC691CF394D3D8E281501E0EE5C1C8159E92
311
585D255CF30CC854C75318006EA4A01028EC853F9407C6053910BE105348324002260254886C156260F9189EE0F8C9A3CBAE9D5A992184568A69D5183A7DB97DB089FDC57AEE54F858FE54F577DBA85309640290F2D220952620750C5811FB772A7876D1E4040FBFC6474D51246D8B3FB378283FB514F8AB3C20B8BF7DBE5D
311
E541C9A5D3D38DDB30E00151E02523081BC89C2214103E0BC1B3D0199A08E002681A2613A2616CEDF0F0F9C5DDC75DA395C25C0309C03DEC8091A4AFD3FEB504AAC6633930556DAC86EE3561941E862C4A75DD6B6BB3A0C59BE153DFA73EDFCBC3CE2188D3D378FC976D0EF9A95B7C8532F527CE3CF539581E0FE501291E91
311
39FFB65EFF5DBD8E0C18DE3077170A64E033FD278F18068028802F156C3809FDEB11B1019C208D020C9BA2870457F0F8E1FDC7EDD393E3B9FC9C4308E9315704233F960E554802C14716B0B45DAB5EAB5E25AB7830EBB8D25E6CA94E4AA01794FB1EE164FE9F040FE82C940A4BCEF913075D087E85A7237D3CF29C47E4E676
311
777779528C4781761F0BFBC1D3A77880E40C9A2E5109180D5255317890394229F0F082010354082D574F1E3FBAB7D6553C2113DACB97BEB5526C7C6F69F9310A94C46CD89FF8F379AD1AA035FD00FF3F320180F01417A6F255A3A8D86319FE0C0B0E06A0DCD33F79841339C01E5BBE1911AFCFF7C1E0A540BFBDBFCF237235
311
2686D863F83F59CB6865F43104007EE06F52406F680341102048A01BB048823082CBCB0B6AC48C313F3E7CFEF8F2D1FDC3D6F6F9F9D9E98D9D7CAE5EADE2A6512FAD7AB526E17F600C85550DDE9ACFE9D97E694513103BC69F8A2813176032C890C1E9C49FC09C61670FF8705B1D7386260E7C8E7122C7F8208A55139E8C8D
311
4763F7EBF5728DF9C34677364E3A3F9AEFDEC9CD95470788834F9FBEC512379890B38C94205B2557987C4186DF5C0837608DF0F9F3CB87B7EF6E920475752A01460E556919B2B64296FB9FB70DD5F47232A0F77465BF140CD001F00ADCA175090E2665A14E6329B62660E02A1CB50C6025E3DA252A670B3F0FFAA5EAD94A50
311
9FE7036B159E0D1D9F2E76B7AE1FD5A606198D3A747AF450023CBDFD162278B9446688111009B4029B0F2180AE20A542D40610C073B47FEFE1416B2B12200F3C991C2F54EC2491027A816B0A34A9D05C6F437AC23462385DADD75642EDDA738AF1600DBE07EE8437804D2D011A94DF71C2085EDD40266A407FFA1D1C00B0C0
311
3927E60338E3B9D8C47D1F8CAED578E06F7CFAA4BB63B175FA7C301B747CB377F45192003CB8FD34B12009224543D8604494011A80C1903CE0518C986208E1C5FDDB8FDA161686873BBABABAE74FA637BEA894A44078C19696F326E057D7F95D061A6B0394A9D5F2DCAAFE4C2388D8A6E9AB7695CB0BDD0A332430F1A9333D
311
A41D1FFB97FA09AE84E738C75C407C260408F8DBD5EDED7DE1570A7BE333C54F16963B46AB0C2B71208EA3D16EF4EEDCD7005241166C005A73C03164792151205C007288AE337B4D7103741BDE7B7AC913350B348B2D767515674EC6F72A0402BBCB41C81305AFCF05F2758D3ECAC8D26AB97606DB9581A4B7A8FFB068CD5C
311
0604E6849046B70C2B60FF0CDDF93C13822B4E82FA0479A68220E66D9FD775FB3C1A9CDBDB9829B6AF2F77EC9E0678FB20ED8D1B1A1A39D10F9812E20D6281F5673121AACAA9C53424000DAC173F7E18C3052EEE3E78E7F1160F5AAEAFB70E0F7775CFCE4EF384DDEEBEB9C0889D5243BDF557559FEDE5F17AB21E118C4C31
311
A3DF6A96B56AC62180293910ECD6B721047664BCFCC6B2DD3C65CA0F0C823DFEF84083C7ECCDF05898EEF158F4FEF97EB9C123F1B9D1D1A3D9F9AEC5F5CEDA84A3C96C14A55584D62893D6A54D8D2028D05C8B1F124884543F3223B29D208B04910D3FC43F5C52196AEB5B5F5E58E8E82610F08C21BD443801233C0CE8BD1E
311
40F84A1CA86001990048031ABBAB11EF83F9283EA89F181F2A0D9A9F62D94B7F625FD727E6A93F63F200F614F7CF100D4511C07DB45FC5F0CB4CA359ABE4774631FDAE85E599EA0878A3C33D5AD6430CF4C055EE5FDB80629000D7855DED3F436F3B61B3DC7FFACEFD2B1BC6FB0696312CFA477CE87A87070C7998E04FBA78
311
AE3F915A065E819FCF35B410321D9ABB308146A11AD5196CDDD7C477A171C8AFC74B45CBC6F641AB53C8D4ADA5870C02379BC0470CF83DB55F073E29CF5CE5F7A3F8FD62EB7AEB1774C2C6780B9523F9287193FD23DDB79FBEA513B45200E2E0C1B51350163AC19043C600F2C1DBF7DEBA7BB9B5457BC0D840CF325EB0BBAB
311
BB786D301437000020004944415472B491ABCCEDAFC0591201CAC8EBFACBF367FE7B6E40E69F551BBBE7123E3C00AC560CE20C62436E8C3C54CC225EE08C0D74CE26148877689EDD004FB2BFBFFFBB984035373A7954EC5EE8591FE531348654514DB1D1C56411DFA2A7C212BE5ED91278F2851A432244C6822C29C85A8B32
311
0ADCBDFDD63BF71FD32648E7D098CD018BC35D7FE89E250EF2AC75F96C15271602687965C844B8807C6E7729D93F22E81D39ABD62A0820C1FE9F11CFA7208125D33E96FD69E83AF6052DD32D49FF0802CD9F9DFD39260389A950887A647CCC99BAB17132DFB5DED35138FB3A060F6295AA5E195BF0BB56495A5A4A8FA44002
311
6E46A047D40ED2520A441C302D240F201FB8F7E0EDDB0E12A04D8816215A0579E8FE1B1281E9F19C9900DE79842E2A7CCD48E9876EB01C75DBA0E0C8D44AB5512947A00BE7CF5DE9E1A6A6BE43CF1A78783DFD5A404E4477336C1ED8B18908B2A847B2AFE9839E891137A6673BBB96FBBA2A4B8E9373B001F08369BA11BE8A
311
BC4302FD2345FD6014A127068427D007BE28B41D9B0D40FFB7EE531FA673C8870A69135B1CEEE8D009C08042A5B4EDA314920B635BF941E7487E45256439DFE9D276295F87E698389CD49FB394FE19720412DEDDC40E9CE9C6DD605E0B719FADC416CB15AB3A61F9B5B9B9426E54F81D8B03DD950946D432B40CEDAB7BB5AF
311
11213CBA73C9BCCCDAFBCF06127C7980FE6D1DC9B4DF14832D6568FEAEEBA76FBF438300B541064ED33F3AC0B0D10505306FD370AED02859234402F6C3FED006766DDED2034D90D119057225EEE3DAF787EBF30EC51ACB4F551678BD6728E1944730C095F13E4D81A4DFFBF67C5BEE37E62A85FCCEC6CC6C7BC77A5B477E22
311
223ECA4FCC0F87E2A5E3EB782BDB25B8CFC6736A044DE5A7CDA604526361D650484FE283B77EFBD65D52C1C73C4F48E7D0D81ACF572F2E2280F98FB230508FA906B42DE240ED651B301CEC83DE1790C9FD96B6CBF986BECF3BD332C18EF627A0B6EECD5B152E02088D03D828AFFAD26B05BF671B4F9A09A8CE0CD2707F67F2
311
A4B3BB75B9ADA331C1305BBAC182FB4A79820B7EEAF73199B8404C0B81231CDCBB871B80FC41FF5860E8E108222A1A076C29E6E03B6F3FBD4F1F295DC457573C7ADED636D6B7B8C88413DDF3B327E1046AA51040B40CB50C7E3F1D2E44DAD34CFA604029BFFBE714DF0C069908027EB275F1F366C132E1A7450B04011CF82B
311
2B647CE754F650FF6E25BF37AAF65B7BDA16CAA791F1D09F6CAB989EC5AB7809BE145FA459E8D3E4B0FB47DAEF093B946FED585B80FE1A0305FD5330FEDB4FDF79FBF6BDE81D8300CF6815E5F9896552412A03F31FCDCC7CB5E32365550CD9365FDCCEC8752E943161D78047336F8AF6539840A1F2E764FDA2970999F205CD
311
2BD1F5CF496571F76EAEFA0E1CF8FD2A55FD06391F9EEF8B9DC9994E72BEBEE1FC928E2F223EBA0FBFBFB4F2DF137BC894B8087643D64ADE6EDED67F7680FAC9060239E845FC94AE93D880F994FBF71FBCF5F66F9F32C292EA900F9C1E6F1105E81C5B5F58A067A448143842008D7275EA3BBA3D2516FDF02FF79260020D6B
311
3C714711F3CFB61BFF56A826E627E82256F7400FB387FEF23C1C1E77FD6A21EBB1B2B35F2F95E7760BE1FA3ABB3A981423477517EEE36FF96F122B942F6FB64D9502BD1B9089162532A2FEFED255028FE653C9F46FA321E0B588B7DE79FBED07C44106CC85133CA65190543004D01D02D8181DDDA5A9C91A7110805B7875B6
311
89FC3902200FB192E7DFD936B37B57D9C338BD49E99E181F4E5FCAB2ABC1CA7AAB382CBC7D515457CFABE6FBC63D525E5CDF74B16378B9AD6774A58531912D232DF01BAA913DFB7D3AAFF912984302B84D0500077800D26C60A4742101DE420C610C2E92FA93056022EFBCFD5BB6B38651470CD33BD87630C05831BA864C85
311
997B8754B05167F0706499DC442FCD22592AEC2ABF3FF13F950039BF159FA9B36ABDB2778EFF83F70972B83BFD3F4899E64DD8346AA495CB155A7499F2CE39B0AAE755125EB84FD8CF8D8E4F4E9FB4B72E8F1DBCCB98B31BC4607C2CFF21C8145FB48EA0F2159F86A3098415609554DEFA7B27EF1301033DD06D274BAF6821
311
D220DEF96FA4CBB60B3CA241C021D38E1AA76B4406B4767576166766A6C7F77273F5F395291BBA19F64F2E3095C14F3E60371827741CB27E89543857D6D96BF9A47C6A9A26057840332EB843717AAD171880217B71FCCC0355AED3D4819911F79D0EA8AD6DA31A83E36C5DC2D470295C011302387069158F6C9966022367EC
311
F1D00BA9BB95C389AE7B6105A1FB640689033A7FCCFFEDB762189103A61C3A4FEFE0D6A6B5A19EC5755A443AE78BC5E9235B047890A65919A0D2F96AA3C01CEE913BB3ED239C3E0CD8DDAB99E4348BF3F8B977B6C43DEBEFBD7721A839A63B94C06A10DB87FCBFA3C2932F8C26F88B6D6BB30C3C4E09AFE40FAB52EFAA1EC0
311
316920E031A46D65A0FFE45A673432E907FBCF86717AC04F2CD0EF512D665FF53F05BFCDC43489F150890C60A8E0314E70A06F619D30D841189CA15D3417F3CD50191AE4396543F0C42BCFD696C58DF163F5B46D708BD5FDDA5E5E5FDF9401BC4F7E00E8A17520833D1CBFF495B5D1CE037C664123EEE74737268B5D1D3DBF
311
DA6AAD8C08DF2C0BC7A737E10AAB2A7B958990CEBF556CDBEE823CB09FB344143463C630CFFF585D330CF0320E921744A7918280FEEF981161008E9FBC78C830217A07B7D6985E83F9A79884ABB5AB383B4D7D788F9FB3D867A2112A43F19042B33A108690CF6F472F8661CFAC971478757F6E6F2F7AEB82FEA85E57159417
311
78B278281F28C268AB24BDB470EF3303E09C359E9DF1CF990D8A096106E6A66C8620DDE7D281DF0B2831F20439A30D68386CE13E002F7EDA8D7806162B205D6A19AA1FABFD6B1B400EC2BFFDD66FDF7E8755B4883C043F43046C1326136680404F1F934EBDDFDD39CB58A98DF1BD7880E0532E671FA1435E9D6EA5E9071000
311
BE8F262E7C4044FD95D5FD526EB40A05A634775F32205C3D779FDC168CD5E56BF982508BF572BDA4F6F57D3304BE9EB18149461B12F760D7485891CA47CFC44909136FBF4931716A2E100123FC6CCAA6A644F25EDF4AC980B14039009BECE8B798BF69A05DC5B6885CD23F8E13A46FF0C0A986D617F001C52241801E87C297
311
4C31411DA3A5D7B6175472763D637D3E57C33B908F867F4A59CFCA7923375E5F027A983E18BD7BD4E6FDDBB2250C1529F4202EFAAF979DFFB1F2612E87EBEFEC58581EDB9AA95AD1D7C1905F7305BF8182D5BBB524D47C4E3B81CD843220DE1E6536497C0962C225F75A2D6A998303B23FC501F0B3F736EE1FF01200FC8C99
311
F5515207C9C40081DF304C0A17D06E26CCBC5B3C47459308178301FA8057C2C0AE9D99B05F038828B08400F2E3251254DD7EB8BC4853B101F99AB48E387457C96951E5DB670648BAB70A7B04FE93EEC5F5B183F9739C98952C6845C380D401B8FC86E70A20744EC720E09D35955D96A9041720196D183AC2CFE6AEA816652D
311
0234883D788BEC8F5DF2615261DB031C2381092401B48D8D2D870FECEA9C3D99DDB036C8A051058030E32190976718C89F031DFBFF2EEA3D88606A8A19BD0AE305BDFD12BA4FF46F1A0002B07137989C748936E9DB2C91F43B07E4E4D16C3779CF5A4FFE8CC981F07C29E34B7C012AF0054FAEA4A6A3D49D3A16D2B3CF220A
311
029003366663053C89B3FB1827080DEC2780076FBFFD8E39810CB0593CC68B5D9009F2D400418028B0BC6CC74067E7C9CC0C2690FBB084AA5254A12AF63543B35EB40D17B693F7E3464D5094C00AA9E04E0E0524F5C35C5EC6BA94B21AAF2440725E2A9FF94FE7A8F0E769EB83FDEB039B631B18BF396F5C13CF89ACC02C38
311
7DA56DC3B1CD84B96CFAAA37B55FE723B611062258257D331F186AC93D8AD600B4FEF4AD777E4BF68F2168FF08C081A37AC13446C859964803961928476D78F68419390D830C1935B5C2A0A22A3AB17D3D6428BF12DC373B8D464E04C0A496BB3B3B75639DCC2500E0F0B15FB6F47B5A7ED0183A87CAE8D535F2EDBD4B3B7F
311
C762DFE65A07C30B2851DB890082ADC07131EEEFA3DB7DD5CD32C0860CA83CD4B7993A175F422A8149B1C1D94C1145059D9C78A8A572A90B7C8B1E3392FF77A80C50220880FF3669004E90F101740D2B808181455A044904674E7482CC3EC85C4BCE339404C0B0BF6A5611E4F9B8157BAB6DE327EC9BFBA1B4557ECB609C1F
311
45326499EFB90EE78F18227F09E563C9E63D847EDB3B68EB9C39E95AC4F7ADCF7D87F6752BB6912040281E4A0D8A8314E80D60470999B8A51FB1488A66A9F3F81FFA61C83F4FA6969E472288FADFD61B005E0EA4284822E018911828E868614DA0C36E11F3A051070BF2F0840E35F200E2C0C80A776CC9E7E6841C0503D0ED
311
F15ED9AFE527E798D23BEE5F0604E58DFB7099D739BF0BA5D332EF29F1535995BDBD0DE681C4F71DFE6A7AC5A13554AE6910963E9ABC9A0DB5B202225545F5CFACC942B5B93C207352B6E5310BF349AF200175D7DFDF78F6D683B7C87E087FA9B35812C4F8F13452CED610A2207541E6D659A739441F3833CD0C9C3C3DC2B0
311
712F62333C4FA9327C9CA1124904B4FDE0FE21C119776CB0C212AAFBA5CAF80EB43772ADFE77CD9FA8A4144C54C2FB2304C65F62FC3678E4F6C68F30FEE1BE8383CE7DB86F58B1AE0C51F0F055E188D02F00911DDB0991832228B3172B3E623E513FF1734FF414A611A603163F401BEA790FC9FF7FC3FD3DB02DC00184145B
311
850D01D120424DC03C00FCEB7880EEEE939399F1F18DBD4AA54C939899304D913CC2D5CFBC55E50C7FBE4C0E14AEEF53D6843DFF56BE2D554637EA047D3C210E2C61077875FB5B40E19F43AB7470CAFE1C0D3ED3B3B4778D1DF6D4F837C08747180FE8394F2CA1E0A46B6DA62CE2B2DABEDE0B1924098580FC16B369730E9E
311
90541D3730D47FDE16EE1FFAD3419CDA05ED1F2715C607F2E81893AFC5936303F40EB776F1D808BDE393A3FA401E1C706E154C892860AD74A2949C409E28A8FB3349C764D13E4D1D3468952B7B1B35001BF41142CAD58D6011C8B78961EACAB66E9AFBC627673B61FFDA4167950A274145BF11EA17BA9AA60815C2C43AE1F6
311
48E3772E53C94E6364AF826019E723069A8AA353A3BF7FB5359281700061FF64C28C10B9AF0B70B0B0D30A31CD1CFD22F68C76DA1E44558869257892363C091D313EFA46B57C3BEB252E9C6BF5B4799EC58F1910F469E25AA17B343799DB3E33CF410061F96C6D63FA91B1000CEBB7D2971BDD39A2A76361E000F5DBC1688D
311
47CB812DD60F8001AF25B328D173A9E4BAC18CE9F1F628704330741B2649B92E9714447C68559C6CD2F681919367E4811100750058809D0230C087A89FF3C80C23C4C60882E481F48D531764BABD5CCECA308DE2F63D3BB50373D630796126803C2D1FBAC148F7592881B395ED7D26B7DD38D7096AF98841CB37592561D9C6
311
565317AFBE9FC4AF7371E060736C7635E0CBA1809FC80F544DBAA1F2F9393D970D44C0615A0C6930E758B9E63AE690F73045F0C8C0731DE9CD80F718E94652383458799E02C06D328010011C7090D8C5E5336A83D4059953877EA1E1D66FBE994F04608C4C991917230FB61F9AEE183A40AB9108D032449FD1A7283DD25ED1
311
5360EF7EA9303EDDC0043403531EDEAB10DFF87F5E2FD56DF0F1B701A9F614DB17FA0E0EDF6FD0B1622A81FA3D1DE5A33F551930335C353A87F9AB05C60455193448246944A232C5D07636D864CDD7A50D0B4440CDCC465D1C418321F50E1648D500294065D869559EF3C40C8FCC6C323E989AD0F0C73142480B200842802C
311
061008B480A9954AF282052B3AF67350FD0DD30D1F4075AC303A5D490250F5400ACF479656861E4C77AFF327F3EBECA4B57B6B6C8FF62602BF150744656A87DABD7BC6BED50527B2120C001A0B3718C74F0C65CD34F275164D7968148DDF259AB8AD6CA81CDA4E8819509B996A7F642D987A401A2B04018C01E6C169A8700F
311
9DE3B489DB2BC49C9B7B858A4F50D22AE15428FCA4A1EDB20C83492690CFE361CC7F8C8066FFD0D77AEE797977F468A36E0B0DFC87F90EE6348BC748F7CB73B5B9DD5C6EE7AB19ADBF6DF359F1DC2A0F9E44F213F8041F64274C0859A2AB7C37440FEDDD2F95BE44065F22067E3EA0CC3BD8C0D8194EAB291CCEE20B9CD8E0
311
2950AD806080047A279F19024C837C848816719AC4A34DF8F0706CED904E8185753A458A27E4C1E37B5F30A104932BE140E0BF4E400160F320B054A8705042FFC47B4940810173F9C9E97240C7FCC3F3813EA239B745DE9F1B1F3FC2F9330374DBD1A7B475923F9A2ED81716D18D1B577DAAB9D1A0458655AD3CA7E211867A
311
E7C702DCACCD291E0F798013DC01BC326087775C0833E04EA3778FBCB8DA4687A0255CA0AD210C15661E4E92001A4449031D1DD27D327334BE830B64DAD90CBF537A45FBD4E94A7A88888E715B7E74FCD040E818BDC1BF5AC609CCCC015DED23877080FCDC47BD8EF3A7B783A17D33F3ADEB6D6BC7AD75EA7C7852C5B6FDAD
311
A6AFEFC2D181C03F8C40DD8A4AB5024F0B72E34B57BC1182472DC80946789AFB711DB7F1193C03C893B0345F420246114D3EA71D04FBA731C0DAB0D3CD311B218F0D5A15ECC105D02F3AC32F13600084731A83220040019B03180634B5923D438300B05BAC80881F061095FED5D572A3323ABD83F1D37A2301A8C930AB3F66
311
ADF7CBEFED30BAAD7D78A06DEB6A87F15491F5AB7E25842B6B34BEFC12C8A159F187C64B3CBD2356DE5FBAB98BBE9583F0E3280C0076DA15BF34C15238145742B07080B1EFB83382F9FEF2239D003541041083C5AF9EF3C8944DC2030BC3ADEDDD9D27475800693049E05413BFB3FEB4308731512F13400D06F813368A0101
311
D8D863EB3E75FCCADED124F532AD3F123F131AB46A93DF1ECE7F96CE9EB6C365C6D6A07EEC461FC919FE288AF7AE1A7D012D291EB073735FF26BBB1C99FB706E972192819B7A34BF22424BEA1CC7958AC2E04BFC8E02DB90A4A1DD04811ACDBC181037864672C78F6C0EC3073A40CC49D5E813593B7002763BC6A909D31AC8
311
6F3F6E335C9E1C309BC58F16418642E2AF6B290A34FEDC0CFEE08FCA0F56700699CB73B9C99302AA17BD516D7F1FD755A2B32B3FBE7134D3BEC813195BD355020A7DBB541539CD2C06E45F46FC0EE08293E6C0E1972176D9B678340AA1A4823404EF79B1E2347E47C35D0A2260730E0B513025DC0BD1C07E3366E9B9D17F76
311
7405FB531070700035618606F0B40C73C974CFD321B0C174A80C0F3AA54945FFEF348F5488895713E89B5C98DA501E06D8D24FF04FF0CD7ECD7BAA755A854EC6A180AD13BE094E8D5D63BFD6DFA5F5D3E4DB1BA18FD8473DC6E17FFC9832B71A2A94D96E808BB53F9192955D62C82E282B05168AA0927D54AB20A20A74800B
311
7CC9655C8B15F62377CA4C91641F9F4D0478F4FEFDCE273A002CC0A725EC165CE3A149F0333E8E9600B2C05A7D15FD831F0938DBE5D0FF13E3C0F0765965A0961C3FA86DEEB0E28304747BFBA5FCDEE44C23544F7BB7BF7A132DDE34F99E44EC3FEEAE92F667A10F7E90B0E8C6442DF5A5318B0F816311DB2E6DC6F172C363
311
FC800EE09186BB9EC82A24C0117700CD884AA42023B81EA6E0CF8B3056411110D78606EBC5AD5417B45BCC8E61EA01C4006AC233933E35D860BC1B6CB9C9CCCE7840D2E0C1C1FFC11CCE54D59300F2B47D66A10F09D8E24B71B9BDDF98FB62A3B897C53EC88D16D1FFE8C649B17BB8E760EB20B784F52F992544753F2CBF64
311
2CD3C9C70D8722C197142C567E74FB431EE248A8F3FC00377F5142144A82FFC28AC2970A780C85A7EE9146FA4B2981F3C93BCB0F3FBCB6DD3DE69C72B6073B99140DE28B8E919D9D9E7C2F5FA99FC1FFD07E9AC0965CDAEA0A945FADE52C791EA989E8E7A21A355FB37E44405D171B98A6E946DB26AE71DBD01FEF07FD378F
311
5B4B518724481820890E7486E3FCE61A60E096D577701890EE07CA5D7F2B086040749FCEF3F81972E510A86359C9BB579883035887542090614E5C4461705D7CA1CF84DB564838606CF1597E8119790D021080C935A908324EDE9F60A04B7830A33F0670CB08605B8D01BF9A3D435693FAB4FD84EF6754930640C1F9D74B05
311
2A7ABBA9F502B39DA3BF6BC7514EA4BEC71D752BFDC198EDA8DFE8F32B3EF811E4576B0A2074B99B070A069F60173E7427BDF285024E35A4418B7A412914F2800F1965C4F1120A2D5D2C64400563D5942044807BE7C738EBF3034C4A6F4D70C04ED1F97673C039FABC4CFF18866E08200BB66BDC9CCDCC3FFD1E43BEFC52C3
311
17F0F5E64900FBFCDA4DEE68768FFF46350E0EDADB7B34DBBEDE3776BC55599AF84E312229F931E700D04478D66A0D88D09B2276141AF0F8811C5F8067DC04C0F90929F7F1AC9CCD368488AFB965C97B855A3E2E93AE5B4866502E55991B82D4388614F2C36B8484A5FA06E3EFFA984A6AF17D5C2073299D9F12FD63826F67
311
FC460E54030981684E9FBFC22009A3006962285FDF4FC84B699FB5BEF3736C6072F6844C15EDF25883037DE6BB7AFAD6AE164B367812FA8CFCA6FA25725D99AEC5C6EDEEC64ADDA2BE0056002032E1D7A20A54CF444E360D520A5B69816C0A953CE0434A8A898BF18E2B704588C01BDB2133342F5404FEE698957C200EF54E
311
31BE6DF4E888C9C67F5F3F1B41F922777E7FA6332677C20098C59F762F5DFE4A23F9801A3BB6F8A4F66E0D40EC867E92DEFCE84C714FC7CE8DD3DD3BDBF9C781B1C3B549FAD2C89D711808CAB100E09700BB85240374A7209212F320CA577222A7020E7824500179FC7096C714884BDFD9499E027ABEB3CB0226CD293CAE6E
311
0C41A6788F396606A073E28CBE5CC67D584D36CA39D37974FE1023253E3FFB007A26F657FFC901D851130DDC2BF54884F20D5D40A0B7E5C7BCC7CC87B84F2ED820192CCE1AABA1FF24ADBE1D03635B5B3B53D4A5F84120125FADC36A0E792D3AD7E255792CD5241A4C84171F1104090017DA493D0A7790A7BDE6DF32618039
311
8E4B0DEADA5C2763825E43E05C388E184678C88CE6422606C017F030366981353DF03A753DBF6370879F79889DD0BF75408724DB53C5B0063AB6568D02DC47AE4627B58D7E367A6000267E7840C23A0940B992DB98ED1C4731B4FB4DCFB6D3EAFB6CAC7646F0335C5031888CD74E2103380260AD47176D703960230370FBBF
311
28813524C17FFFBD6288BB28E4F905ADB4A788B40B4A6201C1878BED224DE9906C4C79EF32EE679B9F5D3B5DFA137327320643909A823F62106CB8F9BFE4BFEAFF0FC7A6393EC7F64A698EFF8ACE31BA05ECE6DAB6DF124118D1D13F892F3D3530602E3F3ED3D59DFB821ECFA3D9AE85B1ADAB9E328DE738BF55D5DFD03944
311
5AE76D0194180F57B15BEE5F09C07F952F9A10372BC894CF7DA12CF6507E2A8916E0DF430C519485C55D61EFE209912D8C32866214E121611E22A0B1238DB18E86636A3BFAFD5B4EE02FF1E505F902BDF424D0516907BFC95EF3A76B6B3872769D67E25B548F0DA46E2B93DFDFD5F2B9E9EEE1EE1DCC7FBE6380DFBF38A165
311
CAC73DF912AD76A4690D2B766A3EB4AFA2D05BE543EA20B095FB17AE3F1928D84482049B659E671A4763CFA567C08824913D37F2F92F841FC244085C1681225C04AD6DE1684831682CE0D6096B56101C0D4FB3A1BD3F11FC1105AECF5660BD3FEEDF162B0D9DEC6DB55AF27FC98050BDDEDFF63ED14B01336053A19DE9AEF5
311
F5D9E9D9F9E19ECDADCD497BCC57681922F327EB41FF681E17C1921B04FBAE371AC69E53F98183E91B84897A5DB164158BD1D12FF6F6BEF0E02847727BF2628F9FD48B6FB11DF6928C868B29590A0606F92140D0C08850DAA7DD8A5FE8A50389F61288AEB743E9C801BB67DBE0A7F64F63BC87770FDF57AA73FE1F5A84F8DD
311
3AADDFC32087FBC0A7D645C327B97D65E7A8BBA76DFD9BCEE1B1CDE3F5F7CE4E6DF4013ECD7CB60BD1239E8A4E9A5722AD9C4FAC8F7FF17B214AF8801950430639A08E3ABD05A0D94E253BD5951C885B0CE750309070555FF21F2EF83FF53F4E15038B8D8A244740A5C9CBC120043DA0B323FB1DA0A4EDA268C05A30461950
311
5000BE10415DE898809DB6B66896E60AE347ED3D6DC707CB7D5B5BC374A158EDC343D0EA61C217D4878CBBDC1D85686782C3CF4272E7DCFB5E9EF628F5A95AC1AC0C6848F5771329EF8DF2BB79EFEDEC8DBEC72EB7F245287FD4B31008AB38EA4D52F2BF57167159E3004CD8950E217DDD6F699FC763E9D1A0AECC701F7BD4
311
430A3E030374066938F883C01DE40E7DAFD609345E33570F4CE6BE467FBD7F793B5AF2A9D331D86DBA7BF98067918F9FCDD609A0384B523F4413B574B818C6889FAEFC5E7B8F90CEFD62BC2C85B2478D54DD076635BE434FCADE68B3ECF1C8708E27863DBEC352D87BCC7A92A8E135700CDE65BC114026DE5DB68275E656D2
311
C0D4087293D43BB4C9C14EA83C0D806783B40DD7CD4F19EE9F33801F55A3F1FD600017A6CD5DE607783D5F74E34680E7DAB98D99F6E5B5ABC7F7DF19D8278322F6A97FDB2FADE1539BD945DDF868EE2B8B70D9EDAA45D1BB0A5801198CF1DA891540474745BF0317F8A3703E02510AE94B084221F887FE950272D62D423278
311
1054A87C58D015CD45EBF9B70E60820A2056E9D4D619E8494BBFA68B61EBDD8CF52CCBA124BACD4A4077E8420A7F36FCDAF661E577B792A7E1B7E337C7CF1FDEBB3B49F501F3C7366C1730E793F51FA20A9C3D2E9F18E63DC277449054CEADA36DA0807467D45F8A744E1BDED725A033868703F1392BBE221158220588F305
311
74A0B0893D0515B0B7C404AD0E7F40C11D504C49BD7DA39A85A19CD7357DFC966E5D92272FF06D59CA5A6A1C8AE30E52F1247C1F1D78F81887F9F3E387075B170F9F5EEE4A7F5BFC69DF02FD8795FCFFAB472E7C88D563DA514861B85BD41594A75F5E866BE69471110A9F75C8609C7E6BF6C7C727431EE3E9E3773D2378C2
311
5226E82C08104A57ED273FE0921D6990E02B006BD038263BA360355E8DC446A380F0BA35FA9945A80CF60DFD54054202F91897C241C147D59F8E0FC67CD0F2BF377A3463F8BBBABCFBD6833C57E214AC3F5AE9C2FDE88852968F20337972C7E04EE5658223008AE82D93BC37D8DDD900BD6B16EF221F0D4149045D740A8A21
311
5D4FC186C658E01994B8CCD317465828704BB630DA2243B3B4ADD3EA554A97408454148C04A1A0CAAC2E04033C04073851F54380E0BF2DFFA43FAD3D6B574F2E1E5EF6E5F4FEFBD1CA87C161FCBCF5C7AAE2F726F814027BAE10F79BC3D765D61D1803952210A9AA07F8C6BB2105B61145B324F96014EF223D4A9261080239
311
F03FF6F4DD4975C183B887E081F7A467A25EAA0C94028FEB808637768B07400A8235D4EF33143253198900E079E3FACB0C59B00F827A5785A6FFE2FCF0C0E6F1714F11CDE5140D931D707950631F3DE877F300002000494441540ADFB08704E252AADE1BD4E8DF55796A32B9B6F17737C67702E5C638682737286CB0E0A89B
311
624D5BF28222432848C9AB8C07170C97B814FF492A61072407D638006F7C8400860444C01B1930A522788045633DFA9507267A3A42BA05925BAD705CDD3792FA23C1075C6EE768A673919EB6C3FCFE7629B7310AA794CC9C0D14A1FB88F95C845BF22543F57996E0B26C9E4C2ADF187F979F8A55F11B47BC26594C52588518
311
D25E6C2B1CCED231EA1B748F093E5726A21A54C91EF95789041030C20FD5AD68613432E19A4D0DA2505B6BD843516E10BB00AF9AC315EE9FDB39CC1F9EA59CD88F9CD071D470C86C4647FDEDDBB1CDAB81DA94034747A779F4CED497CFF817348F69F52E55490840E48840BA72DB71F3E84F6DA2F4717AA928F153DA6E4C7E
311
8E00363CEC9A2E1C8E65F298FC4A52F087FCDEE5CBA38A80CBE11FF7BC2AFF249203FFAB77A128A001B1987BD334AD9B901890A8C2005B6B248196AD09C0025ED841325B31845032E327C531C839E66DBAB39566B631C2FF0A1DA5A3CC47E665AD8751B47CFE33899DF047C9F3C365E3B11278D49DF939298E09002F6430F9
311
958803309827A7C791048CA070061B7E9A64C557D235F83EE24822E5EAB805F9862F20FC58F483DC0EF02181F572930205107E00E523861895A2811309808F2B6C14B2AA579E893753C155D2F54302007E9FF36AC5FEDBCAD47E182D91A73920CFA5C18E01F8FFF4C3F1FF553BCAD0E58DEF85DD63B91BE38ECE1A9FFC4AD4
311
A1FBA30D462C328C5A0340DFD393D3D3D3C0659195C96990F391EFF4175213BC74C020922D4830FE215E76940962BC0713A3B82784C0CB6623DC40D6E1485BAD454F6892200B225096127FBD82D2B12006BAE2E329C771E25FEBC0DAB3B5395289D56D7A8A89081B34EE06F80F819EFE75C67DEEE95D227E283FE98A7B9F1C
311
97D2D05B4D07A469153C3DA3048EA68FA667A6D90E291C7D7E2D063E4D044964D055F2DBF3E31BB851AE9F78A0A7314F0AD24901F581D74A6929142039C65AF5830D1C809536CDC05E4BA51038F79D713DA930CF18BA3010E385351CF47F74D439BCBC793556A1F99814926AF12835E251C59BEA3C083EC2B2760FEBDF4304
311
C9EB87B35769E1EB24B648542CFA4EBA9EF93CD42F03C08F249A2C98897D8E2225E90077823F4A52171A61219998CED6FA050992B6B0A74A2220ED12123004FB977084208F8E2AFC80F456CB110BCA647A3A0F854085D84FE0052BE31FFE7F925610BAFEC06FC33F9931BF063F39DB3D1BB20EE357F594045F422613157858
311
2CB055A59A073AE0413989D215019B6EB8A21CF154D71164E0D8F4E730C2CD382D098DA5261456A425643686BC8301710F2C50665881399156AA2B4C3191BC555728384800CE10040F746A3D8A80A5F0E500A93456FEC52833BBB45203DACCA37FE1D3EE4B9BF0EC27ED47D89B8266F11EA2DB8B5A8BB93EAEDF0C06B7AD04
311
02B9EAC6E787365535AF19F15158308A9D9785C1BC1C01377F8C6B4D07B50DAD25649764A91DC9812C7B34CA98184084F7C01055466B48058CD44085AF26648520C85C41C67805462D8425680425559F4440F3ABBE1F3F81B1EC72708767DDC8FFB6465796C8FE310FEABE0C9B242A74137EC3E0427091967023299BE5D6D4
311
D0C6D15747DC2AEA4ECC57C72856E827D33CBD319D70FF854369EB841282F84B7CA4881447ACFCB257E252E00FBB3272120A75B99119840858486615636E0E0334031AAA8C08A62E080053A0AAA4158431EC727A084021D41CF5D630C94184F6FE7432E8F5F9A4FCDF3EA7CF136FC2988093F98ED622E38E4976E1BF0CF49D
311
2889E6DF3566719FE1F9B47A2D3BF89C69155DCF24F88C609EE551160F0415900B4C48FB013D8900A9192A700748002924771A3686A0A580FE4009E00ACC090253E280B90AC15048E047020483A038A60ED232831F2CC90498648690D960C48E439F18F4DDBEB0B6F5AC7B7B89F6230243B4FA160A7B9327F3AD5D937C8BFF
311
E5FF8B3A5E64283BEF8EAB9F71159514CFED62DBC880614AA1F7994CCFAE7D8C87057F451733699B8DF87056E1F0654B5021E38097E4E23221B810DE20559AD183A61C2C88A648DB096081E9801CA00BC1DA0124E08DAAC15FD2936905CA8DA1C40E42B13F1764E0C4015EAD7F8BFEC99A310B1B7C0BCC7746D3C0702759C8
311
9EAD57122092122D1F857067684A578F1DAB7EAC400841F493A468113282FFE42316CC74C756B1C880FE78795C692813CF4644480EE9B02991BCA257A71861F00666D9410288487618D120D0E80D7773E2B7DD180E100EC98B221C94BFC4FF531A09B986230F1CD08378A8E4D0FDD7D9B1BC75F5C12EAD7FF83F3ED19EB018
311
620303C217A6A35D826E72ABF2D8E2BB1B783F6E48D2E3F360806E1D192085D022103473A10375B63853EC54F500B5B064DBC20945B88160DCF7E4F83A0200BF6FAEAC88E9F54D22D898E43F378D20B51B5D6B1457000922202800DD401A9266483029C0D6D57ED80D42A0E6E08835F0F3AC73D7FAE6D56185F04FC44472B8
311
54EB7D9CBF7134DF3DDC35A9F6B38417DD6F508B37C1A718B0D054124176F7222F62DFB327F34D451799D56216880193254FF782D7DDE26C271BF38C6E422E271CE4AB8823C9510F021126A7A944E00DB4031D013C88EA0746C96D4574069BD5439C4110403B40020C30B07A604F1E41D19C21A93FD9002DFC35F23B1E7B98
311
E95E38387E3603FE7393680410D702FF9ED5A3C5E5CE68B5827D721FA78F3A9A0C08A79722D9C9B418F46C0057BB1640C70AA4A03D29CECF33987596D53CFB27B32C3BE304C540E14BF8464E080918268D254838C91A01F0FFB99154FD8A9C0495EAA6534A6C464440B4A71E16100E7405088122A35F7A511DC003D002E6C8
311
E7E15F6D1D2FD09014139EC11FDC89394621F77B9F88EB5A583C41E2FEDBC8F82334494C0BFA97FF3C3A34ADE60385B60E5A30CF036E5E75370BE3B83AE73B3B7DC0BB337DA0045299ED0C66681E4AE223D01B1BC3BD4C921E2005FEB5114739040758189BA8A320067B62A3995E4720055065AC2B4A8006BF8CFCC907C006
311
3EACE41813C5F017065AD46CFDC6FF1BFEE052932CA3478C8E5A6F25DC8503D40F61FC1B047E4DFFE8E84407C81F1AC7B5C79DA358551CD0D13785A9AEB38D6EB68A0A8087FC6543E7471082873CDCE5CBEA1EFC5CC0579469E225428E9A43D6A6000B4219DE52E8DF00A55F4BF5035960661C2DB88AC1F67C2890A93FC420
311
193C8326409E7B595FBBBA9AE1D1511B3F6D65B09AC10A71C2317201A603E88C56CC68C91279E83F5C147787EFE6C675F00941D23EF092920330982DF38C65EDFCA89DA98E8ADDECCD77CB86D85118F3DD9884820B1128010D02F1060F582871CC8FF42024C02239273A1CC3BF71E770DFB7E96081682803188118B50310BD
311
620234F230B12711B063E0F0490FCDA9248B580D3D3DE944A30CFCF2A1E0F6E59E8FBEA289CCCC943785BB8880ADA9C2FD70F6A13F5418444E3A669273C006C4B4EEEC067827539FFBEA9CFF04D84E7F170480037005AAC8829084329899F90B5E013927F8E646514B4824B01D11F72C012CEACD163B6358A4454A4221D06E
311
68A71062520649BF9E9127D0772D6E5EADED52FF216BC2FC513C7D3C5CC4C8AF009811826AE20203B076A2AA66D8D32E317DEE0EFC000FCE16D9E0BEB17C74AB009256C5D8AD1CBABBDA61402612C675FBD72D07E633B1A42F2421208CE01397560811204306617A5141706105C9F4984C459F2D0F6C392FA05BED808512B0
311
B9A8A9FC6CED89640EA347D31F0DF76D3D9E61E800FE9F7601BE4C9614A1C58E6C839F13A12D0EB426DE6386B82369A9E6A7F1F9146EB578A2EF4289AA109B4F6CEFEC0463E0072A05CC9DEDEDFE08407B173B8AA65399C80B2911252E6290C82CC1B8909140C11B7AE161B42B93905045D017E00CED6D27AAA15F2C2179F1
311
E83D411A7020B9408D202381E7E5DEE5A9E7E5CDE3B186433F488AC81554BEC09BC579018ADD1DCB3D9D70F02B14BF9159A4DA376225FE43DA224FED327941705DA582B2FD1BB5DC0540667B650BECDD1D5DDFB0C7F36DEE2B94F6EE2EE4E426F20A1174C31DF153321A24114C4FFF25E505475F6906D4149B21F1BD9D9DF7
311
B059F8E0FD83323CB97991FE80EE131A9003B81C491B218B1D42C0C0D593D9D548003839DC29A740298B0C23F0CE14BB167BD61989AEF0B985C8FAC8F923A73F31953989F0F6C96CA6C4D0A9A88184BEDBBBDA3BBADE77CD8E2FFEDEEF46184A86671D7DDC51417477BE9F04804F305AC82C2D018A21EA903866A0F959FBD4
311
139916D036635EE03DDB7408BCF0627A03027AD314C09B0A27F0A79490D53839D0DAF1416995CAB24101FA63F75029D57A4CBBA9FB4D120ADB17FB5A999FC9420DFE04FA670430B90FE7F589F7FE8D50A4B5F004CE5F07EB4EA007F8AEAE8E8EF7DB3BE2F81F42166C7246FA9E62D02C8209BA1024414C483498B50229FD92
311
3F2414040B2081390AAC353B5283EADA12A30B1080866D746B9ABF5BC107F33C2A015B275480759334B83AB02175EFD0DEC785DFC505E0064F4EBA5A97073A74C5C9FEC97BD25D819E28AEE661FD2732B8BBFB1BF13441B3C1F45E8AC1752BBF80C113DE960E0AC7D9D02C58C80505A19BA0E84B14402601A590A4AE00A825
311
E98C3212342302EE10FC5100681F86834A2804BC409D70270A2091DCE874B16BE0706C974EB3D26EFEDFFCA6C4579AA4DB781708469F055532A7046C6BEB0CF39F3ED2EC4FBCA3D00EA91CA68FD2B87B5C191E0EB2C300F00A1C9881F263571C6CFD83D079D09F176FAD839340CF030F70458F81F09AEE1329505150CA0A00
311
576B56C06D58070B23086F685E44232D9D53DE3FC3731044F286D19F459351863F749F1104198D6E14BBC68E17CAE70D7AFD958E350BEBBC70C9C4DFBA075240DA27D40AD7DB063A097DD3F041EDB3E4B682A7A12A548F3393DB01945547175879989302521EEB1431B08759B632B174E0F700E774FCA1BB83F95029ED1A08
311
4288C8893520E49415E00DA080AE8027C34206D35491D050A4C6B080F6A20889A2FF82379AB6234F6710C05F9080ADF002B9C9F9C583AB220F45D618D7E7F7547FB27CED8A8B7A7D24EDA4988B0C1C2A1AFB53FDC61BF3DE50D63C560F0120B0372F0839DDDAF13E583B868717C1CB8CC71D1D7F440CC82184803144196EFD
311
58BBE00B7EE77DE8C015942357FB06FC906A5E2B8882CCF9FFE184B0035A5CF186A962A63F84B3AAEE3D5A2C830008807568B6A9F424086D2095A3E262DBF124350082C4B5DF4704A9D2C93553DE47BD6766B69349610716999FA25854F759CA9792599D3837ACF6247CE8597B0F960FA3EC45B61715050260C5844FCCFEC9
311
666BC71F875B17E3BCB4CB151405D7D08F846B4CB952248B4603CC402B609E90F0044A007FA800EC46D07A51232B00E5683C55D5096E1374DA4FCBBDE2C25A5B8D26008227CA7758033D7D70DF12CAF7F247939F93F1CC63047D63ADA0B7CC8771B234D8095FCDB577B586D1834062035670E204B245EC093FCBE15626C10D
311
210CB38A13F50E10A0D5C0814B0C4B30AA9858516001669002229618F100767AA3D6D2528595FE7A398C2D2300ED0013A0AE60B91644A057327BD3C36BEBF48C91279B45F8BD145494674AFB211A91977CB838DF35DCB3D6D6AA2FB2784B591ED785DFD7DB77747DAC9D2F7674810EFC2895F9ED8007EC7885101679C06F21
311
E4B1C8A6120956F80518D1DAF1717BEBFB5803E20C6F2A11B2E48AFF4AD2810A70054623E341B3D1ACD92DA91150DE631EEB2C28882D092049C0DD38E262A7BD6F98549930C9D44B7C37028AEA9F8C5628A2BEF5704C0DCB2B428181B1BE766F43014498D2E57791E4C8DA6BD2ABF5003F0C40202E2E32EDFB02852D16C30B
311
7F646B98FDF86C7891690043128B0A0DE6B4EA27F08C30CA34C9D0AA0852A5997F8D11A6EE84E040B20472020256F4AFEBBB74E6705A12083B249089218E6452C8E5A69717E904A3F5EF3D5D08EC1F4D4E85086B238CFFC11AB9AE972CB775616C6D1DE04DDF073B4DE3747C41FBAE6072901CAD0237100670C5A00C2C3CE0
311
63610ED824826C1F6650700E88C00B62468903A0D71D3A390255AD7040048348C56C4647413C2C2561216E0C469203EF06A5B101AD40D0E207F78B124747DB5B4BBB4E88B1C373C114E0470B345156EDDBCE1B4DBDF81DBC400746B0B54E05F693707B89A5E430982C2AC7D10DFF11D5B102B9505034B35D07E8E5F585757F
311
088B390F2D4C85CF7218E8418BB4F25B885053D07D5A908326809F31D6CC6B77CC948413B28664484439D118DBAC27DB5AC40C1AD166F25E6A2F0AE82100C0BF220405323E1FF80DFC518CACA8DE1003F3C9FAE9C7B2D60703A0004F8EAEAD2DE0F5485452D15B77B4B67F4C2403B8D8F9C533558ADE058A9E177A1698F75D
311
C0EB4C800F74C0270178C8579C1FACD025F0560844502D2BBC01E620030CB93636C1041636A693949CD80139FD15BE107F905590A292840F8860706D07E2970A2F15E5B13B87C3143CB2930374CC46A6F9B9D7A5CCCC14E11B9E879A49FBE27ADBD6DA82410FBB94FAA8487D61B51F4BE0A03FD08743C31020D6628ED20305
311
A22C2C2FAFA7ED1E7881C438AA5B9035F20759E243C51F34D0D5F02F11403B9E204CC1686C0B6C9000470561519CBE1B0E4FBEAB37A39EE4B84C05F023858779341991F36D9D9F351E7BB3B5ADF00148D9D05784F9AD8B037D48C01BFA83D4247F03BB768BEEF973A14E610090D4B96B1EEC5C5E66928F28EBEB6CF578B067
311
DD83086081579848E60DFC7684044D8174993C39F886043481F6A2B743B18749E52447CD4D230513032D20D20206E536E15BCF7B7D211634F98FF9986287F33F9A94615A5A0A7CACF8DF5DCC1AC6EF9AF1945EB78E0A2FED1DA2ACC00EF983F9A012260BD722EF61C9DBCDD8719703ECF839029010CA0B9F100B1D2842153E
311
01A1A3837AB579516A31982FD2908A09100DAE591016CBCD4B011A2F4DE299E1338CE065DC4841BF9895D8C81714800CD08F5AD39601BC929B55D291F6CDCEF2AB40DD5D98F4E6F107C47AEE4A09A079C05316F479DAF4C2BAB83221BCC0CE23FE3D3D4C7BC9AB673D89A3677D6020F6E182332028012FA0FBE0B2668FB854
311
85902A8E7FA0BA2105C213E20BC2169211A4BABA7D693C3F1DA961F203694853137073AD5CD25F1C017DE0477626D7BA55B88F83B5EE513C41D814639FD1BF759171F4577D3CAB0C3DFF68B2D3B1F8478C18F67BEBB2598FA76A4545E9E961BACF657E0791D2373030E0EC9FAEDD17BEA7703A738185D08236C407448A4CB5
311
04CBF01FF43859D3115488EA01B55078000DF085911805790DE1B41B6F8CB2889C3834FE02AFE07D85143C6C008438A944EA63E047023A7EF37E13B0903AFEA7BBAB9579330FAFDAACD540022980B65A75FBA17D388F1E6576405CCE7032D95BDA420E7DC0EFA320879E5F8B3B04C1D2D9C1114210C19FCC49DC6A855E1201
311
0184DB8968109ED016E4683CD552A36B3AFA13BFC2114068935A7E774CD2C7225642B73325938052D8634ABC18DC9442BF9E0402E85B42F9F3273672DA8E8F1070405D1DC3248487574CD98092B8B956E6AFE1566530B78FAE05B4A0DE51FBAF85DD075C7E11939F80E015A58D1F87E400CFFD2306C4D1D3C634380A201545
311
A92BE01F445800BE12302AB477BD6F62600D211232EB061448A0D2B877BB940D63D059C37E0569A83DE93E214F4BD86209FF6F479C640AFF8AF6D1BFD987D029A94DB7C329B4184D4BB013BF912FB88FEEF913071A8D82B651BC10DB067A7EC52FE1B421883144C00F64FA23A11CF708BF16CA59F18D4C04B8085964B2D8DA
311
4A855187000BE440BC816FFB13374640B0EB1D0998AF38A1AEF503F14302E2811081FC12EA6CD38A63B33035125F40F170C0B0AA45E9FCA38FC6D688D48563B5C4B4B7C359D3C7AE0EFB16ACD5E2FAA47EF8307044B4EBE1C71E84E742D81431FB06B90B600B9C239E277A57C94C427EE10E7826980C0136600D916A06058C
311
BE8604DB4D314FBC014EDAACD0820F14BF75449B70339490FE5A0491221BF95F949DF1235380E969AABDBE2D32EB4403D3FDF17F42F9A0A7C28ED75BE86BDB7C7EC80C76F86B8800F77B305EB88F00A4352E0F8089EF811EA02A3DF08F7DA008F803BE4B4EF5F41E56087099E920708C3D720916444440FDFA013D4E120141
311
4123A09290F5BD7AB729298209C4306D007BB0829FD4EC3A6D7E4F00B67DF38CA0764F832F0448E58439B952CB4F70DF964AFA74CCFDBABBDF273E2FF4F56D3DBFF2A78D42FFF2755DF307066497F44062AADFC0CC546F6DCCFECECFA232E14F408F05477D311B683A35BC245FCF8A5CD2AF20022C21022266905A5BCC8B20
311
235D6FF04019CC04058AC80023662E25F342063165956320BE50370F2A657BACC817DDA3DDD3EFE04028645780A768FE38DBA88BF2EF3ADADFC7FEACA952E5A77568ECF0C971DF32BF1D24F8486B22A649EC81B1B60315CBEFC026091CA45F858D7D04C1B437079431E63E38F880758842E780A9E03791C0FAAFE10012588C
311
3C592FE35461A6047802BA18686887023A422A49599399893103942CF6DA53A8E387825FA0678B261F139F801E2B17C901D0F5217E07AC2401A87D0480F753FBED44FE949C93A1D042B879FCE499B3D861AEB23F9C1F372F0C24D0B7D6E70FE1AAF60F84BAE642D82F0A9F53E22783915518494FDBC0AFAE7DA282E5050B70
311
3570E06319A015E00D693A6BEFFAE493941C3B08C13B96BD20D0115A9565701DC58568A3009DA13E965765C03091F0FF339F7309D44F6E61F837F1B1FF920450EB8FC48F9B40158BE89C81A597CFB0DAF5F5755D3886DC13D4479599B583758CBF35663AA234F133F91D3BCCFCE0A794367F385C59B19431780F1C09913138
311
4056616E15A1563B50021D369C593FB292685A68A8B2A50A0A2085CF05434617E05FC24A6B077B990014421A68401AC4D65788EE25F737EB780D08A6E38F060F2ABD889E1B889C44852C2FF368C1E3E710D73B6589EA83F7417B341ADA1F639A23D15298F087AD0326410E116C3A1B325218433C71AE62C07C1480F1C04562
311
9724A076A4BB8D622D24690486727F56108D07046DAB065000678E04C4F8C342DE27F4AC102D854F2D08D59B4ED0E4F697B0FF62F113646BC5B7F3131D4EA8BF8B265EA3F2026E7061B96F6DF3D993276B2180B8E57067587428579460551049049B074CF8B1066C7E14C705F0B39298C0997C17F701097023BAC310813901
311
96801FB0C2A12380042927503D5A01CA127F9841B460310639C674BC8CDF1A320501448E0068905B07F6E5602F8C1F07786253438CEC51AE61FDB25FF71B09893AC026A9EAE3F30F369F5D5EAEA5801FBAD3C98B38C13EE017B054F81A56F05259DBDA64FE270B1FC4C77200FE276FE814B916E222575ED717A62A92956504
311
605268408CFE13FD61F84252228376060206802B9550F00B9D47E6AF1022538A752CF4FFF1F5931384A9FF8700EDD4FFA2B93FCBFABB3EA6C607FF714B0B8B04EBBE83B52B246092AB018C0D0002FC490849F1E214AE6FC42009D6D86616C835B65DB9862EFC4480C14137603C3089D0A5588FA27E693DD184131BA4E88C35
311
045ACEF1CDE1A82323C20B842F2419604821196EE8185BC834AD44F8E9B7549A32900196E9ECBBE20FFB4706861AACADBBFD9B56A23FFD3AB8BFACC18B1B5AC0ECD7B6AE2E2E9CCD2BE8AF1B1BC3A813B94107E82DE67A42E7CC7D4A6116700B5B2EE3C338A09B840F07C40A64800D7C605AC42B72227C4C7020AB1F20056E
311
26F542717F56534261DE3766AC10A6ED2D006DD03BA9DBA507AE0510A8B385C92363B9154167F1230C40D76AF6F3BE0CA08F8BA2FFBBCEFB09D0986550E0F0EAE2F2780CDF850CB0F88CFC2815FE87BD83909F474F45DD47F1C821DB2107A8817FD45384F57891B65F2543D0C1E20A89B4A8DF806862AC27C60F6A054627FD
311
344250718AC0FA21CDC4E28DBF2650D1B39D8B8A420C348A4F846E2BE824BF8C45E1DB8EEB52F576F47A75FF95F90FCE0FD3A7A08D48D5B9AFBE3EA658E1676FE3372FB57F0AD8D70ED4AEBA3D4C2BE0AAF1C3AD63A6004D12900CFC481A47430C9EACB390038642C8C41B13303166614210592736B8603AD4FAB17189DBB3
311
2F3915F0C380795A089A15228460BDE8E52203527D41B5470901B088D84FF8B3FE2BA7F4FD30ACAB3DE0B7E2FF95807AB0010FFDE3A048F7360F9F3FB9380EE537F16F8673131325D3351A3F664022020811A0FE8C019CA17370725CBFF64132025DA1BE2555102212E80A907FB43ED80A991A8AAC183932C19AE17524B065
311
90B6AD286EB99BAD18FF4BD64BAB519202F992A963648ED30E7521F909F090C0213E367A77D8836BEB6F34D92EDA624183070248351F1A079E5D3E7A9EE81F2CE6678F92E299EE312B6C0572C0A7B5EEE07853612403813152C7125E2022A20C18F855DBAFA399817FC97FB6E1CDCA31D348434ACD0012F0D32A5456B4007E
311
6E92D72B1A4E9971223A42C1042819E4049C0C5801300C0013FA48F8944FBAE71DAFC27F1826FA2304ECDF3F6C10FF47D5C7E49748DDD687DE8E91C09394EE0682A4F84CFD6067EEDF43E67EA46CB2F4070160439245F00343D03BF25D7E2F26FC400A896DBF19FB8D4D0A66DA669C3D608F9CD048A0533621B25690EE19D5
311
D15248E390F042B12C682511B02BFE3E5700E4C9A9B2107A8F45248FA48234FD23005ED1F4EFE80D1320836F04003BF42856D478D1DCA3ABEEE3C68F9F30C3A16E5C238EA5DE3FF37DACC2F8B7980033F47FAC34421EF0418A045394802CE032D61C70023D788136788613887C0011A4EA316E005718AE191F8D0D841B9C67
311
9CD2FC478442D005429166F5A24403B1E6ACF3298F388B6D0BA933D92339D48969A5C11F09B4FF017A9900A4F887010C474717E10F36468032FF33F4AD610517777104CD920C3CD15FC5F3B3A0C75BBCA3B00F2724863C10BCD4A0E00736C7981F2F72E4B001438B99714FCFAF713A2603BC710376A1715FC602022202E06F
311
DEBBC680A3DF1C4C095A12C50B554FE7623B50374FB2129DDEA4C392C9188077658C87F55FF92FFA507FF03FC8DFD3F31BDAB46DD51AEB03F7E1B38B8B87CFF47EA1479C3EBAD5C6B382C221C0F1B358B39D76D9D3142C4A20935F541E492E0EF081BA41B3620A8E172B584EA1485632E22A8221CEDAC6110AFA4B6D43E2B7
311
6A18AB240BB24337721C9321D2C033B2D3E2641A55A400A28403C12D1DADE39AD23FC5FC08C47A64DC3FF6DFF76B5235124022D7E6D6D5F3CB870F9F31C96FE477FAFE54100068A3A87FA5908A2C08011CF31309C10025B089FEF9C510522B8DC07C30AA469841723A10C08E27F00F7FBC181C083F2809EC3B2B328E294AEA
311
D5A071B3A95C81D2DE3F930372D022C9C793535B92FDAD5426E90490C3C81D000017C6494441544698C416520C1C40C71FC204B22448FD9303782FBA67089A1A7D4CE38E89050FEF5F1E078A4DCCFADA058032C34C1CBC2E1202B1F8962B1A8024F0EB7A11F209E96FB369D4B64202FE7BA230AD24C46413536EAE955B341B
311
726C593B5D4630C0BE822480908522B0D85430230352618DCD4F7BA6D568BF4343801480006658EA3EDCBFFA9702B4FDE9022163C43F9B72B58001A23FCE6F0B3FF0E4E1DDFB9801A6FC42FD0132CC1F2224F89933107AD30B6C9131A53818AE944BE25A70810821C38F098411980E46D108F483DC63F49B91B85235160409
311
1D60546702F58A3872A1716411B642C7629C267E64E77719F46B0548FD6BFFFC86A38DBFADFCDF700228C124C8664FAA02BFB1F92B09800876FCE4F2D1C3FB4FD0A44E0106A8DB8079751CBF0BD9340066C3D52BC64706467C05B5A54401BE4A1B0132A55EAC1CCCB10D378A3DFEB9812022327745EF2102886A9142C812A1
311
A2C9708027BB55B7006357459F9C2080E0BC34489FC629510F3017B62D5073E2A2C64048A0A42580E413BA9E08274091A398EA80B5BF31C87BF5ECF8F1C5DDFB4F22AAC181F070AAFDDAE5650C4000516440D8806786D874215149E69ABEC43FF0EFC820FEA112B0522003C84BE03FB76623513B6D840820358B084119B0CE
311
C8C00AE888826339A54091F5FCA513AFE147975BB1A86FC50618D9D74502F0C7C8815AA306602FEE3A5E79E0D7DED1B221001118B73182CD439A092FF801105D1AA14E1918EC282F6260869D55108065988BD67F68E5581720A708051F7C8070F582389C682BE53F2AFD85853F2A013D21564028E06E79B7A71E43212180A8
311
1541EBC88F451E02385100491AB0C4A3BC5309A95911E66D04C0B448366988ECD204C2FC930F8CEE8FA410EE4C25B58DD1B6EBAD83F6196670F7DE635282C0A56A851AB035831725F0471A10FE52097089C80495804100318405F0DFC2136004B4C40705EC9154315129205EC357930035688F61AC02188250CFA9A9802339
311
25F16A117A48CA54DAB6400221976B75D863330942E20EE3B00B08FBB71AA813B0E502FD2B023DF70114E0D7DF2E2EEEDE7B789504200112075478F2FBD6897835C91F0C20782401E801A2F9142700B74805703426023A81CC0BE88B537D0003E0C5181D29EB8D83050964DD2580910A1E7A8138F76253DC01DC2F3824391A
311
D748276C0B0CDF12366625D038603D0003E0266CB42704C8CE7FA7F11B4D59C0BF454A78F8FCF1E50513715D469607031272358F04E0003C90107223A581218F10008B10247CD20D860FF0BF48801040B361808148714764028EAC137E871501EFDD97C89B52107FF1235B0928C562530082573CE137840EFEF82A0BDC6027
311
36C595912FBEC69E6A3A26903B3A300C5A098A9E3F1810CDFFBA019D97B4E7A7A075850F2E92569BD960CA7B8304995FD006FC4213BB1448A6F4BFBB3A9F9FC4962D0A1369129B10073771FEDA38B1737B663A71C088D8848027FC3008DAC4E4397A6F76271DFFFCF77D6BD7F1F67DA51E0E08875A6BAFBD6BD7AE52CC04A0
311
B4A2206F650EC412841A48258258E8662C3838FBE21E25172C2A15A4F78D82DCF68A005DCF07047C183E1CE47731BBCCB5469D9169E0D588945BEB637E87802A03D88FB82486210D28FB3B858D13DC7CE75F5E6F3B03C1744D30CC58C7C7A256146853A05243060B850072A7010CA47CFBF9A1E24F414037B8781E8E9F219A
311
774B36481CB43E48A79819D638C8760D672FAC19FB9D3FC5EA9158DBD0159C27860409682E8FF2595652FE189D2CC2D7C023E944158355806FC320087CC74116030CC376C559C098B93A041C5DDA48AF33827D2327DC761D19C17CC62780D82A170E6CE7415A5E7FE825E053048F88D2AC2A561CA4D4C60098DA28EF1A0138
311
2772484698F60C8DD24BF396EA76260542810A625978C03580A9CAB91D10249BE579B0377A3DD15749A45F24C4D81FF3D7D7996F6A1690288008C0FF6CC186DA9D5FC95BB09B1301004B016E707FDFED306A1BE8FA208828F00BF342186839839F1F6FA338DC5A0200FF383DE92614C03A4508DA18F4D85F9354F7E867AA77
311
A42FF49BBE6757A1A7454448D0BFC3C220714FE43A3D8F1547BE10F0BC5A05985AC3C28829A06FE24CD062700601F4AF12AF99099B08E7071DC4626A97C920C3FF96E190C9D1FD7CB6163E800D79E5F3F10A9306C02B799E80F1AB380E0571A584C0370A220C3125000B500900D96FEA40409F980E2083E4EDF4D8D2480AE5
311
667222E020BCDAD4EF19682120818FE18EC7FD6AAD67C03F7DF1955E697456F517AC4F24700C30171C67E9168B109A4F60AFA60F98BE30941BF776DBC7C70792A2FBE98AAA97224F8BEA39B47BFD14A8CD03320DA2B676E3AA397E652E30A42CE2987B7DA1EF7F75242413800A04C0270C62A13372400B435ACD84B8B50092
311
08F5AC73EB149FFF3508E21C2201E0338BE07E50EB47E7FF6D97724A601028C5519073E7978EC88834410450E074DD58AD13A4900103A6444A9CB99103229F0EF8C0C78161EBC68137240734CDCFC349807851E0EB46CE864D2E405ED341B71A390CF2DE20CF5193189E1901E866D0230409684B193D17E2928534D0424093
311
7D3C84477494FC5E0FE0B448E35AFC19007926C1C6A6E622FDB8A12E30993C6710E070397C4B26304C0AE38218D19F01FFB15BAE1C0E7E74DF75F2406E373C414E848FF8E500EFAF3C1029C9C0ADAB2313A7426CA9B2C1B9E30032C84EF31A09A88A386F136E8C2F1D582EA0459207015F10F1F001F0B1B7DF7222011EA200
311
1F00BFD36BAEE0850928B08C077030FE3806C880EAA74BCE0863A952812E6008B3A89199C1EE918AF96AF583F1A073B0A355B9D861AF1460DCFB3BFC6B7EFDC834B09700CBED3510E48DC7129041C991F06BA5006CA6B5B34EE21501374E8DFC910042036111EC9C7CFA1C05D48A7270F7F835BF04A4194DA4CF76CEC66718
311
C84CD020D04C412AC848F03E3C61A1C8D50D0EA6838A00376054D3DF61A0E393E1F8B058A6C994093476D601A4A06F0CFD3C0A6BFA910E75CC10400A80FDA93AC9B5EA4303F6C0D188B559086091CC5910137772E14F2376D03181B5CFE74C0EA38440D0AC256D6C4D104CE05302FCC00B60B9CD4D71E08BD40C144A025E60
311
D4C1F45FE846A2105D717EEA84808A5DD90A168E133640311CF05DD870768683F5D2F1800F485AEBE5CABD8FFA3C0BEB33702493AEB551B1EB035EF5C8E5757FA7832141F88E8578A363802B560007AF93D7D470B478C4D00B412D634C9140C4F9275C00DCE8DFE3C7F8C0AFBC5B2CE82E3C3BDF393D4375D50C43CD1C17E3
311
777CD2C170725B7B42B41DF15BFC344DAD089C1E9118522B4A2C60B794E4E8F33081BB7C8CFCEEA0B2015E49D586429C6C78646180B7710E06018A3082243C275F077FBE412C17DE80D3E6B9462C5204C5D980D1DF84A864401C483CD01B143F4A4868087A0F780F37230200A4FBF6AED325114C367C22512750A5C7C3E32D
311
545CE20A0904183BA10015DCAD89864B3E1EE97EBAE8B204266A48E010511838E2FE413FB116E60880C2D8440AC3880DDA6DF6618C138CF1CB2A09637E18D00F80CB0DC05322E31EADB8081C29410903F06BFCDF5AB46024E4A75828056440503C707856EF0C037623DD4922A400E8A6BD75E4D2800905F18450A00CEE8886
311
0C8964C7B3F90F56528BA18F71CFBBBCD2D05797E168FC37DB26DBE0DD2EAEF39686C18440820013C1444055402A541400DD362A0A402F1FE51246404E098249FEE30708C10CA0B54601053159480C00BAA9B1223A773234FE72FD5C3BD81804D8D196FE3D5315A0C981D88D04FA01DFC185CA93F9120E1F480B08063364A0
311
A318F08DF95056E4C91F1150D31B011200383502E079EE43CC18603AE2F88FD139C802A739F208E88D06DC78267C448C27C4113C19B0F51B0E9C1C021CF8F9167C6B1F2E10E461002910105D1042792D1CA303F469714C018C23D72179E165049C40E801CB96CF334562E5807291D1E0C70FE6CAD91656715F0E5C5E70F8D7
311
F83290549B1BAA6F781D25180EBCA93EC84E72A74081CE3020789B3790E1A9E478E658C099BECFF01E530E80EC5FE31204ACFF70AF8177A03059240CD074978A002A878BF883FEEC81DD684E406CA630ACFDE87292822A11953710F000885D6F68A67ED40CD772B0828359B753F7CE23D9479AB9845771B389D6A77130F8C1
311
34EFC83947392029B10E4425440A84AF0E54825228FC1634D369874739C837A9DDC83C20D320C36042610ECDFA750303710224D01202488012CA847424F8D53F78AB6BECE9B3B35A7F32396AC6B7444566327DBB4DF06FD9616744F4D3A397EB3B0A3FBA8D763702883ED742FE5CD24146D8E353ACCF811C806AE09914D844
311
6E93840FF4D6C963FF32BFB6AB015D1D3B0C9A0968776F021F21404B6260CF84A14F35180CE20B5E85BDA2EC91FD5A7DBA7E5705F4F0F97AF26CE18E3BA078138202400A62930FA6CC7882F911A92F33E547E64990B0F27323D73B6222863F86425153FA8009361C675554C25382CE148420C8DCC47A20122806CA178A0918
311
C14CBD33440289078A00EC6070184CA9907FD0A1270478E0B325B67C2193694EDB7DD0F3C238447C8A11485562FB4902134E6AC952FD5320A4F7C780882DA9684285CD81D278C0E8FF8DEC9F45D22DC3C2CA99C2728110888799575B6834BF22B0F01EDE72D7F21B672C40F0A972999E2200B7C91403F9BB3D09C019908192
311
38CBAE5E7510D7D57450507E3DB04AAA0A3C280064E0775380C8C16EEA4834346A04BF0CE847B4B3AF760D06D24BBB267C32E2C9257DE5EB748AD101AF1FD33265E2B674EED8C01A0AC901392211011AC810560F77778E85B13BAFE3E25C95B70919A4862C15928BD8989664AD8638101D009A80F00BDC41AF27602A4BDA0C
311
077E550048E7F1011410F01405045E1C140B4D0E70E0F6E034171C3D6FD12004FCC1FA304312518910356628A4A326EC9ADF5DFFD1B2C0399503F14B4F8E3E0E4E39A06ABCB56A8014687E86E462BDDE5124615ECDB412B7314F62E6E0C76ADEC0F717B360E741960104CF1706CFA18E0605004B01AE007869B095ED92144A
311
807841EFF2811C047889A04901C809062057192688C92346F97F279449F89B113500BAD282D1DA80A55C27EFFE02C8D4F395003F285B617BBF0831F49B055342DDDD414378E8888E92C16789F269A27C9A221FAA4A0DFDDB9F935B2ECC04DC51481558A69301E0460B02665AC4DD30C03D480866C3409400051811876014C0
311
F294C542821AB045011A3E3F09001FF304E3A0BED05CC11A811B865001769507FC01ADC611F400CF68C7B093606E30F3C7E0F00C1D10C31951C1E2D7252181DA00345842A19130715C736EC9ECE686A712FDB31E4D3E50AB336E5666D7B212C0113C4A4406029709B43D0228F3FBAF49921B19CA0C82A2D5BC4A2079809240
311
F37D3E10F9637607C3983F0458508A98B8B4EFC92AC13530180CF55359500080061DF59B98BB3FEACEE881DC8127F182A885A86FB12B43C590A4380504E32305E3148BBEEB2D2782029765428092545BA5C2C681FC5F8E869C0EE1034A822FF09A12C94084505AA868080303473F8161F7AA0A6610745E280BE4427FB77010
311
6F8800EADABA19F453210435BDB2348471B13B65F2FCB554827632C4C44467333E4127095D22092ED492009930413251B5408345065065E415266E20279A40B3F520370BE2050C8360E6BB4601C1673B9BFE007EF5200B6483CD195400A783E6DEA0653515B0FCE8E86D1618FC1EFC15C2E727F24F2A2DAB57326D8D0877D4
311
E298894E7A0C3C7D9CE8A0E2D17AA2020FA1097D6372F2A9F955060FDD467AD0426368C24A8340FD0D6687A76316DEF5179ED9042005A2BF02A5DD810A4DEFA4A8F700EFC50FF4FB8C06410F0303C106ADF8852ACC6A2CA9046E9ED070739339857222CC009E206479886EA26227BF7A341A15C351A8404A6C10080A2140FA
311
4B4E8D9B9A11645899332363FD69887F436A660566964250FD752E787B64BCF8E6C8190DF8EA0C854C062D8A5A1346F810414313E606ECA0AC3A01D6928544029D5F42E202C0CB386F880F7842A31287061F32F3CBE09F2950783394F2F2B23D85386C6F51943E99DD10C8A0000BA9569A14805693274BD0E4F4DC3F28E331
311
EEA91C4F33ABE057889BFB92819187840A08E57A276A8BFCB75B0342668C70C565C8059996D209C2800941A21FB82B2F520BC2E6FE6F1A8827043DE17000DACC8193E78BBB8DF1467978C06F6AFE986123E3A95272CAC122046F4C65C4B88FED2F1CD1D918F7CDBF8903BF1A90057D42F4DC133AF804ACBB58446A0DB78806
311
FC053FA1E45D0AF1112613CC0DD976C5E70AD3282F42725C0D02AC8588DE451B1C01ABF063E7748A3882F0DD484BB78D037F9812240EB88B6034C0AD53E5116D4C6D920C6A89F084E6D0598AD7EB6930CC7B293E27A666E5CDFE9A3FA52FEB3C97976FDAAE9A60008FCA6B33099CF9880D35D419FC687D424378E3099441E1
311
10C5B3C6DC311E6653514A67A530D863326C4D8430E0C28024803B5B069B0E60C10EDB6DF087034171DF01F1F3404B27B1056D8C0E56E7CA6056E7798147BE4C2F01CED5987E413AC6A724876DE3F599E0601CE7B9CEF3BEB3671E12DCE8AF9631B8031D3F360B6955DC2342B2A0E4632A00264C0DA002220CFEC3E10D9BAD
311
C8904D88DC51928593AA16C91DF6FFF82B3234404C7214D0F8608E0052283EFB2B0563F1D072936C4017706010BCF1B16CDE0C1FA9C777E44E1F5259B0C9BBC8794A82A6C182A3AF56B16921405351FDDC91B5BAAA617860E8D76C97C377FE701A4EB4378FA97C2C8E3CC8950886C6FD93AF70A1F5F676B7ED16CBC56AF5D0
311
9110EEB8607CC08A795882358280DDB98AFFE7087C6EB593D62F041CDB4018935238E73F1098100D0C8769818F777057F64C703C6530E142FDF5C837AE1CF66C94C4887D3A3726AB990DEA248F73B5D32C8E04F6714B1E67C53FC52040252E605B322407CBF8C7F05453462A295ABF4D95592DDD76AC23512E9A2DF964715C
311
80DD752CA8E263AC36F02C3C28A133EB22AC8D099BDEFDE28C3E8FFEE3815D5D00C17C00511058354D62443C1A546280E43572A9C661A34FA5891F8E7570608C8DF21DF51DF9D2A84D4501F41B8CD4F4C9DEB2F901E810C0E4CEB6EC08DFB06341C864CF8D0EEE779A606545E1E64AAF30A4324C20FDD3BD558BD966BA994F
311
A915CD162B1978642AD01694E533EC190368A68234657085B5F88E27A0805E04B8BB6A00A51646EE3C10A50FF007FF410F1963CA69BE2002F0F902E701AEC995FD41F83A3F0C3809A3288A083003A6CC2A20E6D703EE48E3777AC07ADD51EB6101603A9FCF17B3D5928F6D742EE7E4CF38AE2B03C5FB39C81D7B2978FAFE85
311
AF3D2710B0582C970F0FEB0E4D1103B8BE2B4D560CA10002FC8F334C891C07B44FE06B2E3ACE5E1E2D1FC32203110ABF9CA0E8381F68EC3C06701328E5A38278A5FCD944CEA5283DA933DF2A2448BD23F1C5D8BE04CC2DC3B43B3EEC29F8B5FF926D11D3E97EBF7FA1BD1E5E5F5FE6D3D972F548547783146ECD84873F377C
311
5820F7F9FCE5E07378D6CBCB7E036DF7F7104079A05B77C6942D1BA95D47424BFC3DB6411009A42E207871B7EE9B06614BBD20F22F7523FB985F3F7068E37600273A3ED0C1CCC380F6EC4AF01CC1CF95E4848B7BF950AD14C44F10460221E02D21D01DAE800F323704C00035DFE97CB37F797D3D1C0E4FBF35EE1E5E9E0E87
311
9FBF3DF6F474780A01FB3DAF01FE0C0798218007C2090A3008BA7682A338F4A8804A06CBFE6A80CEC766F49853F15B2F45FCEA3F8250012841315016E75E797EFEEC4ACA6C79F515CF1738F7C36E2406071051043817C9E8C5888D49D0332E800062FF54FA562BF7446CC0BFDFBF8603D1FEFCC9F7FFB5A7F000430755C2D3
311
F72F2D02A022820897ABDD44594475BDCCA4A10AF34C06B08B4AB58BBFAE30999DC66C7CE903A83CF8EB006EEEAA063430F84B05F0ECF644825F5E95073870E72A0771AB89B080022A0C5A9FAF34C89286257FB7BEA000EC65B59750C68E0815B0D9834B15606328F80709DE09018AC2A7817F83F96DB3D562C10A0A313002
311
30CD4200B87F85808BAF64D04600254047F9C14DE93464009E7F5AABB4FDD6D55142A2C0BF1541FCE19C20C899BF4F76AB54B84CB97F88F48ECC029FD253F0C70DF4816B9AC94BCBD653B1A283C4001A0337955E4AFED3FB790B6B1F5EA0B5514074103A38D84280EE0F5F9BE974EAB2D16AB1EA969684B6E4166CA28264B3
311
00474C7308D20013B204A65F82970718D05678B3315D442E1C0A327E2F56556040C005D2FAB1326A68A07507C9E46A3648555A7080F5F50219A00E6222E3E0862CE95B5680930530742F1D041805E69B788161F015944D041182B861A2C17F3AF01CF5BFDF6C343F9171F5B004BF59C016719164B888EA206A02AD05E8464D
311
06B48E4381A0E9345FD171625AC22198F57C003BEA5510F81FF78D31C9B033D0030000000049454E44AE426082504B0304140006080800787E8A5B28BB58AF800100009E0500003D00000039423038373242342D443139372D344544342D384146452D4541373241353635414536322F536368656D61732F436F6D6D6F6E53
311
6368656D612E786D6CBD544D4FC23018BEFB2B96DE15493C78601010A34B880709DEDFB52FD0D8B54BD70DF6EFED3AC0B12E6442E2716BFB3CEFF3D18E26FB440405EA8C2B1992E1C323095052C5B8DC842437EBFB673219DF8DA659866649B798C078B48AE6410122242F2A4994AC7F93815DF85C049C8564CA0A901499DD
311
886B2EB9B1E02448F358701A9235880C49A0119892A20C89D1B9FD768815CAD268CB5E0355B40B1E47F3E37A2020464BED06AA57CE8FCC20C3C3446D46761A2632A8C1283D07031EFF2AE7CCB1BFEEE916E406DFAC8E36FFD99A9D60A6944090EEDC3B670C7DC13DE86B6B2C5C240D6E503BB85ACD579D513F1B9F9A69DC9C
311
C22AFA80C426D40AF0B21EA168559156B6276F0F726A6BFF04DCD513A87A62CAD41FB24FCB2858B3952E3D852084DA25B9303C15687973CC8E8AAE11DF2836C38C6A9E765E8C1BA1BFB1DC29CDFE518C8B5A7655A4ED7E77291ABEB80DBD82EC866ADE1B8D05AF9E35CF09D7A061F38A986D9EC412B8F0F65E5D81534D9B23
311
1D1E5A8FE577A241F3A5FD01504B0304140006080800787E8A5B670136ADA9040000B41400003E00000039423038373242342D443139372D344544342D384146452D4541373241353635414536322F536368656D61732F47656E65726963536368656D612E786D6CDD586D6FE3360CFEBE5F21F87BD3245B0E2D90F4905CD1
311
2E1F8A0CCDF5BE0A8AAC24DAE417C872DAECD78FD48BE3D44EE3B5C3E16E010EE75A34C5877C48911A7F7E4914D9095DC82C9D44835E3F2222E5592CD3CD242ACDFAE22AFA7CF3CB785A14C22CF95624EC66FC34BF253BA626D1BD488596DCBD8F2E6FC6335608B7F428D258E807664080A98384D9E75E22F16B2CCF05D32C
311
E502359492C878124DE31DBE89612BB196A934605E44F272A5249F446BA60A11112D589CA56A3F898C2EE16F6B136C595C7AC3C2FF076D3D808BDBC824572211A961A8D96E393F7AF5806BEA91EDDFB1ABFB769EB08DE8BCDFE27EF98E9DE0ABCE3BFCA1C54E8AE777ECE2BFFC92A94C87EDE6A9111BA1ADE75C74BF391275
311
D33FAAC5FABF89F1D33C9836CB3225980B2A479BE96A4FB3D59F821BCF11CF1FC55602586C7191D99E2C9C0CF2B8A662E3484E59466361985485D7E248E7953C01F19DA23B9D256461B6E09C40FF02D1DEA98C19EBAFBA4659184B7D47DEDF22E2F53DB017721B164F5B845961697F0C699AAC2410982C385725A6361A500F
311
59CD848221F103A8C1A7CA84A55F407794695C905C688E69B111550ACA946B9B4785FC1BDE0E229240B62665328986D5B32C400CEDD88188F35AC25EBCD40836F47F35E5C0EA4B6F767B50568CFFB5665C505E2AD5EA8A9997205F50A2350EAB32C9294B0024108429953DF32C4D812E226658F78A490408362A94987E6F78
311
7DFCBBBABAAEDC36758ADEE9B58B41BF0F35D87BB1E991E02BF0B513748E6C0AA2EB2CE56EC68E97585643D82DE284E51DE03E4E22B00738761F1E66E1616A03EE093B0327B6BB9797262B0DCD72C6A5817ADAC1C3C0A3909CF6639B404D18B15CAF4B3C09CEAA4414BD5F0723F059ED37048E7A64271711EDC9C5230F58FB
311
DA5DE00DA512CF04BA6671A0D201A83D2EC81D2EB552C7E5CD1BF9D6913567B2CD53A659AC362A2B200B440195E2ACBBD167A32A86F7874F7F00686DB55D163481DADE5E417E979BAD827FC6B2B0AD8A6AB1567038E466EB4B10C4C2F3F71196A09260938125FDAB8662456EAD68AB2F7C1DFF709C874887B76A4355564F01
311
7256531BF73D7D754A40E23401DA38EFC907CF8D8E3C1E5E7505D8E432C60BE1EDA01E5166683F169B6EAC6EC046153F66C2BE0679FD3F407982ABFA28F92E0E457501938D96B12090869079360D3F947CA8BBC3D9FCE1ECF3C676C9BE80EB67CABE004FC290F8E26BE6A0371AD6CE66781C408A1FAA8CFFA63DD93A94CD5E
311
1F3BA6A3DFB05B34E1247BB3949E3C332105035203136EA14AE89FF99E3E0B3C4EFE65C581A3A3D2D0EE84EFDB22B49DA31A07059E69B81628A8ED1228B63E42C3D840C3C01F460D1F331FE199821B03F22CCDB6DBF074B49566B12C3B3626074EA1B130B4596BDBFBB642A835954A9509E5769234228129889952870EEE13
311
F494954AD7A27EAD09411BDEEC5B6B6AD752C11509F826EF4007E86281B1AE63750FD09DBA87A34EF4CE2A75F3E85960004EA6B519F4806609E8C91CD18380BD81691D9F2CB5730631E6DDBAFBC30E96D3E1D3D67EE8FB72BAD92AD4C1FD3CEDFBD2681858ED6583CA3853294B80AF67AECFAC6418D08164D5FD1E52E8B546
311
BCC77B87C6E9D1655FFD384FB26A28AADD82E04B9C64EBF78FFF00504B0304140006080800787E8A5B8DFFFC99640100009B0300004500000039423038373242342D443139372D344544342D384146452D4541373241353635414536322F536368656D61732F52656E6465724D6174657269616C536368656D612E786D6CA5
311
535D6BC230147DDFAF08799F5FDB600FADA20EA430D968A7AF12D36B1B481349529DFF7EF9A85A718860DFDA73EFB987734EA3D16FC5D10E946652C4B8DFE9610482CA9C8922C6B5D93CBFE3D1F0291A6B0D26A3255464182D920FB4233CC629881CD49C18508CF000E3EE309A100D61622AAB4A8A33B2483F11CB639C545B
311
0E1508438C3D3C0361192846DB7ACD198DF186700D182920B914FC1063A36AFBEE8FBA03FFD3CC1D1F4FC9E151A2AF59F628C5B7821D83FDFD3489305080F2EE04BF962195FB285E9D2DD352320A9E827AE357594914E42B1F5FE35F83688F60C4C91A6C946ED0668E8F244BC2EB0BA6E3BCCFC0B6A4B507F9F9F8D51EB315
311
D9BA9E08D308E89F96931666E577837E2B4172199C68C4FE306156D47DF51C698C7B9D97FE5BEFE2190C3C38BB054E6E8163FB039CB4B993C80BF18D969203116D6BBD26238B821F9BB909AD6D9C71B85BCD8C33D66FEA3D31B4BC0AD45BEA46BBEDDFEC0F504B0304140006080800787E8A5B4C9923205100000057000000
311
4700000039423038373242342D443139372D344544342D384146452D4541373241353635414536322F4173736574446174612F41737365745461626C654F66436F6E74656E74732E62696E536160607074323032733236D235727633D335B13475D375323036D67532363336747372737231301502AACB4D2C492DCA4CCC49
311
2C28484D2C4ACC4B4E050A82012F90744FCD03CA26072767A4E6260200504B0304140006080800787E8A5BC55C663656000000680000004500000039423038373242342D443139372D344544342D384146452D4541373241353635414536322F4173736574446174612F53747265616D56657273696F6E5461626C652E696E
311
665D8CBD0A80300C06F73E4B29FE6CDD8A2E82A083B8B7F209014925C9FBA3AEAEC7DD2555D896CB85E51C2A1BD834F6A1F56EC4494C4695278364ABB24ABD2146F88CCEBB89D5321FF8F3F43D672A3B44DF3CB6A1710F504B0304140006080800787E8A5BB157F19F37010000A20400003600000039423038373242342D44
311
3139372D344544342D384146452D4541373241353635414536322F4173736574446174612F636E782E786D6CCD94314FC3301085FF4A648931761251092AC71582A51348540C6C57E7D25A75ECC8BE20F8F7D86D0650115387AEA7EFEE9E9FFC4EAE3E075B7C6088C6BB96D5BC62053AED3BE3762D9BA82FEF58B15232784F
311
3F30563818B065B9CC94DC053F8D73A9C31E269BABD6B8C35C7C881169035B8BCFFDA377848E222BB485185B16F51E07E03091EF301E780704BCE601A39F82C63489CC80F3241D10083BA69AAA59947553D6D5A65E2C17F5F2F6FE5D8A4C2AB9F5DECEBC49CB821F6F9A4A9FF6325549910125A760662ABF86A9BF54F2AD71
311
522452C94821B93277D0D7983A601CADD140C93CE1352195094218A438C14A8AECC22F2F9EB037CEE496759206E4C34B1288810C5EA127FFA9BDBC376B17099CC66B76E45CE3E57D783DFEA2B7532C8FB9B9BEB49C6BE4C6F517C88A389E93149D7C5DD437504B0304140006080800787E8A5B113A9388E700000060010000
311
6700000039423038373242342D443139372D344544342D384146452D4541373241353635414536322F5265736F75726365732F41423032364233322D324346362D343935462D423033332D4233363331464246424430352F7468756D626E61696C2F302F636E782E786D6C4D90C16EC4200C447F2542EA3121445DA95D39EC
311
4FECA9978A126F8A966004A66AFFBED072D8D358E327CB3370F93EFCF085293B0AAB50D32C060C963617F65514BE8D2F62B8684844FC808921980357D16CA1614F5462B736BC99E29BEB5DB87773C780C9D9F7187631586F725E45B69F7898C914A60DF37DDA0C9B494D09339564B11E6077603F60131AC64DE8655E4EA35A
311
46355FD5E97C52E7E7D737908DD4F041E43BEF0263A2F8B4CC96EA18EA3F33C8066828C975AA8510FAE1399075A92173AAF93BC43FB1422646EFACE15A9324CBC86385D01C20FF610DB2E5ADF25746D5D68DFE05504B0304140006080800787E8A5BA233C2345D000000800000006500000039423038373242342D44313937
311
2D344544342D384146452D4541373241353635414536322F5265736F75726365732F41423032364233322D324346362D343935462D423033332D4233363331464246424430352F7468756D626E61696C2F636E782E786D6C4D8B490E80201004BF42E6EE76F3C0F216234B883063108CCF170C074F95AE5473F5C4C06E932E
311
4F28601967600677D21E9D8092EDB002539227A2FCCB80E1168D80A6417297A89C5D6963B7129A0D1E8F2EE73AA7B62BBEB8B27DE50B504B0304140006080800787E8A5BBE89762363000000880000005B00000039423038373242342D443139372D344544342D384146452D4541373241353635414536322F5265736F7572
311
6365732F41423032364233322D324346362D343935462D423033332D4233363331464246424430352F636E782E786D6C4DCC3B0E80201004D0AB90EDFD75167CCE820A4A845D83603CBE602CAC26799919AEEEE0D965E2E908050C6D0FCCE04C8BC355404EB6198129C92351FAD580A10E464065907C8D948F8F166375F655
311
BDC3FDC3B4E530A176BE7057BDC43B2A593FE403504B0304140006080800787E8A5B855D6E897E000000A30000003600000039423038373242342D443139372D344544342D384146452D4541373241353635414536322F5265736F75726365732F636E782E786D6C4D8CD10AC22018465F45FE7BCB699382E9E82F7C8FD1DC
311
909C0E9BD1E3A7B18BAE3E387CE774FD67F1E46DD3CBC5A0A0393020363CE2E8C2AC206F133D03E9759762DCFE6E40C2B058051583EEE614F3BAA3D14E43F6957A179E3BBC22E31205A7FC66243D5D5A439109415148D1183478676D318E5529F3EB95AD79FD05504B0304140006080800787E8A5BA6FCD01E0B0100005503
311
00003400000039423038373242342D443139372D344544342D384146452D4541373241353635414536322F536368656D61732F636E782E786D6CCD93BD4E042114855F65426239CC307112DD306C616165A35676087777C90277C28FD1B717568ADDC44E8BEDE0E4CBCD39072EDF7E3ADB7D408806FD42181D49075EA1367E
311
BF909C76FD1DE9B68207C4748691CE4B070BA932117C1F30AF4DD2B093D956D51A7F6CE2033A87FE451DC049D2292B635C483C5DA9CC0935C423D53249CA688088392828139271D026A800328126621AA7B96753CFC657366F66B6B9BD7FE34325057F47B48D373E41C0F5661A1596A32F86463E5440F01C4CA36A0A22CEDD
311
D1D2071F0A21784CA1B4D0C8F4B51652AEAB354AA652D670027F18C1871AF622F2237808465D6BE60B7BFF16FA19BC86F0545E2A1869AF35FB6F2EFF56C170DA80F20DEA42886F504B0304140006080800787E8A5BE3603EBE7A000000C20000002C00000039423038373242342D443139372D344544342D384146452D4541
311
373241353635414536322F636E782E786D6C6DCD410EC2201085E1AB90D9DBEACE05D09878023D01A1D34A8419C380F1F82DA68B9AB8FDFEC93C3D7C52546FCC12980C9CBA232824CF63A0D9402DD3E10C6AB03A3397DD192872090D3406ABE7CCF5B5D18893ABB1690CF4DCF02282E5EA8A5BB96FFE536F285CB347F95BEF
311
FE81C9ED5AFF9D5B1FB575BB00504B0304140006080800787E8A5BE1EE09B77E000000A300000007000000636E782E786D6C4D8CD10A832018465F45FE7BB7124B03358CDC7BC4B290950E97638F3F1D5DECEA83C3778EE83FFB86DE36BE5CF012EA4B05C8FA7B989D5F25A463C11C50AF440CE1F8BB01F2D36E25140C4AAC
311
31A4E78966BB4C692B7473FE71C26EA8382303C563DD314CCD4831D737838D6644376DA34D4BB2712D4A9E5F2F6FC9AB2F504B0304140006080800787E8A5BCA1DF9C9A900000073010000130000005B436F6E74656E745F54797065735D2E786D6CA590410EC2300C04BF12E5DEBA70400835E500FC800F84E0B411AD1325
311
2E2ABF27A55740421CEDDDD9B55CEFA7A117778CC979527255565220197F75D42A39B22DB652EC9BFAFC089844F65252B2630E3B80643A1C742A7D40CA8AF571D09CC7D842D0E6A65B8475556DC07862242E78CE904D7D44ABC79EC569CAEBA537E3521C16DF5CA5A40EA17746733E0B6615DE7217475F386F18B9481C510F
311
1F021CD9FF027EA0E1F5C4E609504B0304140006080800787E8A5B3DEE336E64000000790000001B0000006175746F6465736B2D64657369676E2D7061636B6167652E786D6C35CBC10E83200C00D05F21DCA56CA76D41FC96062B120735B69A7DBE268BB7777961F8D5AF396893C2ADB70FE7ADA196782C2DF776D7A97B59
311
33C430F15651E5469C55D70F80A4992A3ADC954792C525AE70A1E4D6AD9816CC044FEFDF01FE3FDE907802504B0304140006080800787E8A5B40570930F9000000960100003700000039423038373242342D443139372D344544342D384146452D4541373241353635414536322F4173736574446174612F636F72652E786D
311
6C8550CB6E833010FC15B47703E62512194794862FE8A937CB76A89560233FAA7E7EED40A5F6D4D3AE66676677875CBED647F629AD53460F80F31232A9B9114A2F03047F433D64174AAC31FE170D32CD563940828192C59AB01D1037DA4B9D506D843C40E69CF490F1476C0670FC43AE2C67C14786BBE71BE377B6C81CE73B
311
8F92109438A44A44377553D2029DAE5D3D37638FA653D5A366EA301AAF5D8BDA7AAE5F4E7387CBBA24451253E2D5FAB39D5BC9BC1440ABB26A11AE102EDF707B6EF1B939BD9322312971DEC69F8FA5E93BA063BAFA9579468A7DFAC7356CE27FD7A0B4AFABC3755738A0381EF91C5052A494627946186B4A947E03504B0304
311
140006080800787E8A5B85460C79F30000008E0100006800000039423038373242342D443139372D344544342D384146452D4541373241353635414536322F5265736F75726365732F41423032364233322D324346362D343935462D423033332D4233363331464246424430352F7468756D626E61696C2F302F636F72652E
311
786D6C8550CB6E833010FC15B47703E625888CA314852FE8A937CB76889560233FAA7E7EED40A5F6D4D3AE66676677879CBFD667F629AD53468F80F31232A9B9114A2F23047F433D64674AAC31FE170D32CD563942828192C59AB01D1037DA4B9D506D843C40E69CF490F1676C4670FC2E5796B3E023C33DF28DF1075B648E
311
F39D4749084A1C5225A29BBA2969814ED7AE9E9B4B8FA6A1EA513375185DAE5D8BDA7AAEDF86B9C3655D92228929F16AFDD9CEAD645E0AA05559B508570897EFB83DB5F8D40C1FA4484C4A9CB7F1E76369FA0E68F4DAD13F6E6113FFBB05A57D5D1D6EBBC201C5F1B8D7809222A513CB2BBA585392F41B504B030414000608
311
0800787E8A5B20993832FA000000960100006600000039423038373242342D443139372D344544342D384146452D4541373241353635414536322F5265736F75726365732F41423032364233322D324346362D343935462D423033332D4233363331464246424430352F7468756D626E61696C2F636F72652E786D6C8550CB
311
6E833010FC15B47703E625888CA304852FE8A937D738C40AD8C88FAA9F5F3B50A93DF5B4ABD999D9DD21E7AF75493E85B152AB1E709A432214D79354730FDEDD510BC99912A3B5FB458344B155F41061A06436DA6F07C4B572424554E9491C20B3563848F8129A1E2C7F8895A5CCBBC0B0CF7463FCC96691E274E751E2BD9C
311
0EA99C829BBC4B61800EB7A61CAB4B8B86AE68513534185D6E4D8DEA722CAFDDD8E0BCCC4916C59438B9FE6CE746302726A0455ED4081708E76FB83ED5F85475EF248B4C4AAC33E1E76369FC0EA87BF8F54331B9906C9FFE71F5DBF4BFAB97CA95C5E1BA2B2C501C8E7C0D28C9624AA1BC220C35264ABF01504B0304140006
311
080800787E8A5B0F70079A0D010000B10100005C00000039423038373242342D443139372D344544342D384146452D4541373241353635414536322F5265736F75726365732F41423032364233322D324346362D343935462D423033332D4233363331464246424430352F636F72652E786D6C85904D6EC3201484AF62B1C7
311
E6C7A038C244C10D27E8AA3BCB26094A0C9181AAC72F24AED4AEBA7A6898E1E38D387C2DF7EAD3ACC17AD7035C23501937F9D9BA4B0F523CC31DA80E52ACDEC75F3650B971313D283290E2B2FAF4D8A4C9BB685C519D9FCD268E219808AAE99E0F3D08D3D52C633DA6981DE1563FC6E9365E4C8DEB974F8A94ECBC45ED9C5F
311
B3676B56208713A7BA3DEEE0D0911D6C078EE1F1C419645453D5698E1145A2296129A25D7EE8D36AC668662009220C6202317AC76CCFF0BEED3E44539C5284B8E69D3768D90EC8A342842B4A201934876DC734548852A828A7582BADDE1013CD2BF807981EF3FFC0645DA46403BE1201489CFFFFBC90A22905E6F16C37CF52
311
B6FC06504B0304140006080800787E8A5BD40B6E6DFA000000960100003700000039423038373242342D443139372D344544342D384146452D4541373241353635414536322F5265736F75726365732F636F72652E786D6C8550CB6E833010FC15B47703E625888CA314850FA87AEACD329BD44AB0233FAA7E7EED40A5F6D4
311
D3AE66676677871DBFD67BF689D629A347A07909196A6916A5AF23047F213D6447CEAC31FE170D322D561C21C1C0D9D59AF0D82169B4479D506D16DC41E11C7AC8E43D362338F981ABC845F091E16EF943C89BB8624EF38DC759086AD9A56A896EEAA2D0029FCE5D3D37A79E4C43D59366EA28399DBB96B4F55CBF0C7347CB
311
BA64451273E6D5FAB35D5A141E17E05559B5845684966FB43DB4F4D00CEFAC484CCE9CB7F1E77D69FA0EF82B3A13AC44C78A6DFAC7353C96FF5D83D2BEAE76D74DE180D378E473C05991528AE51961AC2951FE0D504B0304140006080800787E8A5BC0DFF2DEF7000000940100003500000039423038373242342D44313937
311
2D344544342D384146452D4541373241353635414536322F536368656D61732F636F72652E786D6C8550CB6E833010FC15B47703E625121947290A3FD09E7AB36C875A0936F2A3EAE7D7062AB5A79E76353B33BB3BE4F2B53CB34F699D327A009C979049CD8D507A1E20F83BEA21BB50628DF1BF689069B6C801120C94CCD6
311
84F580B8D15EEA846A23E40132E7A4878C3F633380E31F7261390B3E32DC235F197FB059E638DF799484A0C4215522BAA9BB9216E878EBEAA9B9F6683C553D6AC60EA3EBAD6B515B4FF5CB69EA705997A448624ABC5A7EB6732B9997026855562DC215C2E51B6ECF2D3E37A77752242625CEDBF8F3B1347D07F475BBD39162
311
9FFDF10CABF8DF3328EDEBEAF0DC150E288E276E034A8A94512C5B80B1A63CE937504B0304140006080800787E8A5B71D13E9E03010000D80100002D00000039423038373242342D443139372D344544342D384146452D4541373241353635414536322F636F72652E786D6C9591C172832010865FC5D93B2A44A3C9201933
311
B14FD0536F543686490447B0D3C72F543B6D6FED09E6E7FB77F977F9E97D7C246F383B6D4D0334CD2141D35BA5CDD0C0E2AFA486E424F86CADFF814162E4880D4419041F66BB4C9BD45BE3D144D558859B289D430F49FF0897065C7FC351A672F18170F77492FD5D0E98D274E504F77AFCB2F6334A8F0A04CB59492823347F
311
A6E5B1A4C7E2F0C2B3480ABE68E3776C6B86E32BAAC44E3E440251EE78B63E076CD16A83B40A9FD4578D3388C339AF2B762EC8851E2A52749782D4ED5347BAB6626DB92FDB6ECF42916016DCF9398C662B1287F057FB6AFC156D99D43FA3AD0E07827E87CAE29C05CF3E9710CEB813F101504B0304140006080800787E8A5B
311
11CD9CCC06010000B201000008000000636F72652E786D6C8D50CB6E842014FD1572F7A8F88A4E90C9D48C5FD0557754184B46C1004EDABF2F8C3669775D5D72EE7971E9F97399D1435AA78CEE80241920A94723949E3AD8FC0D3780CE8C5A63FC2F1A20CD17D9418481D1C99A6D3DA0D1682F7544B511F200B973D2031AE7
311
F0E8C08D1F72E109DF7C60B87BB2F2F1CE27999064E731EAD5F2231DADE45E0A6079965798E49864AFA43A55E454B66F348D4C46B74D89234A8990AE6E4A5A60FDB52E86F2D2E0BECD1B5CF635C1976B5DE1AA188A9776A8495664348D62469DB7E1CF8749E8E991E38F984BD37DC5E8BB31F34108A504327AFE02161CE2E2
311
4FE96D15FF28ADB42FF2C37057386024147A2E4270BC6018CFF38619AFCDBE01504B01021400140006080800787E8A5B523173C0F7000000A80100004F000000000000000000000000000000000039423038373242342D443139372D344544342D384146452D4541373241353635414536322F4173736574446174612F4465
311
66696E6974696F6E4974657261746F7250726F706572746965732E62696E504B01021400140006080800787E8A5B68C1B18AFE0000003002000045000000000000000000000000006401000039423038373242342D443139372D344544342D384146452D4541373241353635414536322F4173736574446174612F496E7374
311
616E636550726F706572746965732E62696E504B01021400140006080800787E8A5BB5A795FFE3790000DE7900006B00000000000000000000000000C502000039423038373242342D443139372D344544342D384146452D4541373241353635414536322F5265736F75726365732F41423032364233322D324346362D3439
311
35462D423033332D4233363331464246424430352F7468756D626E61696C2F302F67656E657269635F706E67504B01021400140006080800787E8A5B28BB58AF800100009E0500003D00000000000000000000000000317D000039423038373242342D443139372D344544342D384146452D4541373241353635414536322F
311
536368656D61732F436F6D6D6F6E536368656D612E786D6C504B01021400140006080800787E8A5B670136ADA9040000B41400003E000000000000000000000000000C7F000039423038373242342D443139372D344544342D384146452D4541373241353635414536322F536368656D61732F47656E65726963536368656D
311
612E786D6C504B01021400140006080800787E8A5B8DFFFC99640100009B03000045000000000000000000000000001184000039423038373242342D443139372D344544342D384146452D4541373241353635414536322F536368656D61732F52656E6465724D6174657269616C536368656D612E786D6C504B0102140014
311
0006080800787E8A5B4C99232051000000570000004700000000000000000000000000D885000039423038373242342D443139372D344544342D384146452D4541373241353635414536322F4173736574446174612F41737365745461626C654F66436F6E74656E74732E62696E504B01021400140006080800787E8A5BC5
311
5C6636560000006800000045000000000000000000000000008E86000039423038373242342D443139372D344544342D384146452D4541373241353635414536322F4173736574446174612F53747265616D56657273696F6E5461626C652E696E66504B01021400140006080800787E8A5BB157F19F37010000A204000036
311
000000000000000000000000004787000039423038373242342D443139372D344544342D384146452D4541373241353635414536322F4173736574446174612F636E782E786D6C504B01021400140006080800787E8A5B113A9388E7000000600100006700000000000000000000000000D288000039423038373242342D44
311
3139372D344544342D384146452D4541373241353635414536322F5265736F75726365732F41423032364233322D324346362D343935462D423033332D4233363331464246424430352F7468756D626E61696C2F302F636E782E786D6C504B01021400140006080800787E8A5BA233C2345D00000080000000650000000000
311
00000000000000003E8A000039423038373242342D443139372D344544342D384146452D4541373241353635414536322F5265736F75726365732F41423032364233322D324346362D343935462D423033332D4233363331464246424430352F7468756D626E61696C2F636E782E786D6C504B01021400140006080800787E
311
8A5BBE89762363000000880000005B000000000000000000000000001E8B000039423038373242342D443139372D344544342D384146452D4541373241353635414536322F5265736F75726365732F41423032364233322D324346362D343935462D423033332D4233363331464246424430352F636E782E786D6C504B0102
311
1400140006080800787E8A5B855D6E897E000000A30000003600000000000000000000000000FA8B000039423038373242342D443139372D344544342D384146452D4541373241353635414536322F5265736F75726365732F636E782E786D6C504B01021400140006080800787E8A5BA6FCD01E0B01000055030000340000
311
0000000000000000000000CC8C000039423038373242342D443139372D344544342D384146452D4541373241353635414536322F536368656D61732F636E782E786D6C504B01021400140006080800787E8A5BE3603EBE7A000000C20000002C00000000000000000000000000298E000039423038373242342D443139372D
311
344544342D384146452D4541373241353635414536322F636E782E786D6C504B01021400140006080800787E8A5BE1EE09B77E000000A30000000700000000000000000000000000ED8E0000636E782E786D6C504B01021400140006080800787E8A5BCA1DF9C9A9000000730100001300000000000000000000000000908F
311
00005B436F6E74656E745F54797065735D2E786D6C504B01021400140006080800787E8A5B3DEE336E64000000790000001B000000000000000000000000006A9000006175746F6465736B2D64657369676E2D7061636B6167652E786D6C504B01021400140006080800787E8A5B40570930F9000000960100003700000000
311
0000000000000000000791000039423038373242342D443139372D344544342D384146452D4541373241353635414536322F4173736574446174612F636F72652E786D6C504B01021400140006080800787E8A5B85460C79F30000008E01000068000000000000000000000000005592000039423038373242342D44313937
311
2D344544342D384146452D4541373241353635414536322F5265736F75726365732F41423032364233322D324346362D343935462D423033332D4233363331464246424430352F7468756D626E61696C2F302F636F72652E786D6C504B01021400140006080800787E8A5B20993832FA000000960100006600000000000000
311
000000000000CE93000039423038373242342D443139372D344544342D384146452D4541373241353635414536322F5265736F75726365732F41423032364233322D324346362D343935462D423033332D4233363331464246424430352F7468756D626E61696C2F636F72652E786D6C504B01021400140006080800787E8A
311
5B0F70079A0D010000B10100005C000000000000000000000000004C95000039423038373242342D443139372D344544342D384146452D4541373241353635414536322F5265736F75726365732F41423032364233322D324346362D343935462D423033332D4233363331464246424430352F636F72652E786D6C504B0102
311
1400140006080800787E8A5BD40B6E6DFA000000960100003700000000000000000000000000D396000039423038373242342D443139372D344544342D384146452D4541373241353635414536322F5265736F75726365732F636F72652E786D6C504B01021400140006080800787E8A5BC0DFF2DEF7000000940100003500
311
0000000000000000000000002298000039423038373242342D443139372D344544342D384146452D4541373241353635414536322F536368656D61732F636F72652E786D6C504B01021400140006080800787E8A5B71D13E9E03010000D80100002D000000000000000000000000006C99000039423038373242342D443139
311
372D344544342D384146452D4541373241353635414536322F636F72652E786D6C504B01021400140006080800787E8A5B11CD9CCC06010000B20100000800000000000000000000000000BA9A0000636F72652E786D6C504B0506000000001A001A00210B0000E69B00000000
310
504B0304140006080800787E8A5B000000000000000000000000370000006662782F30354544383846362D343038322D343544452D384538452D3634324636413442454446362F617474726962757465732E62696E504B0304140006080800787E8A5B000000000000000000000000350000006662782F3035454438384636
310
2D343038322D343544452D384538452D3634324636413442454446362F76657274696365732E62696E504B0304140006080800787E8A5BF270F1330600000004000000360000006662782F30354544383846362D343038322D343544452D384538452D3634324636413442454446362F747269616E676C65732E62696E6366
310
60600000504B0304140006080800787E8A5BB5A795FFE3790000DE790000420000006662782F30354544383846362D343038322D343544452D384538452D3634324636413442454446362F7265736F75726365732F322F305F67656E657269632E706E6701DE79218689504E470D0A1A0A0000000D49484452000001000000
310
010008030000006BAC58540000000467414D410000B18F0BFC6105000000017352474200AECE1CE900000192504C5445818181B3B3B35A5A5A4848486060605C5C5C6464648383835E5E5E6262624E4E4EAFAFAF4A4A4AB5B5B54C4C4CB1B1B1858585B7B7B7585858ADADAD7C7C7C464646787878ABABAB747474A7A7A768
310
6868707070B9B9B96E6E6E6A6A6A8B8B8B666666545454565656A5A5A5505050A1A1A1BBBBBB8F8F8F9F9F9F4242425252527676764040403E3E3E9B9B9B7A7A7A8989897E7E7E9393939797974444448787873C3C3C727272BDBDBD3A3A3A6C6C6CA9A9A9A3A3A32020209D9D9DBFBFBF8D8D8D9595959191912626269999
310
992222222424241E1E1EC1C1C1282828C3C3C32C2C2C2A2A2A2E2E2E303030C5C5C53232321C1C1C363636383838343434C7C7C71A1A1A0E0E0E121212484A484C4E4C1616160A0A0A4A4C4A787A781414147C7E7C9193915E605E464846838583878987B1B3B18587856668665A5C5A626462818381A7A7A5A3A3A1B1B1AF
310
ADAFAD7072705C5E5C9D9D9BABADAB7E817EB7B9B7585A58BBBDBB4C4C4A8D8F8D747674B5B5B3B7B7B59FA19F606260ABABA9A5A5A39B9B99A9A9A78F8F8D6C6C6AC7C7C5451AD12700002000494441547801DCBD89771BD7B5A70B8EE04C702641712605CE034890E220088028C93245451215B713AF388E7DFD9EEDB8DD
310
CE6ABFF4B57D97137BE50FEFEFDBA74049B6AEED74869B7E87404D2814EBB7F76F0F67A8835CEEBFA0E42B854AA5B2BB5B6BCC951A8D52A93657A914FE0BEEE39FFE2FF395B9B9C6CAD2D4C4606F4B7FFF8D1B37EEDCB97587F7CD9B4343BD134BABE7DB48E3FFA7A228ECD6F6574E4786C0FC8B5FFCE2CD5FFCE297BF7CF3
310
CD5FFC92B52FFE58BFF9E69B776E0EF5F79E55CBBBF9FC3F5D3DFFB07F5898ABAF7CDA3B74E74EC0CE20230561BF096E97E05712BFFCC59BC80539DCE83DDD6E54FE61B7747DE17FB8980BBBFB2BBD4337DF487881AAE6C5ACC6AF25207877B2B527BFF1CB3B77FA47561ABBD7F7FA7FE146A5B6BD74E3164C7F51449AE95D
310
B412200EC539418717E7F2F11B376FF62E95FEAF1442BED0581DBCA1BD2780D23F506AFA16E1A7AD974EF17876F00DD7BCB187A1A97AE51FCED5BF2BC1F2BBE5B3C19BE27B43CF26DE00933658FE129B109C2FFF922CC22C4260FA01BEFB462A77DEBC35F42F600C3F5B0795D2E9E02DAD5E650B4438A92801B65C35CBAB7B
310
1EE5041CE69D3B6F1822DFB873EBD6AD3B6FBC71EBC6C86AE967DFC2DFA4CEBFF1BF54F6276EBC114E2F43FEC60B01A0D440A868B2920E5C4BC10D60931ADCB871F3268B21D3851B08E1D6AD9BFD4BF57F7577909FAB86F29B982571136AF01DF5FE32AC3BD9406CAAF2440A54CF176EDD01FBADA1FEFEFE21FE4C9858DFF4
310
183458A9FD2B6708A5A5A137E0EE1D11A9EC0C7C58B2C73C0AD6B479BD76B7790CF899E287FA5B06FB7B07C9195B7851FA8794031EF1FC5F9406BBFB23375420286399B631E93B08022A785C4DBF9996EC3551874094D71B6F487E80F6837E50F483BDBDBD83232323AC420A18C68DA196EDDADF68A77F938F78FD972BABBD
310
B7B87FB164AC6FC2CB760365821ACB74AED44FFAD7E7431ECD7E08AC421F391D199998989A383D9D98E8E56F84A318C58D9BFD2DAB73FF5222C8EFAEF4DE7AF30D756E5108683DA471E70D0502099A7240F19E4089D3FD203E620F1B47BF43501E85031AE44B4B9F2E4D2D9D4D51D8970983FA861B3706FF950CA170DE82F6
310
B312CC4F42C8966295F7D725ED29882415DC055F36DEA1FE96FEC141493F05FAA9A9A5A595B333DED5B3D5A533F62183323032F46EFF13EA0AAFA5FBF7C8976F8C10F7280A014832593B90004D52341980D907EAEB73411EB2F1EBC9F507F92746C40E7AE0AFAE54292BAB2BAB67CAE0746264A277B06508168C94BF772BE9
310
765F7BF0B548FE1E07F3B5A521340A5CB5297C4B12811B89E82191ECF3E41B3259C529F135E23CF4C7F961FB13537F5A02ECCAEA76B5BA5D3D3FDF3F2FEFEFB3AA22053E5008833428DC6C59FA2F770595F311F235D427F379BB8A121BD901B96076A388DC4C3C61C7933CCCD770FF375A6E0CE9F535FE2534BF5ADD3E3FAF
310
D71BF57AA951B6D4CFEBFB8864758A26154430080B06ABFF557610ECC93726224F155D1471041E0D42F82F4891C926C1355B0831649FF365F46FF05300A7A790BD8ADEEB0D4AA9569A9BDBADCCD56AA55AE377F5F3F3EA2A34983A1DE91D810543138D7F28E57FF4E2B5335A3928B76EA1CB9B00BF158C8F63A2E788826896
310
D0B5E7C461949ECE089144F8EBEFC7FB4D8C9C4E9DAD60F7FBE572B416C2F2423ECF8B86C439E450DA970634ACFDA977629098D0B2FAF313A36B3869E37AF7853378CDA1171FBEBA95DF1E44FD5144A420588641B0055A79ED91CC0DC41E27064512FB33F1F04D09D0D2DF0203A646A6CECE80DF28356A348CED8C4F1EF137
310
B9319E1BCD29867CA556AA97F7B757567006A447FD375A26CAAFDED9CFDCFB2BB0BEEE8AA5911BC2C7F85DF88A3775389990AA72219D582409210F85A4E66F2987D875C30848023088FDF77E87F96FD7CBA5B9DCCEF4F4C9FC7C676777577B7B7B67E7ECCCE4E8DEE85E81A6D55AA3BC7FBEB242589CE8ED4770E785D7DDE2
310
3FF2587EBF57F50B9E820527316488E5C32D50F979BCA58207297E2B6D658702FFCD211840FE43FC9F3A5BAD9E97E6F21B9FCF16BBBB3A3A5A175B5B1787875B5B3B86DFEFFC687A72674F19D46A8DFDF3EACA59E405375ACE76FFA922C817CE86A89BDD92F400F2C55B7462F610459837D3A61ACF50C7471C8F2F2A9D38C3
310
DA2F068007F80EFCDBFBE5DCC674B1D83EBCBEB8BCBCBC3ED0D3D333D0B3DE33BCBEB0D8DA35FBF9F8CECE68AE020BCE61C112A4C1138CD47F9AD13F7DC6AB9CF9CFCFAF9D0E01FFE6CD503F5B91C5218E2899CA15098714848B04FCE5654884ABF0E554F11F6C21D73D5D5AADD64B7B9327DDAD8B0B7D7D6D6D07070763BC
310
0F3E38E8EB4310EBEB8BC3DDB347E3E37B5842B97C4E44A0C630427E5CFDFB71E03F471E12CA9FF70E055AE141042DD81234B879EB4606361D9328149037D7D76A571A7E974FA20AD0323832713AB5BA7ABE3B3E3D3FBC30307070B0B9B645D93C3CDC3CDCA41CFC6AAC2D64D0D579B4B1B397A7C1BDBEBD7D36657A3CD4B2
310
F44F4909F2B9CA597F4245C59DEC354316F0587020D0C661742BC02869435FD12CF195C422DB3C5A3E2305C000CE6B7B27ED8B7D63079B5B5B878787C787C7C7C757C76C51B60ED60EDAFA06D67B965B3B672677080BB5329E60E9B477847AE2E9EB53E35779FD37EFCD2D0DDD68AA355B6B0D81860502B8B68C801F5C697E
310
9AD62F4B406244CB975560BAC756AAA577675B07C6D03778C17E7C95CAF1B3ABABE3E3ADADE3CDB1B1B6B681014470343EBA979F8B90383545727C63E43549D14FD0F927E5F1FDEFD7263058FE02EBCD1BDCBCA053496BD58E69BC44F9F854D4D979AE9ADB908824382AC1D4014E9756EAF9CE85B6B54DB01F02F8EA5908E0
310
D9D5F1B3E72188C3C3AB67879B07C8A0A767B8B831FE5E7EB754DEAE5261460243FFF07858D8EF0D658BDC563A2C5EF5833C13C90B69248C4DD97842B61DFA7F210A2F6108A0F96B62E2D3B3F3DD939EA47E30ABF5AB2B903F4BE5F9B36757CF65021E616DAC6F60A1FB647274B4B05B2E5341B082D43278F67D8DFDA48AFF
310
9A13F22B34C7586C9992BA6E66CABC190E313E7C811AA57304B421A75B289B9D174CC868C24548823E230B9A5A2DCD2CAFE1F98E61C015CA7E96B083FC59F3ED06EE60F360B3AD6F79787ED278D0A86FAFE00BA9220EAEFE1D5DE1F7855939C3FCC1332426B377F692406E022C010DB437EF009803F0DCFD3B7C94440571D8
310
F2C328F115F47FD324802070BAB43FBA80EFDB92FCA1F7E7CF9FA875CBB327CF9EB08C4DE4815BC4210E2CB7CF1CEDECEDCED5B757490968286899FAF95583BF46F9393CEE6A86D6F618CAAD9BFF0BE22B042412C5CFB50556815CC5BBE33E9F61ECEC26A9BCB8145FD10590078F9C9E953B513FAE1FE387FAC246E14F9E3C
310
E7F5F8194BD6594140876B6B84C5D6799C61A16434201E5237582AFD75C07EEED9863F463284E2E13425A036BD41061259289B6BDC1ED656FC8B8592C9D00701E27CEA749F0D8EF44EAD8C1F80FFF8F8F9D513191F6803384C800097F24069C407CFAE88136B7DCB3D5D4A60B711F19070D83235F77331FD35E71596688903
310
8E2E0B346EAB7936C4162043E1A1F144093695443A570144898BC4079CEF1912809A3035A1D3F361235F90FFF1E3E0FB93C7E2750719F88E7D8E68123883ADB5B18185AE99F1D11C1238A792DC4BEDE8EC6FF503DF377E0445F68FAF4E08D43082D02170F30131A154206CC559A8D9CFDD762B31273E4947A581E0D9BB71E3
310
3FFA07CD02CE2A6BE1EC80167497F2A81CFA3F7EFE58D0CF5D5D170DE4F89070B0BC4040CC17BEAC6B0586C3D3FF0309BC06F44B04A1E13729929B4DF73C44070692C810B08AC3012E8EE9EAE22067796288C193B2139B970B86F47FAD0F98382B1E035D9C32FD318A4FAFCB274F2E1FA772F94411B0CD42493C23393A685B
310
5FEF3E1ACF554AF5F3552A478383374E6B2FDDFC4F6DFE38F4F4ED7A7FE838F488EA852482F412D3CB07E293D02C9F074F12E84C5AAC423271450572A385449844706475FD38DC3C22486A0639E5F1E38B0CFE93CB4B25910EF309A2224BD8DAD40C682C28341AD69047E8539A6AFC14EC573F7FAD10AE0FE6EB13E87B28E0
310
93B513B5803514DE408809BC12A14876DE0A25F643009E9176D9F0C330164285A7444DC8CAF0E9FE41429EE0A2F6A6DE91C0856C501272404A8468822E24C807030B1D33D40D4AFBDBABB411D093D88C86D7205E05FC57EDD1F805FA4CED5920F0CED39157E007CE21757C5DE440ECBCB46CD283E378029B43FB077B4F47E6
310
0E9F61E8D01BE017D7E843EB49F50A2028F1E442FCC90C9EE308E4C0C2C94EAE30B75FAD3A0EAFA57FE9EF960F14BE15638840EAF3BA490BB6850EDB38EECAFD21A0C746D0C4234DBD035EFC7EDD121FA585FAB73DB89FE6A03CF833AB0730E5E2F1A36CE3F202A128934B44E396961121E1F2C9F32BFCC0C140CFE22C1CA8
310
E109B182919696BFB98120234F61B59F7BF46EC30CF067B21A33B0FB3E402448EE266CCD93135A8E823DB31F85E677434E608F53F8100BC0098EA2FD6BC01770E0F2F2D1E5452A711C4BB8486248FAD756D852026B6DC90A2AA5C6B69E9068B8F27AFABFFEE8AB36F1D23985D5960014FD711940800B560250D2272CC54FF1
310
D3A660B275AC3881E349689C1616E1E9044129D032313509DE4700BC867C71F128C400159407C761022BA8A040F40A244788808C60B3AD67A17576279F6F946923191921B0545FC2F12AC0EFEFBD7262B6935679FC7F80629160ABFAEC88E8430E76D82A8DE62ACE50BD4A42FBF03B387B37FD321B37E31C3F063D99703F51
310
60E6C9E5A300CF32A91E0A085A29C0FC507F6C21012303C6104B82C1F1E156DB3229D1A855A32A8352C9077AF733A0AFE0FB3EF81FDF2F0F82C21B0EB06998866878B103305E31EC17F4FD43831E570A2118D1667632D4FFFFB125782F96168A833DBE78C3F11F8383A79D49F58F1E3DBC780417AE6581381E8610604888E2
310
913E12492881274822C221AD04CB0B1D273B8542837460898C686864FF6F801E8269F40AD0481DFAF5E6E9C1F3BE391C325004DF0746A4E4448F7B52C0D5EAD39EC46896B888C4210D68E99DFA2820DF7FF850EC407EB55C3EBC5028611409BFCB8889C90F1C52355AEF98B18100094C9D0EF6F64FD47E5CBF3FF5293DDFB4
310
B50DDD54F351446FA1F14580DC3902C085F593CB24ACC917B213BBC11B3F0A61042FD8B24F4FB9C4556D0CB9E1A880DE89934CE9607F18F81FDD950DD0E1D143F41D56110E227C250621FF098838042BC85B5B6BCBCBC31DD37B34966E9FFD9936A2FEFEA9EBA4182E5CD3E17AE35501FCE0707E5525A7DBC64DFD077825BE
310
37CE0BBE1BBEC061410C660B6E49912665E2B3749C7C9F93834022F74CDE6CA5EB501D9CBC04B768292C5CCB84478F3CA83074092C6082169015E5800D5839DC6C1B58EFE83ECA513BDE3EFB8EF1242D2D4B3FD55AFE03D42F8492AF8A3F21444FA2FA9ABBF525EAF84C09F0168527B0138A85D1EC0443C467B28BF844EAF7
310
6323BE13D7C11F72FED783837B970FEFDE7D7817E077C17EF7E2A1C2C0FE851FE4C008388C15E818958746129E1009D054B67530D6B3D8DA3D59D82D9D57CF70039FF50FFE0DE94089DB269C3655A4F25B38C49D0BD48E59F1526887C18FC5272197F85CA72862A593A4843CD25F920487DDF7AA0441A2C0600D062001F103
310
FCEEA3D8560CEC3EBACB01CAE5A51E420349F602191E5F901893142381351CE17047E764BE50DEAF9E4D8C38B6ECFFACEB141E54A6865A88A60133EE9CBB4C256930B0B168C1C3AB59FE1743FB422C7166082E934AFA5EFA3E4BCE0B69362FA7041818B7FDECE1DDFB4D022007CA23E521F0700AAEB5888BBBF08023E128B4
310
045381542FA256B0D04E28A0C3804E233A1BFB476A2F48FD135BAF9843BEDA3264EB42BA499601F16B566E72C7EA35908ABCB9176BBED43204C696AFD3D7B24B08D3AFA44BE243D88A6D9D0B6562B52F741E1610C0EFBBAF2B0829289A640EC4C8A4FF66A24430786CEBE1E1E61AF9507BFB496EAEB64F8F49B4129EBDEC06
310
5EC1F8A3F228A3CD0950883B41BEC6D1944AE06147289600A7726313AC69A3F91197F1438BCB743E76F01F6EF1D1C854071670FFFE43FF1EDED702EE5A14C85D0C42DF90B86068800659AC88981855E3E774A71C0CAC2F76754EE7CC87C808D1E1E0F6CF47FD4224731337BE1E39C5010823EE997B1491BBD99FC8D8EF7748
310
2BEB5EB2CF66499A8E0F7511B19B3EFBDACB6507BC78731B1B383D02FFDD7BE8DD9256F7D0BA7B46015941097B80018F700FFA024CC08078F51806100ADBFA163ABA8A3B95B9D2F92AC30BC908ED31FABE0CBEBFFF0279B675868F9AA24E9530B08C174055B7F48E4F58002F3E82F0BDFA003E8B431EB6C4A91E4D9B5FFB79
310
1265BA8827BBE5F1BCFA7F789F72F75EC800F8AE43FFAEC42F13009FB905A9A0132015D0068ED7682AC608BA6771038DEDB3B33082891FAB1ABF5614F93238079726B833958796B845B731FCB86316713C1DC581B1E19B424EE32674093F80776F7E27C6FBFAC85C536CD955B96EDA2A3FBF770FF4BE11845470EB3E42D022
310
000E0FE07D161811020742162444668308801E133A4C163BE68F6826A5523071CA78B2FED51F28F8C70FE4190073A3E5D3259D7A288CD19BDE623F10021BAB0C6E327FD507B2741627727EA00D31856492F9F009D7F152D930704E642795C1C1B336E0DEBB7F0FDCB79318543B25341F36802D64A981A690B94259607DE0B1
310
9D466BF8C1C5E1CEF9A3FC5C639FD6117B4BAEAB453F8EFBDA500A67E8BAF76C8A06566E36EE1184E8329419161F83D843D5DE7D8221163E145F56921C3EE383978072129E290A9B7166E63D26BAB1FCDBF710009E4051842390031845F20077CD079407C575F20364C4910ED2A574BC357630B0BCD8DE39335EB175646A69
310
8458F6A346F003A93002E846FFE0C459B8006E506D79BF902908A0AA05CB5E73530E33BA1D3C2EF99C712B7C8B41DF4D2A7830BE8707485FCFAEEB85A09AB6D39BBF7B4F23E00509C20DB04E240822A4B810E04D8D53D10D504C059ED86BB8697F514777717A8F8144D48A4C89077F7EDB00E2D89DC02A7B975640A282C49A
310
4AA84B70B12BFED8EA6584860DFB7EE23FCB00C6BAF7332FF259FA3C9346508813E372F1DDE425065BB61FDF8300F7EEDDBE8D0C6EDF46F7D8823478590AE23759D60DA6B7A9F125EDE8F4A5D2B37470D0B63C30DCDE3D3D59A8D1501EB1B0A5377517BDD6E301F995E3F955F0F58FAC2E81CE172A8344AC03DC6781939D24
310
84B8FFC15E8F3ACCD3954CE19576B942D0A029188EC7013FE59AE90B71292DE774F1F63D60230180B30A2EDC65291B6211B4081128856001A680015CE000708254891851D4B3BED0FA4D7166B466BFF1D2A924885AD12B387FC0FCE6819AC3AE06A7AA4B715F0927B74D119D4A668FB54B8A8C268D8B038A207D10A7B1E95E
310
42195B695BE0240F7408B311257C23F581E987C180140C584A02B1670CB817CEC0A080F259F1360E58452013200E3EC107AC1DF4FD7B0F6D23F33347F9527D9F51E6138E31AF35F1BDAAEEEBA3D71BB402E2FB47CECEE96B4DB85536772B07C82A34F3E66D0BCEC207FEB9E70643761276F7B50D5EE963CFF80C7AF4A2130F
310
5BF8C4EBFB5F07B709840480DBD8007FB7EF3F90104908BA457D43AA2A6A02C91422285E5AAC143F3313A0CB74D9D164933B86C25587134E8D342B453FC982860D09FD13ABE72055ED020E85D3E312F74C25CB0293D978A1C4001927C80B86FD06349126EC219F0C735C8053D8F5F310817EA01F1B7851F406144C211C6362
310
C27DD51F1E310C0102280ADB891E9B085CC528A2B1369A46BA195B9A2B351862CE43174BA73FB7CBB430A5798F4C54B7333B96C3224A9863AD02B9FBD8E63092191924E77C199D92887DA594B6DCF0112857162FD0949FE6A441F5E62E42FB2105BC405A2301A3424601DC807912CB2C39C604A27908021CDA30C4C8C2019A
310
883B3A8BD393BB3546136EAF561980FB63E9E035FF73B96D09A905ACB2C11D79571C5159026227DDBDB81396EB03F14100BEB66DE1FA9EF82C3ECCBE318119C4269FD014E66361FC8BB0B4EA9A98EF3D8848A01360430284335004C183CC25BCA82D2302EB03B8419241C64DF4F5ADAF77B533BE786334BFCBB8DA72BDBEFF
310
C36103AFB30608A0B39B58D93F0BF42180841DD26BDC22CF0A770E90240006BAC65197D90920131C7B2EB3CFD3C71C6378A305EE8488FC1FF8D391E2BDDB0F6E3F45E7C8207C419800DB410073A3173942CA8D5242642A74496FF115832A6314D9FA4257577BF7FCF8F8E8CEE8DEDE5EBE76DD3CF892BA7FB8B90F629431B5
310
525E92A15A3A4A6FEA3FDD73136172060959206591F4C927196CF645AA285CF3014630121754261C0D31E1A7E3DA2DBDB54B04703BDE3A4209F02045C4BB0F529A14BED07098A2A1CD47513DA64B512F409BC01663090796D787173B5AA141B1B39BB470EEBCF1E30F9D263ACC4D05110797CEF7B923B027F089F74D1D06F0
310
A4D8C0CDA6604023FCA45B76C5CDE0BF3845ECBE13E0C0ED73700A8A753C1AC8AEFFF1B407FC8A20F42F0D94019121DE304077A027D4112283BB8FF0072444D68AAD111D6F591BC0061854BBC048EBBE9E81F6A33A95C21BFD13AF3C7E7DCDFFEB0DE8903F77B41DF178E99C289895B0EA8CD640549D68935BA7C5294E0A1D
310
66DA0CC419BD398E6265789CA1241441AC94532A3C19C95340BEFC68703077EFC1D307B71F3C500859C11494838E902203A2BE90EACC5135B80B078804340C920C2300BCC06F7A1C71B875DC572C9BD1D84BD5FB9363CA6BA7D03E5C40FDFC54FC23C9B4B9DDD028787D89219038523BF64E638BB37CC25335937A00DFD328
310
69C5B390C8C32FF25C8C47A7181B4A599A224A9DADB0E0406FEFF9F183B7448F081E3C55024FB33828784AB61704482CD0160C04174F9E33BA9291D58C2F1F1B1B3B5863B0D9F3E51C35C253D54A23E560E2C0CB3A6F7A81382601C2079CAE96B7B1560D20A341E85A928A4E01083256420576C2ED477E2E565FD9223BCC69
310
1CF394D3D8E281501E0EE5C1C8159E92585D255CF30CC854C75318006EA4A01028EC853F9407C6053910BE105348324002260254886C156260F9189EE0F8C9A3CBAE9D5A992184568A69D5183A7DB97DB089FDC57AEE54F858FE54F577DBA85309640290F2D220952620750C5811FB772A7876D1E4040FBFC6474D51246D8B
310
3FB378283FB514F8AB3C20B8BF7DBE5DE541C9A5D3D38DDB30E00151E02523081BC89C2214103E0BC1B3D0199A08E002681A2613A2616CEDF0F0F9C5DDC75DA395C25C0309C03DEC8091A4AFD3FEB504AAC6633930556DAC86EE3561941E862C4A75DD6B6BB3A0C59BE153DFA73EDFCBC3CE2188D3D378FC976D0EF9A95B7C
310
8532F527CE3CF539581E0FE501291E9139FFB65EFF5DBD8E0C18DE3077170A64E033FD278F18068028802F156C3809FDEB11B1019C208D020C9BA2870457F0F8E1FDC7EDD393E3B9FC9C4308E9315704233F960E554802C14716B0B45DAB5EAB5E25AB7830EBB8D25E6CA94E4AA01794FB1EE164FE9F040FE82C940A4BCEF9
310
13075D087E85A7237D3CF29C47E4E676777779528C4781761F0BFBC1D3A77880E40C9A2E5109180D5255317890394229F0F082010354082D574F1E3FBAB7D6553C2113DACB97BEB5526C7C6F69F9310A94C46CD89FF8F379AD1AA035FD00FF3F320180F01417A6F255A3A8D86319FE0C0B0E06A0DCD33F79841339C01E5BBE
310
1911AFCFF7C1E0A540BFBDBFCF2372352686D863F83F59CB6865F43104007EE06F52406F680341102048A01BB048823082CBCB0B6AC48C313F3E7CFEF8F2D1FDC3D6F6F9F9D9E98D9D7CAE5EADE2A6512FAD7AB526E17F600C85550DDE9ACFE9D97E694513103BC69F8A2813176032C890C1E9C49FC09C61670FF8705B1D73
310
86260E7C8E7122C7F8208A55139E8C8D4763F7EBF5728DF9C34677364E3A3F9AEFDEC9CD95470788834F9FBEC512379890B38C94205B2557987C4186DF5C0837608DF0F9F3CB87B7EF6E920475752A01460E556919B2B64296FB9FB70DD5F47232A0F77465BF140CD001F00ADCA175090E2665A14E6329B62660E02A1CB50C
310
6025E3DA252A670B3F0FFAA5EAD94A509FE7036B159E0D1D9F2E76B7AE1FD5A606198D3A747AF450023CBDFD162278B9446688111009B4029B0F2180AE20A542D40610C073B47FEFE1416B2B12200F3C991C2F54EC2491027A816B0A34A9D05C6F437AC23462385DADD75642EDDA738AF1600DBE07EE8437804D2D011A94DF
310
71C2085EDD40266A407FFA1D1C00B0C03927E60338E3B9D8C47D1F8CAED578E06F7CFAA4BB63B175FA7C301B747CB377F45192003CB8FD34B12009224543D8604494011A80C1903CE0518C986208E1C5FDDB8FDA161686873BBABABAE74FA637BEA894A44078C19696F326E057D7F95D061A6B0394A9D5F2DCAAFE4C2388D8
310
A6E9AB7695CB0BDD0A332430F1A9333DA41D1FFB97FA09AE84E738C75C407C260408F8DBD5EDED7DE1570A7BE333C54F16963B46AB0C2B71208EA3D16EF4EEDCD7005241166C005A73C03164792151205C007288AE337B4D7103741BDE7B7AC913350B348B2D767515674EC6F72A0402BBCB41C81305AFCF05F2758D3ECAC8
310
D26AB97606DB9581A4B7A8FFB068CD5C0604E6849046B70C2B60FF0CDDF93C13822B4E82FA0479A68220E66D9FD775FB3C1A9CDBDB9829B6AF2F77EC9E0678FB20ED8D1B1A1A39D10F9812E20D6281F5673121AACAA9C53424000DAC173F7E18C3052EEE3E78E7F1160F5AAEAFB70E0F7775CFCE4EF384DDEEBEB9C0889D52
310
43BDF557559FEDE5F17AB21E118C4C31A3DF6A96B56AC62180293910ECD6B721047664BCFCC6B2DD3C65CA0F0C823DFEF84083C7ECCDF05898EEF158F4FEF97EB9C123F1B9D1D1A3D9F9AEC5F5CEDA84A3C96C14A55584D62893D6A54D8D2028D05C8B1F124884543F3223B29D208B04910D3FC43F5C52196AEB5B5F5E58E8
310
E82610F08C21BD443801233C0CE8BD1E40F84A1CA86001990048031ABBAB11EF83F9283EA89F181F2A0D9A9F62D94B7F625FD727E6A93F63F200F614F7CF100D4511C07DB45FC5F0CB4CA359ABE4774631FDAE85E599EA0878A3C33D5AD6430CF4C055EE5FDB80629000D7855DED3F436F3B61B3DC7FFACEFD2B1BC6FB0696
310
312CFA477CE87A87070C7998E04FBA78AE3F915A065E819FCF35B410321D9ABB308146A11AD5196CDDD7C477A171C8AFC74B45CBC6F641AB53C8D4ADA5870C02379BC0470CF83DB55F073E29CF5CE5F7A3F8FD62EB7AEB1774C2C6780B9523F9287193FD23DDB79FBEA513B45200E2E0C1B51350163AC19043C600F2C1DBF7
310
DEBA7BB9B5457BC0D840CF325EB0BBABBB786D301437000020004944415472B491ABCCEDAFC0591201CAC8EBFACBF367FE7B6E40E69F551BBBE7123E3C00AC560CE20C62436E8C3C54CC225EE08C0D74CE26148877689EDD004FB2BFBFFFBB984035373A7954EC5EE8591FE531348654514DB1D1C56411DFA2A7C212BE5ED9
310
1278F2851A432244C6822C29C85A8B320ADCBDFDD63BF71FD32648E7D098CD018BC35D7FE89E250EF2AC75F96C15271602687965C844B8807C6E7729D93F22E81D39ABD62A0820C1FE9F11CFA7208125D33E96FD69E83AF6052DD32D49FF0802CD9F9DFD39260389A950887A647CCC99BAB17132DFB5DED35138FB3A060F62
310
95AA5E195BF0BB56495A5A4A8FA440026E46A047D40ED2520A441C302D240F201FB8F7E0EDDB0E12A04D8816215A0579E8FE1B1281E9F19C9900DE79842E2A7CCD48E9876EB01C75DBA0E0C8D44AB5512947A00BE7CF5DE9E1A6A6BE43CF1A78783DFD5A404E4477336C1ED8B18908B2A847B2AFE9839E891137A6673BBB96
310
FBBA2A4B8E9373B001F08369BA11BE8ABC4302FD2345FD6014A127068427D007BE28B41D9B0D40FFB7EE531FA673C8870A69135B1CEEE8D009C08042A5B4EDA314920B635BF941E7487E45256439DFE9D276295F87E698389CD49FB394FE19720412DEDDC40E9CE9C6DD605E0B719FADC416CB15AB3A61F9B5B9B9426E54F8
310
1D8B03DD950946D432B40CEDAB7BB5AF11213CBA73C9BCCCDAFBCF06127C7980FE6D1DC9B4DF14832D6568FEAEEBA76FBF438300B541064ED33F3AC0B0D10505306FD370AED02859234402F6C3FED006766DDED2034D90D119057225EEE3DAF787EBF30EC51ACB4F551678BD6728E1944730C095F13E4D81A4DFFBF67C5BEE
310
37E62A85FCCEC6CC6C7BC77A5B477E22223ECA4FCC0F87E2A5E3EB782BDB25B8CFC6736A044DE5A7CDA604526361D650484FE283B77EFBD65D52C1C73C4F48E7D0D81ACF572F2E2280F98FB230508FA906B42DE240ED651B301CEC83DE1790C9FD96B6CBF986BECF3BD332C18EF627A0B6EECD5B152E02088D03D828AFFAD2
310
6B05BF671B4F9A09A8CE0CD2707F67F2A4B3BB75B9ADA331C1305BBAC182FB4A79820B7EEAF73199B8404C0B81231CDCBB871B80FC41FF5860E8E108222A1A076C29E6E03B6F3FBD4F1F295DC457573C7ADED636D6B7B8C88413DDF3B327E1046AA51040B40CB50C7E3F1D2E44DAD34CFA604029BFFBE714DF0C069908027E
310
B275F1F366C132E1A7450B04011CF82B2B647CE754F650FF6E25BF37AAF65B7BDA16CAA791F1D09F6CAB989EC5AB7809BE145FA459E8D3E4B0FB47DAEF093B946FED585B80FE1A0305FD5330FEDB4FDF79FBF6BDE81D8300CF6815E5F9896552412A03F31FCDCC7CB5E32365550CD9365FDCCEC8752E943161D78047336F8A
310
F6539840A1F2E764FDA2970999F205CD2BD1F5CF496571F76EAEFA0E1CF8FD2A55FD06391F9EEF8B9DC9994E72BEBEE1FC928E2F223EBA0FBFBFB4F2DF137BC894B8087643D64ADE6EDED67F7680FAC9060239E845FC94AE93D880F994FBF71FBCF5F66F9F32C292EA900F9C1E6F1105E81C5B5F58A067A448143842008D72
310
75EA3BBA3D2516FDF02FF79260020D6B3C714711F3CFB61BFF56A826E627E82256F7400FB387FEF23C1C1E77FD6A21EBB1B2B35F2F95E7760BE1FA3ABB3A981423477517EEE36FF96F122B942F6FB64D9502BD1B9089162532A2FEFED255028FE653C9F46FA321E0B588B7DE79FBED07C44106CC85133CA65190543004D01D
310
02D8181DDDA5A9C91A7110805B7875B689FC3902200FB192E7DFD936B37B57D9C338BD49E99E181F4E5FCAB2ABC1CA7AAB382CBC7D515457CFABE6FBC63D525E5CDF74B16378B9AD6774A58531912D232DF01BAA913DFB7D3AAFF912984302B84D0500077800D26C60A4742101DE420C610C2E92FA93056022EFBCFD5BB6B3
310
8651470CD33BD87630C05831BA864C85997B8754B05167F0706499DC442FCD22592AEC2ABF3FF13F950039BF159FA9B36ABDB2778EFF83F70972B83BFD3F4899E64DD8346AA495CB155A7499F2CE39B0AAE755125EB84FD8CF8D8E4F4E9FB4B72E8F1DBCCB98B31BC4607C2CFF21C8145FB48EA0F2159F86A3098415609554
310
DEFA7B27EF1301033DD06D274BAF6821D220DEF96FA4CBB60B3CA241C021D38E1AA76B4406B4767576166766A6C7F77273F5F395291BBA19F64F2E3095C14F3E60371827741CB27E89543857D6D96BF9A47C6A9A26057840332EB843717AAD171880217B71FCCC0355AED3D4819911F79D0EA8AD6DA31A83E36C5DC2D47029
310
5C011302387069158F6C9966022367ECF1D00BA9BB95C389AE7B6105A1FB640689033A7FCCFFEDB762189103A61C3A4FEFE0D6A6B5A19EC5755A443AE78BC5E9235B047890A65919A0D2F96AA3C01CEE913BB3ED239C3E0CD8DDAB99E4348BF3F8B977B6C43DEBEFBD7721A839A63B94C06A10DB87FCBFA3C2932F8C26F88B
310
6D6BB30C3C4E09AFE40FAB52EFAA1EC0316920E031A46D65A0FFE45A673432E907FBCF86717AC04F2CD0EF512D665FF53F05BFCDC43489F150890C60A8E0314E70A06F619D30D841189CA15D3417F3CD50191AE4396543F0C42BCFD696C58DF163F5B46D708BD5FDDA5E5E5FDF9401BC4F7E00E8A17520833D1CBFF495B5D1
310
CE037C664123EEE74737268B5D1D3DBFDA6AAD8C08DF2C0BC7A737E10AAB2A7B958990CEBF556CDBEE823CB09FB344143463C630CFFF585D330CF0320E921744A7918280FEEF981161008E9FBC78C830217A07B7D6985E83F9A79884ABB5AB383B4D7D788F9FB3D867A2112A43F19042B33A108690CF6F472F8661CFAC9714
310
78757F6E6F2F7AEB82FEA85E5715941778B278281F28C268AB24BDB470EF3303E09C359E9DF1CF990D8A096106E6A66C8620DDE7D281DF0B2831F20439A30D68386CE13E002F7EDA8D7806162B205D6A19AA1FABFD6B1B400EC2BFFDD66FDF7E8755B4883C043F43046C1326136680404F1F934EBDDFDD39CB58A98DF1BD78
310
80E0532E671FA1435E9D6EA5E9071000BE8F262E7C4044FD95D5FD526EB40A05A634775F32205C3D779FDC168CD5E56BF982508BF572BDA4F6F57D3304BE9EB18149461B12F760D7485891CA47CFC44909136FBF4931716A2E100123FC6CCAA6A644F25EDF4AC980B14039009BECE8B798BF69A05DC5B6885CD23F8E13A46F
310
F0C0A986D617F001C52241801E87C2974C31411DA3A5D7B6175472763D637D3E57C33B908F867F4A59CFCA7923375E5F027A983E18BD7BD4E6FDDBB2250C1529F4202EFAAF979DFFB1F2612E87EBEFEC58581EDB9AA95AD1D7C1905F7305BF8182D5BBB524D47C4E3B81CD843220DE1E6536497C0962C225F75A2D6A998303
310
B23FC501F0B3F736EE1FF01200FC8C99F5515207C9C40081DF304C0A17D06E26CCBC5B3C47459308178301FA8057C2C0AE9D99B05F038828B08400F2E3251254DD7EB8BC4853B101F99AB48E387457C96951E5DB670648BAB70A7B04FE93EEC5F5B183F9739C98952C6845C380D401B8FC86E70A20744EC720E09D35955D96
310
A9041720196D183AC2CFE6AEA816652D0234883D788BEC8F5DF2615261DB031C2381092401B48D8D2D870FECEA9C3D99DDB036C8A051058030E32190976718C89F031DFBFF2EEA3D88606A8A19BD0AE305BDFD12BA4FF46F1A0002B07137989C748936E9DB2C91F43B07E4E4D16C3779CF5A4FFE8CC981F07C29E34B7C012A
310
F0054FAEA4A6A3D49D3A16D2B3CF220A029003366663053C89B3FB1827080DEC2780076FBFFD8E39810CB0593CC68B5D9009F2D400418028B0BC6CC74067E7C9CC0C2690FBB084AA5254A12AF63543B35EB40D17B693F7E3464D5094C00AA9E04E0E0524F5C35C5EC6BA94B21AAF2440725E2A9FF94FE7A8F0E769EB83FDEB
310
039B631B18BF396F5C13CF89ACC02C387DA56DC3B1CD84B96CFAAA37B55FE723B611062258257D331F186AC93D8AD600B4FEF4AD777E4BF68F2168FF08C081A37AC13446C859964803961928476D78F68419390D830C1935B5C2A0A22A3AB17D3D6428BF12DC373B8D464E04C0A496BB3B3B75639DCC2500E0F0B15FB6F47B
310
5A7ED0183A87CAE8D535F2EDBD4B3B7FC762DFE65A07C30B2851DB890082ADC07131EEEFA3DB7DD5CD32C0860CA83CD4B7993A175F422A8149B1C1D94C1145059D9C78A8A572A90B7C8B1E3392FF77A80C50220880FF3669004E90F101740D2B808181455A044904674E7482CC3EC85C4BCE339404C0B0BF6A5611E4F9B815
310
7BAB6DE327EC9BFBA1B4557ECB609C1F45326499EFB90EE78F18227F09E563C9E63D847EDB3B68EB9C39E95AC4F7ADCF7D87F6752BB6912040281E4A0D8A8314E80D60470999B8A51FB1488A66A9F3F81FFA61C83F4FA6969E472288FADFD61B005E0EA4284822E018911828E868614DA0C36E11F3A051070BF2F0840E35F2
310
00E2C0C80A776CC9E7E6841C0503D0EDF15ED9AFE527E798D23BEE5F0604E58DFB7099D739BF0BA5D332EF29F1535995BDBD0DE681C4F71DFE6A7AC5A13554AE6910963E9ABC9A0DB5B202225545F5CFACC942B5B93C207352B6E5310BF349AF200175D7DFDF78F6D683B7C87E087FA9B35812C4F8F13452CED610A2207541
310
E6D659A739441F3833CD0C9C3C3DC2B0712F62333C4FA9327C9CA1124904B4FDE0FE21C119776CB0C212AAFBA5CAF80EB43772ADFE77CD9FA8A4144C54C2FB2304C65F62FC3678E4F6C68F30FEE1BE8383CE7DB86F58B1AE0C51F0F055E188D02F00911DDB0991832228B3172B3E623E513FF1734FF414A611A603163F401B
310
EA790FC9FF7FC3FD3DB02DC00184145B850D01D120424DC03C00FCEB7880EEEE939399F1F18DBD4AA54C939899304D913CC2D5CFBC55E50C7FBE4C0E14AEEF53D6843DFF56BE2D554637EA047D3C210E2C61077875FB5B40E19F43AB7470CAFE1C0D3ED3B3B4778D1DF6D4F837C08747180FE8394F2CA1E0A46B6DA62CE2B2
310
DABEDE0B1924098580FC16B369730E9E90541D3730D47FDE16EE1FFAD3419CDA05ED1F2715C607F2E81893AFC5936303F40EB776F1D808BDE393A3FA401E1C706E154C892860AD74A2949C409E28A8FB3349C764D13E4D1D3468952B7B1B35001BF41142CAD58D6011C8B78961EACAB66E9AFBC627673B61FFDA4167950A27
310
4145BF11EA17BA9AA60815C2C43AE1F648E3772E53C94E6364AF826019E723069A8AA353A3BF7FB5359281700061FF64C28C10B9AF0B70B0B0D30A31CD1CFD22F68C76DA1E44558869257892363C091D313EFA46B57C3BEB252E9C6BF5B4799EC58F1910F469E25AA17B343799DB3E33CF410061F96C6D63FA91B1000CEBB7
310
D2971BDD39A2A76361E000F5DBC1688D47CB812DD60F8001AF25B328D173A9E4BAC18CE9F1F628704330741B2649B92E9714447C68559C6CD2F681919367E4811100750058809D0230C087A89FF3C80C23C4C60882E481F48D531764BABD5CCECA308DE2F63D3BB50373D630796126803C2D1FBAC148F7592881B395ED7D26
310
B7DD38D7096AF98841CB37592561D9C6565317AFBE9FC4AF7371E060736C7635E0CBA1809FC80F544DBAA1F2F9393D970D44C0615A0C6930E758B9E63AE690F73045F0C8C0731DE9CD80F718E94652383458799E02C06D328010011C7090D8C5E5336A83D4059953877EA1E1D66FBE994F04608C4C991917230FB61F9AEE18
310
3A40AB9108D032449FD1A7283DD25ED15360EF7EA9303EDDC0043403531EDEAB10DFF87F5E2FD56DF0F1B701A9F614DB17FA0E0EDF6FD0B1622A81FA3D1DE5A33F551930335C353A87F9AB05C60455193448246944A232C5D07636D864CDD7A50D0B4440CDCC465D1C418321F50E1648D500294065D869559EF3C40C8FCC6C
310
323E989AD0F0C73142480B200842802C061008B480A9954AF282052B3AF67350FD0DD30D1F4075AC303A5D490250F5400ACF479656861E4C77AFF327F3EBECA4B57B6B6C8FF62602BF150744656A87DABD7BC6BED50527B2120C001A0B3718C74F0C65CD34F275164D7968148DDF259AB8AD6CA81CDA4E8819509B996A7F64
310
2D987A401A2B04018C01E6C169A8700F9DE3B489DB2BC49C9B7B858A4F50D22AE15428FCA4A1EDB20C83492690CFE361CC7F8C8066FFD0D77AEE797977F468A36E0B0DFC87F90EE6348BC748F7CB73B5B9DD5C6EE7AB19ADBF6DF359F1DC2A0F9E44F213F8041F64274C0859A2AB7C37440FEDDD2F95BE44065F22067E3EA0
310
CC3BD8C0D8194EAB291CCEE20B9CD8E02950AD806080047A279F19024C837C848816719AC4A34DF8F0706CED904E8185753A458A27E4C1E37B5F30A104932BE140E0BF4E400160F320B054A8705042FFC47B4940810173F9C9E97240C7FCC3F3813EA239B745DE9F1B1F3FC2F9330374DBD1A7B475923F9A2ED81716D18D1B
310
577DAAB9D1A0458655AD3CA7E211867AE7C702DCACCD291E0F798013DC01BC326087775C0833E04EA3778FBCB8DA4687A0255CA0AD210C15661E4E92001A4449031D1DD27D327334BE830B64DAD90CBF537A45FBD4E94A7A88888E715B7E74FCD040E818BDC1BF5AC609CCCC015DED23877080FCDC47BD8EF3A7B783A17D33
310
F3ADEB6D6BC7AD75EA7C7852C5B6FDADA6AFEFC2D181C03F8C40DD8A4AB5024F0B72E34B57BC1182472DC80946789AFB711DB7F1193C03C893B0345F420246114D3EA71D04FBA731C0DAB0D3CD311B218F0D5A15ECC105D02F3AC32F13600084731A83220040019B03180634B5923D438300B05BAC80881F061095FED5D572
310
A3323ABD83F1D37A2301A8C930AB3F66ADF7CBEFED30BAAD7D78A06DEB6A87F15491F5AB7E25842B6B34BEFC12C8A159F187C64B3CBD2356DE5FBAB98BBE9583F0E3280C0076DA15BF34C15238145742B07080B1EFB83382F9FEF2239D003541041083C5AF9EF3C8944DC2030BC3ADEDDD9D27475800693049E05413BFB3FE
310
B4308731512F13400D06F813368A0101D8D863EB3E75FCCADED124F532AD3F123F131AB46A93DF1ECE7F96CE9EB6C365C6D6A07EEC461FC919FE288AF7AE1A7D012D291EB073735FF26BBB1C99FB706E972192819B7A34BF22424BEA1CC7958AC2E04BFC8E02DB90A4A1DD04811ACDBC181037864672C78F6C0EC3073A40CC
310
49D5E813593B7002763BC6A909D31AC86F3F6E335C9E1C309BC58F16418642E2AF6B290A34FEDC0CFEE08FCA0F56700699CB73B9C99302AA17BD516D7F1FD755A2B32B3FBE7134D3BEC813195BD355020A7DBB541539CD2C06E45F46FC0EE08293E6C0E1972176D9B678340AA1A4823404EF79B1E2347E47C35D0A2260730E
310
0B513025DC0BD1C07E3366E9B9D17F767405FB531070700035618606F0B40C73C974CFD321B0C174A80C0F3AA54945FFEF348F5488895713E89B5C98DA501E06D8D24FF04FF0CD7ECD7BAA755A854EC6A180AD13BE094E8D5D63BFD6DFA5F5D3E4DB1BA18FD8473DC6E17FFC9832B71A2A94D96E808BB53F9192955D62C82E
310
282B05168AA0927D54AB20A20A74800B7CC9655C8B15F62377CA4C91641F9F4D0478F4FEFDCE273A002CC0A725EC165CE3A149F0333E8E9600B2C05A7D15FD831F0938DBE5D0FF13E3C0F0765965A0961C3FA86DEEB0E28304747BFBA5FCDEE44C23544F7BB7BF7A132DDE34F99E44EC3FEEAE92F667A10F7E90B0E8C6442D
310
F5A5318B0F816311DB2E6DC6F172C363FC800EE09186BB9EC82A24C0117700CD884AA42023B81EA6E0CF8B3056411110D78606EBC5AD5417B45BCC8E61EA01C4006AC233933E35D860BC1B6CB9C9CCCE7840D2E0C1C1FFC11CCE54D59300F2B47D66A10F09D8E24B71B9BDDF98FB62A3B897C53EC88D16D1FFE8C649B17BB8
310
E760EB20B784F52F992544753F2CBF642CD3C9C70D8722C197142C567E74FB431EE248A8F3FC00377F5142144A82FFC28AC2970A780C85A7EE9146FA4B2981F3C93BCB0F3FBCB6DD3DE69C72B6073B99140DE28B8E919D9D9E7C2F5FA99FC1FFD07E9AC0965CDAEA0A945FADE52C791EA989E8E7A21A355FB37E44405D171B
310
98A6E946DB26AE71DBD01FEF07FD378F5B4B518724481820890E7486E3FCE61A60E096D577701890EE07CA5D7F2B086040749FCEF3F81972E510A86359C9BB579883035887542090614E5C4461705D7CA1CF84DB564838606CF1597E8119790D021080C935A908324EDE9F60A04B7830A33F0670CB08605B8D01BF9A3D4356
310
93FAB4FD84EF6754930640C1F9D74B052A7ABBA9F502B39DA3BF6BC7514EA4BEC71D752BFDC198EDA8DFE8F32B3EF811E4576B0A2074B99B070A069F60173E7427BDF285024E35A4418B7A412914F2800F1965C4F1120A2D5D2C64400563D5942044807BE7C738EBF3034C4A6F4D70C04ED1F97673C039FABC4CFF18866E08
310
200BB66BDC9CCDCC3FFD1E43BEFC52C317F0F5E64900FBFCDA4DEE68768FFF46350E0EDADB7B34DBBEDE3776BC55599AF84E312229F931E700D04478D66A0D88D09B2276141AF0F8811C5F8067DC04C0F90929F7F1AC9CCD368488AFB965C97B855A3E2E93AE5B4866502E55991B82D4388614F2C36B8484A5FA06E3EFFA98
310
4A6AF17D5C2073299D9F12FD63826F67FC460E54030981684E9FBFC22009A3006962285FDF4FC84B699FB5BEF3736C6072F6844C15EDF25883037DE6BB7AFAD6AE164B367812FA8CFCA6FA25725D99AEC5C6EDEEC64ADDA2BE0056002032E1D7A20A54CF444E360D520A5B69816C0A953CE0434A8A898BF18E2B704588C01B
310
DB2133342F5404FEE698957C200EF54E31BE6DF4E888C9C67F5F3F1B41F922777E7FA6332677C20098C59F762F5DFE4A23F9801A3BB6F8A4F66E0D40EC867E92DEFCE84C714FC7CE8DD3DD3BDBF9C781B1C3B549FAD2C89D711808CAB100E09700BB85240374A7209212F320CA577222A7020E7824500179FC7096C714884B
310
DFD9499E027ABEB3CB0226CD293CAE6E0C41A6788F396606A073E28CBE5CC67D584D36CA39D37974FE1023253E3FFB007A26F657FFC901D851130DDC2BF54884F20D5D40A0B7E5C7BCC7CC87B84F2ED820192CCE1AABA1FF24ADBE1D03635B5B3B53D4A5F84120125FADC36A0E792D3AD7E255792CD5241A4C84171F110409
310
0017DA493D0A7790A7BDE6DF326180398E4B0DEADA5C2763825E43E05C388E184678C88CE6422606C017F030366981353DF03A753DBF6370879F79889DD0BF75408724DB53C5B0063AB6568D02DC47AE4627B58D7E367A6000267E7840C23A0940B992DB98ED1C4731B4FB4DCFB6D3EAFB6CAC7646F0335C5031888CD74E21
310
03380260AD47176D703960230370FBBF28813524C17FFFBD6288BB28E4F905ADB4A788B40B4A6201C1878BED224DE9906C4C79EF32EE679B9F5D3B5DFA137327320643909A823F62106CB8F9BFE4BFEAFF0FC7A6393EC7F64A698EFF8ACE31BA05ECE6DAB6DF124118D1D13F892F3D3530602E3F3ED3D59DFB821ECFA3D9AE
310
85B1ADAB9E328DE738BF55D5DFD039445AE76D0194180F57B15BEE5F09C07F952F9A10372BC894CF7DA12CF6507E2A8916E0DF430C519485C55D61EFE209912D8C32866214E121611E22A0B1238DB18E86636A3BFAFD5B4EE02FF1E505F902BDF424D0516907BFC95EF3A76B6B3872769D67E25B548F0DA46E2B93DFDFD5F2
310
B9E9EEE1EE1DCC7FBE6380DFBF38A165CAC73DF912AD76A4690D2B766A3EB4AFA2D05BE543EA20B095FB17AE3F1928D84482049B659E671A4763CFA567C08824913D37F2F92F841FC244085C1681225C04AD6DE1684831682CE0D6096B56101C0D4FB3A1BD3F11FC1105AECF5660BD3FEEDF162B0D9DEC6DB55AF27FC98050
310
BDDEDFF63ED14B01336053A19DE9AEF5F5D9E9D9F9E19ECDADCD497BCC57681922F327EB41FF681E17C1921B04FBAE371AC69E53F98183E91B84897A5DB164158BD1D12FF6F6BEF0E02847727BF2628F9FD48B6FB11DF6928C868B29590A0606F92140D0C08850DAA7DD8A5FE8A50389F61288AEB743E9C801BB67DBE0A7F6
310
4F63BC87770FDF57AA73FE1F5A84F8DD3AADDFC32087FBC0A7D645C327B97D65E7A8BBA76DFD9BCEE1B1CDE3F5F7CE4E6DF4013ECD7CB60BD1239E8A4E9A5722AD9C4FAC8F7FF17B214AF8801950430639A08E3ABD05A0D94E253BD5951C885B0CE750309070555FF21F2EF83FF53F4E15038B8D8A244740A5C9CBC120043D
310
A0B323FB1DA0A4EDA268C05A304619505000BE10415DE898809DB6B66896E60AE347ED3D6DC707CB7D5B5BC374A158EDC343D0EA61C217D4878CBBDC1D85686782C3CF4272E7DCFB5E9EF628F5A95AC1AC0C6848F5771329EF8DF2BB79EFEDEC8DBEC72EB7F245287FD4B31008AB38EA4D52F2BF57167159E3004CD8950E21
310
7DDD6F699FC763E9D1A0AECC701F7BD4430A3E030374066938F883C01DE40E7DAFD609345E33570F4CE6BE467FBD7F793B5AF2A9D331D86DBA7BF98067918F9FCDD609A0384B523F4413B574B818C6889FAEFC5E7B8F90CEFD62BC2C85B2478D54DD076635BE434FCADE68B3ECF1C8708E27863DBEC352D87BCC7A92A8E135
310
700CDE65BC114026DE5DB68275E656D2C0D4087293D43BB4C9C14EA83C0D806783B40DD7CD4F19EE9F33801F55A3F1FD600017A6CD5DE607783D5F74E34680E7DAB98D99F6E5B5ABC7F7DF19D8278322F6A97FDB2FADE1539BD945DDF868EE2B8B70D9EDAA45D1BB0A5801198CF1DA891540474745BF0317F8A3703E02510A
310
E94B084221F887FE950272D62D4232781054A87C58D015CD45EBF9B70E60820A2056E9D4D619E8494BBFA68B61EBDD8CF52CCBA124BACD4A4077E8420A7F36FCDAF661E577B792A7E1B7E337C7CF1FDEBB3B49F501F3C7366C1730E793F51FA20A9C3D2E9F18E63DC277449054CEADA36DA0807467D45F8A744E1BDED725A0
310
33868703F1392BBE221158220588F30574A0B0893D0515B0B7C404AD0E7F40C11D504C49BD7DA39A85A19CD7357DFC966E5D92272FF06D59CA5A6A1C8AE30E52F1247C1F1D78F81887F9F3E387075B170F9F5EEE4A7F5BFC69DF02FD8795FCFFAB472E7C88D563DA514861B85BD41594A75F5E866BE69471110A9F75C8609C
310
7E6BF6C7C727431EE3E9E3773D2378C25226E82C08104A57ED273FE0921D6990E02B006BD038263BA360355E8DC446A380F0BA35FA9945A80CF60DFD54054202F91897C241C147D59F8E0FC67CD0F2BF377A3463F8BBBABCFBD6833C57E214AC3F5AE9C2FDE88852968F20337972C7E04EE5658223008AE82D93BC37D8DDD9
310
00BD6B16EF221F0D4149045D740A8A215D4FC186C658E01994B8CCD317465828704BB630DA2243B3B4ADD3EA554A97408454148C04A1A0CAAC2E04033C04073851F54380E0BF2DFFA43FAD3D6B574F2E1E5EF6E5F4FEFBD1CA87C161FCBCF5C7AAE2F726F814027BAE10F79BC3D765D61D1803952210A9AA07F8C6BB2105B6
310
1145B324F96014EF223D4A9261080239F03FF6F4DD4975C183B887E081F7A467A25EAA0C94028FEB808637768B07400A8235D4EF33143253198900E079E3FACB0C59B00F827A5785A6FFE2FCF0C0E6F1714F11CDE5140D931D707950631F3DE877F300002000494441540ADFB08704E252AADE1BD4E8DF55796A32B9B6F177
310
37C67702E5C638682737286CB0E0A89B624D5BF28222432848C9AB8C07170C97B814FF492A61072407D638006F7C8400860444C01B1930A522788045633DFA9507267A3A42BA05925BAD705CDD3792FA23C1075C6EE768A673919EB6C3FCFE7629B7310AA794CC9C0D14A1FB88F95C845BF22543F57996E0B26C9E4C2ADF18
310
7F979F8A55F11B47BC26594C52588518D25E6C2B1CCED231EA1B748F093E5726A21A54C91EF95789041030C20FD5AD68613432E19A4D0DA2505B6BD843516E10BB00AF9AC315EE9FDB39CC1F9EA59CD88F9CD071D470C86C4647FDEDDBB1CDAB81DA94034747A779F4CED497CFF817348F69F52E55490840E48840BA72DB71
310
F3E84F6DA2F4717AA928F153DA6E4C7E8E00363CEC9A2E1C8E65F298FC4A52F087FCDEE5CBA38A80CBE11FF7BC2AFF249203FFAB77A128A001B1987BD334AD9B901890A8C2005B6B248196AD09C0025ED841325B31845032E327C531C839E66DBAB39566B631C2FF0A1DA5A3CC47E665AD8751B47CFE33899DF047C9F3C365
310
E3B11278D49DF939298E09002F6430F9958803309827A7C791048CA070061B7E9A64C557D235F83EE24822E5EAB805F9862F20FC58F483DC0EF02181F572930205107E00E523861895A2811309808F2B6C14B2AA579E893753C155D2F54302007E9FF36AC5FEDBCAD47E182D91A73920CFA5C18E01F8FFF4C3F1FF553BCAD0
310
E58DEF85DD63B91BE38ECE1A9FFC4AD4A1FBA30D462C328C5A0340DFD393D3D3D3C0659195C96990F391EFF4175213BC74C020922D4830FE215E76940962BC0713A3B82784C0CB6623DC40D6E1485BAD454F6892200B225096127FBD82D2B12006BAE2E329C771E25FEBC0DAB3B5395289D56D7A8A89081B34EE06F80F819E
310
FE75C67DEEE95D227E283FE98A7B9F1C97D2D05B4D07A469153C3DA3048EA68FA667A6D90E291C7D7E2D063E4D044964D055F2DBF3E31BB851AE9F78A0A7314F0AD24901F581D74A6929142039C65AF5830D1C809536CDC05E4BA51038F79D713DA930CF18BA3010E385351CF47F74D439BCBC793556A1F99814926AF12835
310
E251C59BEA3C083EC2B2760FEBDF4304C9EB87B35769E1EB24B648542CFA4EBA9EF93CD42F03C08F249A2C98897D8E2225E90077823F4A52171A61219998CED6FA050992B6B0A74A2220ED12123004FB977084208F8E2AFC80F456CB110BCA647A3A0F854085D84FE0052BE31FFE7F925610BAFEC06FC33F9931BF063F39DB
310
3D1BB20EE357F594045F4226131578582CB055A59A073AE0413989D215019B6EB8A21CF154D71164E0D8F4E730C2CD382D098DA5261456A425643686BC8301710F2C50665881399156AA2B4C3191BC555728384800CE10040F746A3D8A80A5F0E500A93456FEC52833BBB45203DACCA37FE1D3EE4B9BF0EC27ED47D89B8266
310
F11EA2DB8B5A8BB93EAEDF0C06B7AD0402B9EAC6E787365535AF19F15158308A9D9785C1BC1C01377F8C6B4D07B50DAD25649764A91DC9812C7B34CA98184084F7C01055466B48058CD44085AF26648520C85C41C67805462D8425680425559F4440F3ABBE1F3F81B1EC72708767DDC8FFB6465796C8FE310FEABE0C9B242A
310
74137EC3E0427091967023299BE5D6D4D0C6D15747DC2AEA4ECC57C72856E827D33CBD319D70FF854369EB841282F84B7CA4881447ACFCB257E252E00FBB3272120A75B99119840858486615636E0E0334031AAA8C08A62E080053A0AAA4158431EC727A084021D41CF5D630C94184F6FE7432E8F5F9A4FCDF3EA7CF136FC2
310
988093F98ED622E38E4976E1BF0CF49D2889E6DF3566719FE1F9B47A2D3BF89C69155DCF24F88C609EE551160F0415900B4C48FB013D8900A9192A700748002924771A3686A0A580FE4009E00ACC090253E280B90AC15048E047020483A038A60ED232831F2CC90498648690D960C48E439F18F4DDBEB0B6F5AC7B7B89F623
310
0243B4FA160A7B9327F3AD5D937C8BFFE5FF8B3A5E64283BEF8EAB9F71159514CFED62DBC880614AA1F7994CCFAE7D8C87057F451733699B8DF87056E1F0654B5021E38097E4E23221B810DE20559AD183A61C2C88A648DB096081E9801CA00BC1DA0124E08DAAC15FD2936905CA8DA1C40E42B13F1764E0C4015EAD7F8BFE
310
C99A310B1B7C0BCC7746D3C0702759C89EAD57122092122D1F857067684A578F1DAB7EAC400841F493A468113282FFE42316CC74C756B1C880FE78795C692813CF4644480EE9B02991BCA257A71861F00666D9410288487618D120D0E80D7773E2B7DD180E100EC98B221C94BFC4FF531A09B986230F1CD08378A8E4D0FDD7
310
D9B1BC75F5C12EAD7FF83F3ED19EB018620303C217A6A35D826E72ABF2D8E2BB1B783F6E48D2E3F360806E1D192085D022103473A10375B63853EC54F500B5B064DBC20945B88160DCF7E4F83A0200BF6FAEAC88E9F54D22D898E43F378D20B51B5D6B1457000922202800DD401A9266483029C0D6D57ED80D42A0E6E08835
310
F0F3AC73D7FAE6D56185F04FC44472B854EB7D9CBF7134DF3DDC35A9F6B38417DD6F508B37C1A718B0D054124176F7222F62DFB327F34D451799D56216880193254FF782D7DDE26C271BF38C6E422E271CE4AB8823C9510F021126A7A944E00DB4031D013C88EA0746C96D4574069BD5439C4110403B40020C30B07A604F1E
310
41D19C21A93FD9002DFC35F23B1E7B98E95E38387E3603FE7393680410D702FF9ED5A3C5E5CE68B5827D721FA78F3A9A0C08A79722D9C9B418F46C0057BB1640C70AA4A03D29CECF33987596D53CFB27B32C3BE304C540E14BF8464E080918268D254838C91A01F0FFB99154FD8A9C0495EAA6534A6C464440B4A71E16100E
310
7405088122A35F7A511DC003D002E6C8E7E15F6D1D2FD09014139EC11FDC89394621F77B9F88EB5A583C41E2FEDBC8F82334494C0BFA97FF3C3A34ADE60385B60E5A30CF036E5E75370BE3B83AE73B3B7DC0BB337DA0045299ED0C66681E4AE223D01B1BC3BD4C921E2005FEB5114739040758189BA8A320067B62A3995E47
310
20055065AC2B4A8006BF8CFCC907C0063EACE41813C5F017065AD46CFDC6FF1BFEE052932CA3478C8E5A6F25DC8503D40F61FC1B047E4DFFE8E84407C81F1AC7B5C79DA358551CD0D13785A9AEB38D6EB68A0A8087FC6543E7471082873CDCE5CBEA1EFC5CC0579469E225428E9A43D6A6000B4219DE52E8DF00A55F4BF503
310
5960661C2DB88AC1F67C2890A93FC420193C8326409E7B595FBBBA9AE1D1511B3F6D65B09AC10A71C2317201A603E88C56CC68C91279E83F5C147787EFE6C675F00941D23EF092920330982DF38C65EDFCA89DA98E8ADDECCD77CB86D85118F3DD9884820B1128010D02F1060F582871CC8FF42024C02239273A1CC3BF71E7
310
70DFB7E96081682803188118B50310BD620234F230B12711B063E0F0490FCDA9248B580D3D3DE944A30CFCF2A1E0F6E59E8FBEA289CCCC943785BB8880ADA9C2FD70F6A13F5418444E3A669273C006C4B4EEEC067827539FFBEA9CFF04D84E7F170480037005AAC8829084329899F90B5E013927F8E646514B4824B01D11F7
310
2C012CEACD163B6358A4454A4221D06E68A71062520649BF9E9127D0772D6E5EADED52FF216BC2FC513C7D3C5CC4C8AF009811826AE20203B076A2AA66D8D32E317DEE0EFC000FCE16D9E0BEB17C74AB009256C5D8AD1CBABBDA61402612C675FBD72D07E633B1A42F2421208CE01397560811204306617A5141706105C9F4
310
984C459F2D0F6C392FA05BED808512B0B9A8A9FC6CED89640EA347D31F0DF76D3D9E61E800FE9F7601BE4C9614A1C58E6C839F13A12D0EB426DE6386B82369A9E6A7F1F9146EB578A2EF4289AA109B4F6CEFEC0463E0072A05CC9DEDEDFE08407B173B8AA65399C80B2911252E6290C82CC1B8909140C11B7AE161B42B9390
310
5045D017E00CED6D27AAA15F2C2179F1E83D411A7020B9408D202381E7E5DEE5A9E7E5CDE3B186433F488AC81554BEC09BC579018ADD1DCB3D9D70F02B14BF9159A4DA376225FE43DA224FED327941705DA582B2FD1BB5DC0540667B650BECDD1D5DDFB0C7F36DEE2B94F6EE2EE4E426F20A1174C31DF153321A24114C4FFF
310
25E505475F6906D4149B21F1BD9D9DF7B059F8E0FD83323CB97991FE80EE131A9003B81C491B218B1D42C0C0D593D9D548003839DC29A740298B0C23F0CE14BB167BD61989AEF0B985C8FAC8F923A73F31953989F0F6C96CA6C4D0A9A88184BEDBBBDA3BBADE77CD8E2FFEDEEF46184A86671D7DDC51417477BE9F04804F30
310
5AC82C2D018A21EA903866A0F959FBD4139916D036635EE03DDB7408BCF0627A03027AD314C09B0A27F0A79490D53839D0DAF1416995CAB24101FA63F75029D57A4CBBA9FB4D120ADB17FB5A999FC9420DFE04FA670430B90FE7F589F7FE8D50A4B5F004CE5F07EB4EA007F8AEAE8E8EF7DB3BE2F81F42166C7246FA9E62D0
310
2C8209BA1024414C483498B50229FD923F2414040B2081390AAC353B5283EADA12A30B1080866D746B9ABF5BC107F33C2A015B275480759334B83AB02175EFD0DEC785DFC505E0064F4EBA5A97073A74C5C9FEC97BD25D819E28AEE661FD2732B8BBFB1BF13441B3C1F45E8AC1752BBF80C113DE960E0AC7D9D02C58C80505
310
A19BA0E84B14402601A590A4AE00A825E98C3212342302EE10FC5100681F86834A2804BC409D70270A2091DCE874B16BE0706C974EB3D26EFEDFFCA6C4579AA4DB781708469F055532A7046C6BEB0CF39F3ED2EC4FBCA3D00EA91CA68FD2B87B5C191E0EB2C300F00A1C9881F263571C6CFD83D079D09F176FAD839340CF03
310
0F70458F81F09AEE1329505150CA0A00576B56C06D58070B23086F685E44232D9D53DE3FC3731044F286D19F459351863F749F1104198D6E14BBC68E17CAE70D7AFD958E350BEBBC70C9C4DFBA075240DA27D40AD7DB063A097DD3F041EDB3E4B682A7A12A548F3393DB01945547175879989302521EEB1431B08759B632B1
310
74E0F700E774FCA1BB83F95029ED1A084288C8893520E49415E00DA080AE8027C34206D35491D050A4C6B080F6A20889A2FF82379AB6234F6710C05F9080ADF002B9C9F9C583AB220F45D618D7E7F7547FB27CED8A8B7A7D24EDA4988B0C1C2A1AFB53FDC61BF3DE50D63C560F0120B0372F0839DDDAF13E583B868717C1CB
310
8CC71D1D7F440CC82184803144196EFD58BBE00B7EE77DE8C015942357FB06FC906A5E2B8882CCF9FFE184B0035A5CF186A962A63F84B3AAEE3D5A2C830008807568B6A9F424086D2095A3E262DBF124350082C4B5DF4704A9D2C93553DE47BD6766B69349610716999FA25854F759CA9792599D3837ACF6247CE8597B0F96
310
0FA3EC45B61715050260C5844FCCFEC9666BC71F875B17E3BCB4CB151405D7D08F846B4CB952248B4603CC402B609E90F0044A007FA800EC46D07A51232B00E5683C55D5096E1374DA4FCBBDE2C25A5B8D26008227CA7758033D7D70DF12CAF7F247939F93F1CC63047D63ADA0B7CC8771B234D8095FCDB577B586D1834062
310
035670E204B245EC093FCBE15626C10D210CB38A13F50E10A0D5C0814B0C4B30AA9858516001669002229618F100767AA3D6D2528595FE7A398C2D2300ED0013A0AE60B91644A057327BD3C36BEBF48C91279B45F8BD145494674AFB211A91977CB838DF35DCB3D6D6AA2FB2784B591ED785DFD7DB77747DAC9D2F7674810E
310
FC2895F9ED8007EC7885101679C06F21E4B1C8A6120956F80518D1DAF1717BEBFB5803E20C6F2A11B2E48AFF4AD2810A70054623E341B3D1ACD92DA91150DE631EEB2C28882D092049C0DD38E262A7BD6F98549930C9D44B7C37028AEA9F8C5628A2BEF5704C0DCB2B428181B1BE766F43014498D2E57791E4C8DA6BD2ABF5
310
003F0C40202E2E32EDFB02852D16C30B7F646B98FDF86C7891690043128B0A0DE6B4EA27F08C30CA34C9D0AA0852A5997F8D11A6EE84E040B20472020256F4AFEBBB74E6705A12083B249089218E6452C8E5A69717E904A3F5EF3D5D08EC1F4D4E85086B238CFFC11AB9AE972CB775616C6D1DE04DDF073B4DE3747C41FBAE
310
6072901CAD0237100670C5A00C2C3CE063610ED824826C1F6650700E88C00B62468903A0D71D3A390255AD7040048348C56C4647413C2C2561216E0C469203EF06A5B101AD40D0E207F78B124747DB5B4BBB4E88B1C373C114E0470B345156EDDBCE1B4DBDF81DBC400746B0B54E05F693707B89A5E430982C2AC7D10DFF11
310
D5B102B9505034B35D07E8E5F585757F088B390F2D4C85CF7218E8418BB4F25B885053D07D5A908326809F31D6CC6B77CC948413B28664484439D118DBAC27DB5AC40C1AD166F25E6A2F0AE82100C0BF220405323E1FF80DFC518CACA8DE1003F3C9FAE9C7B2D60703A0004F8EAEAD2DE0F5485452D15B77B4B67F4C2403B8
310
D8F9C533558ADE058A9E177A1698F75DC0EB4C800F74C0270178C8579C1FACD025F0560844502D2BBC01E620030CB93636C1041636A693949CD80139FD15BE107F905590A292840F8860706D07E2970A2F15E5B13B87C3143CB2930374CC46A6F9B9D7A5CCCC14E11B9E879A49FBE27ADBD6DA82410FBB94FAA8487D61B51F
310
4BE0A03FD08743C31020D6628ED20305A22C2C2FAFA7ED1E7881C438AA5B9035F20759E243C51F34D0D5F02F11403B9E204CC1686C0B6C9000470561519CBE1B0E4FBEAB37A39EE4B84C05F023858779341991F36D9D9F351E7BB3B5ADF00148D9D05784F9AD8B037D48C01BFA83D4247F03BB768BEEF973A14E610090D4B9
310
6B1EEC5C5E66928F28EBEB6CF578B067DD83086081579848E60DFC7684044D8174993C39F886043481F6A2B743B18749E52447CD4D230513032D20D20206E536E15BCF7B7D211634F98FF9986287F33F9A94615A5A0A7CACF8DF5DCC1AC6EF9AF1945EB78E0A2FED1DA2ACC00EF983F9A012260BD722EF61C9DBCDD8719703
310
ECF839029010CA0B9F100B1D2842153E01A1A3837AB579516A31982FD2908A09100DAE591016CBCD4B011A2F4DE299E1338CE065DC4841BF9895D8C81714800CD08F5AD39601BC929B55D291F6CDCEF2AB40DD5D98F4E6F107C47AEE4A09A079C05316F479DAF4C2BAB83221BCC0CE23FE3D3D4C7BC9AB673D89A3677D6020
310
F6E182332028012FA0FBE0B2668FB85485902A8E7FA0BA2105C213E20BC2169211A4BABA7D693C3F1DA961F203694853137073AD5CD25F1C017DE0477626D7BA55B88F83B5EE513C41D814639FD1BF759171F4577D3CAB0C3DFF68B2D3B1F8478C18F67BEBB2598FA76A4545E9E961BACF657E0791D2373030E0EC9FAEDD17
310
BEA7703A738185D08236C407448A4CB504CBF01FF43859D3115488EA01B55078000DF085911805790DE1B41B6F8CB2889C3834FE02AFE07D85143C6C008438A944EA63E047023A7EF37E13B0903AFEA7BBAB9579330FAFDAACD540022980B65A75FBA17D388F1E6576405CCE7032D95BDA420E7DC0EFA320879E5F8B3B04C1
310
D2D9C1114210C19FCC49DC6A855E12010184DB8968109ED016E4683CD552A36B3AFA13BFC2114068935A7E774CD2C7225642B73325938052D8634ABC18DC9442BF9E0402E85B42F9F3273672DA8E8F1070405D1DC3248487574CD98092B8B956E6AFE1566530B78FAE05B4A0DE51FBAF85DD075C7E11939F80E015A58D1F87
310
E400CFFD2306C4D1D3C634380A201545A92BE01F445800BE12302AB477BD6F62600D211232EB061448A0D2B877BB940D63D059C37E0569A83DE93E214F4BD86209FF6F479C640AFF8AF6D1BFD987D029A94DB7C329B4184D4BB013BF912FB88FEEF913071A8D82B651BC10DB067A7EC52FE1B421883144C00F64FA23A11CF7
310
08BF16CA59F18D4C04B8085964B2D8DA4A855187000BE440BC816FFB13374640B0EB1D0998AF38A1AEF503F14302E2811081FC12EA6CD38A63B33035125F40F170C0B0AA45E9FCA38FC6D688D48563B5C4B4B7C359D3C7AE0EFB16ACD5E2FAA47EF8307044B4EBE1C71E84E742D81431FB06B90B600B9C239E277A57C94C42
310
7EE10E7826980C0136600D916A06058CBE8604DB4D314FBC014EDAACD0820F14BF75449B70339490FE5A0491221BF95F949DF1235380E969AABDBE2D32EB4403D3FDF17F42F9A0A7C28ED75BE86BDB7C7EC80C76F86B8800F77B305EB88F00A4352E0F8089EF811EA02A3DF08F7DA008F803BE4B4EF5F41E56087099E92070
310
8C3D720916444440FDFA013D4E1201414123A09290F5BD7AB729298209C4306D007BB0829FD4EC3A6D7E4F00B67DF38CA0764F832F0448E58439B952CB4F70DF964AFA74CCFDBABBDF273E2FF4F56D3DBFF2A78D42FFF2755DF307066497F44062AADFC0CC546F6DCCFECECFA232E14F408F05477D311B683A35BC245FCF8A
310
5CD2AF20022C21022266905A5BCC8B20235D6FF04019CC04058AC80023662E25F342063165956320BE50370F2A657BACC817DDA3DDD3EFE04028645780A768FE38DBA88BF2EF3ADADFC7FEACA952E5A77568ECF0C971DF32BF1D24F8486B22A649EC81B1B60315CBEFC026091CA45F858D7D04C1B437079431E63E38F88075
310
8842E780A9E03791C0FAAFE10012588C3C592FE35461A6047802BA18686887023A422A49599399893103942CF6DA53A8E387825FA0678B261F139F801E2B17C901D0F5217E07AC2401A87D0480F753FBED44FE949C93A1D042B879FCE499B3D861AEB23F9C1F372F0C24D0B7D6E70FE1AAF60F84BAE642D82F0A9F53E22783
310
915518494FDBC0AFAE7DA282E5050B703570E06319A015E00D693A6BEFFAE493941C3B08C13B96BD20D0115A9565701DC58568A3009DA13E965765C03091F0FF339F7309D44F6E61F837F1B1FF920450EB8FC48F9B40158BE89C81A597CFB0DAF5F5755D3886DC13D4479599B583758CBF35663AA234F133F91D3BCCFCE0A7
310
94367F385C59B19431780F1C099131384056616E15A1563B50021D369C593FB292685A68A8B2A50A0A2085CF05434617E05FC24A6B077B990014421A68401AC4D65788EE25F737EB780D08A6E38F060F2ABD889E1B889C44852C2FF368C1E3E710D73B6589EA83F7417B341ADA1F639A23D15298F087AD0326410E116C3A1B
310
325218433C71AE62C07C1480F1C045629724A076A4BB8D622D24690486727F56108D07046DAB065000678E04C4F8C342DE27F4AC102D854F2D08D59B4ED0E4F697B0FF62F113646BC5B7F3131D4EA8BF8B265EA3F2026E7061B96F6DF3D993276B2180B8E57067587428579460551049049B074CF8B1066C7E14C705F0B392
310
98C0997C17F701097023BAC31081390196801FB0C2A12380042927503D5A01CA127F9841B460310639C674BC8CDF1A320501448E0068905B07F6E5602F8C1F07786253438CEC51AE61FDB25FF71B09893AC026A9EAE3F30F369F5D5EAEA5801FBAD3C98B38C13EE017B054F81A56F05259DBDA64FE270B1FC4C77200FE276F
310
E814B916E222575ED717A62A92956504605268408CFE13FD61F84252228376060206802B9550F00B9D47E6AF1022538A752CF4FFF1F5931384A9FF8700EDD4FFA2B93FCBFABB3EA6C607FF714B0B8B04EBBE83B52B246092AB018C0D0002FC490849F1E214AE6FC42009D6D86616C835B65DB9862EFC4480C14137603C3089
310
D0A5588FA27E693DD184131BA4E88C35045ACEF1CDE1A82323C20B842F2419604821196EE8185BC834AD44F8E9B7549A32900196E9ECBBE20FFB4706861AACADBBFD9B56A23FFD3AB8BFACC18B1B5AC0ECD7B6AE2E2E9CCD2BE8AF1B1BC3A813B94107E82DE67A42E7CC7D4A6116700B5B2EE3C338A09B840F07C40A64800D
310
7C605AC42B72227C4C7020AB1F20056E26F542717F56534261DE3766AC10A6ED2D006DD03BA9DBA507AE0510A8B385C92363B9154167F1230C40D76AF6F3BE0CA08F8BA2FFBBCEFB09D0986550E0F0EAE2F2780CDF850CB0F88CFC2815FE87BD83909F474F45DD47F1C821DB2107A8817FD45384F57891B65F2543D0C1E20A
310
89B4A8DF806862AC27C60F6A054627FD344250718AC0FA21CDC4E28DBF2650D1B39D8B8A420C348A4F846E2BE824BF8C45E1DB8EEB52F576F47A75FF95F90FCE0FD3A7A08D48D5B9AFBE3EA658E1676FE3372FB57F0AD8D70ED4AEBA3D4C2BE0AAF1C3AD63A6004D12900CFC481A47430C9EACB390038642C8C41B13303166
310
614210592736B8603AD4FAB17189DBB32F3915F0C380795A089A15228460BDE8E52203527D41B5470901B088D84FF8B3FE2BA7F4FD30ACAB3DE0B7E2FF95807AB0010FFDE3A048F7360F9F3FB9380EE537F16F8673131325D3351A3F664022020811A0FE8C019CA17370725CBFF64132025DA1BE2555102212E80A907FB43E
310
D80A991A8AAC183932C19AE17524B06590B6AD286EB99BAD18FF4BD64BAB519202F992A963648ED30E7521F909F090C0213E367A77D8836BEB6F34D92EDA624183070248351F1A079E5D3E7A9EE81F2CE6678F92E299EE312B6C0572C0A7B5EEE07853612403813152C7125E2022A20C18F855DBAFA399817FC97FB6E1CDCA
310
31D348434ACD0012F0D32A5456B4007E6E92D72B1A4E9971223A42C1042819E4049C0C5801300C0013FA48F8944FBAE71DAFC27F1826FA2304ECDF3F6C10FF47D5C7E49748DDD687DE8E91C09394EE0682A4F84CFD6067EEDF43E67EA46CB2F4070160439245F00343D03BF25D7E2F26FC400A896DBF19FB8D4D0A66DA669C
310
3D608F9CD048A0533621B25690EE19D5D15248E390F042B12C682511B02BFE3E5700E4C9A9B2107A8F45248FA48234FD23005ED1F4EFE80D1320836F04003BF42856D478D1DCA3ABEEE3C68F9F30C3A16E5C238EA5DE3FF37DACC2F8B7980033F47FAC34421EF0418A045394802CE032D61C70023D788136788613887C0011
310
A4EA316E005718AE191F8D0D841B9C679CD2FC478442D005429166F5A24403B1E6ACF3298F388B6D0BA933D92339D48969A5C11F09B4FF017A9900A4F887010C474717E10F36468032FF33F4AD610517777104CD920C3CD15FC5F3B3A0C75BBCA3B00F2724863C10BCD4A0E00736C7981F2F72E4B001438B99714FCFAF713A
310
2603BC710376A1715FC602022202E06FDEBBC680A3DF1C4C095A12C50B554FE7623B50374FB2129DDEA4C392C9188077658C87F55FF92FFA507FF03FC8DFD3F31BDAB46DD51AEB03F7E1B38B8B87CFF47EA1479C3EBAD5C6B382C221C0F1B358B39D76D9D3142C4A20935F541E492E0EF081BA41B3620A8E172B584EA14856
310
32E22A8221CEDAC6110AFA4B6D43E2B76A18AB240BB24337721C9321D2C033B2D3E2641A55A400A28403C12D1DADE39AD23FC5FC08C47A64DC3FF6DFF76B5235124022D7E6D6D5F3CB870F9F31C96FE477FAFE54100068A3A87FA5908A2C08011CF31309C10025B089FEF9C510522B8DC07C30AA469841723A10C08E27F00F
310
7FBC181C083F2809EC3B2B328E294AEAD5A071B3A95C81D2DE3F930372D022C9C793535B92FDAD5426E90490C3C81D000017C6494441544698C416520C1C40C71FC204B22448FD9303782FBA67089A1A7D4CE38E89050FEF5F1E078A4DCCFADA058032C34C1CBC2E1202B1F8962B1A8024F0EB7A11F209E96FB369D4B64202
310
FE7BA230AD24C46413536EAE955B341B726C593B5D4630C0BE822480908522B0D85430230352618DCD4F7BA6D568BF4343801480006658EA3EDCBFFA9702B4FDE9022163C43F9B72B58001A23FCE6F0B3FF0E4E1DDFB9801A6FC42FD0132CC1F2224F89933107AD30B6C9131A53818AE944BE25A70810821C38F098411980E
310
46D108F483DC63F49B91B852351604091D60546702F58A3872A1716411B642C7629C267E64E77719F46B0548FD6BFFFC86A38DBFADFCDF700228C124C8664FAA02BFB1F92B09800876FCE4F2D1C3FB4FD0A44E0106A8DB8079751CBF0BD9340066C3D52BC64706467C05B5A54401BE4A1B0132A55EAC1CCCB10D378A3DFEB9
310
812022327745EF2102886A9142C812A1A2C9708027BB55B7006357459F9C2080E0BC34489FC629510F3017B62D5073E2A2C64048A0A42580E413BA9E08274091A398EA80B5BF31C87BF5ECF8F1C5DDFB4F22AAC181F070AAFDDAE5650C4000516440D8806786D874215149E69ABEC43FF0EFC820FEA112B0522003C84BE03F
310
B76623513B6D840820358B084119B0CEC8C00AE888826339A54091F5FCA513AFE147975BB1A86FC50618D9D74502F0C7C8815AA306602FEE3A5E79E0D7DED1B221001118B73182CD439A092FF801105D1AA14E1918EC282F6260869D55108065988BD67F68E5581720A708051F7C8070F582389C682BE53F2AFD85853F2A01
310
3D21564028E06E79B7A71E43212180A81541EBC88F451E02385100491AB0C4A3BC5309A95911E66D04C0B448366988ECD204C2FC930F8CEE8FA410EE4C25B58DD1B6EBAD83F6196670F7DE635282C0A56A851AB035831725F0471A10FE52097089C80495804100318405F0DFC2136004B4C40705EC9154315129205EC35793
310
0035688F61AC02188250CFA9A980233925F16A117A48CA54DAB6400221976B75D863330942E20EE3B00B08FBB71AA813B0E502FD2B023DF70114E0D7DF2E2EEEDE7B789504200112075478F2FBD6897835C91F0C20782401E801A2F9142700B74805703426023A81CC0BE88B537D0003E0C5181D29EB8D83050964DD258091
310
0A1E7A8138F76253DC01DC2F3824391AD748276C0B0CDF12366625D038603D0003E0266CB42704C8CE7FA7F11B4D59C0BF454A78F8FCF1E50513715D469607031272358F04E0003C90107223A581218F10008B10247CD20D860FF0BF48801040B361808148714764028EAC137E871501EFDD97C89B52107FF1235B0928C562
310
530082573CE137840EFEF82A0BDC602736C595912FBEC69E6A3A26903B3A300C5A098A9E3F1810CDFFBA019D97B4E7A7A075850F2E92569BD960CA7B8304995FD006FC4213BB1448A6F4BFBB3A9F9FC4962D0A1369129B10073771FEDA38B1737B663A71C088D8848027FC3008DAC4E4397A6F76271DFFFCF77D6BD7F1F67D
310
A51E0E08875A6BAFBD6BD7AE52CC04A0B4A2206F650EC412841A48258258E8662C3838FBE21E25172C2A15A4F78D82DCF68A005DCF07047C183E1CE47731BBCCB5469D9169E0D588945BEB637E87802A03D88FB82486210D28FB3B858D13DC7CE75F5E6F3B03C1744D30CC58C7C7A256146853A05243060B850072A7010CA4
310
7CFBF9A1E24F414037B8781E8E9F219A774B36481CB43E48A79819D638C8760D672FAC19FB9D3FC5EA9158DBD0159C27860409682E8FF2595652FE189D2CC2D7C023E944158355806FC320087CC74116030CC376C559C098B93A041C5DDA48AF33827D2327DC761D19C17CC62780D82A170E6CE7415A5E7FE825E053048F88
310
D2AC2A561CA4D4C60098DA28EF1A01382772484698F60C8DD24BF396EA76260542810A625978C03580A9CAB91D10249BE579B0377A3DD15749A45F24C4D81FF3D7D7996F6A1690288008C0FF6CC186DA9D5FC95BB09B1301004B016E707FDFED306A1BE8FA208828F00BF342186839839F1F6FA338DC5A0200FF383DE92614
310
C03A4508DA18F4D85F9354F7E867AA77A42FF49BBE6757A1A7454448D0BFC3C220714FE43A3D8F1547BE10F0BC5A05985AC3C28829A06FE24CD062700601F4AF12AF99099B08E7071DC4626A97C920C3FF96E190C9D1FD7CB6163E800D79E5F3F10A9306C02B799E80F1AB380E0571A584C0370A220C3125000B500900D96F
310
EA40409F980E2083E4EDF4D8D2480AE5667222E020BCDAD4EF19682120818FE18EC7FD6AAD67C03F7DF1955E697456F517AC4F24700C30171C67E9168B109A4F60AFA60F98BE30941BF776DBC7C70792A2FBE98AAA97224F8BEA39B47BFD14A8CD03320DA2B676E3AA397E652E30A42CE2987B7DA1EF7F75242413800A04C0
310
270C62A13372400B435ACD84B8B5009208F5AC73EB149FFF3508E21C2201E0338BE07E50EB47E7FF6D97724A601028C5519073E7978EC88834410450E074DD58AD13A4900103A6444A9CB99103229F0EF8C0C78161EBC68137240734CDCFC349807851E0EB46CE864D2E405ED341B71A390CF2DE20CF5193189E1901E866D0
310
230409684B193D17E2928534D04240937D3C84477494FC5E0FE0B448E35AFC19007926C1C6A6E622FDB8A12E30993C6710E070397C4B26304C0AE38218D19F01FFB15BAE1C0E7E74DF75F2406E373C414E848FF8E500EFAF3C1029C9C0ADAB2313A7426CA9B2C1B9E30032C84EF31A09A88A386F136E8C2F1D582EA0459207
310
015F10F1F001F0B1B7DF7222011EA2001F00BFD36BAEE0850928B08C077030FE3806C880EAA74BCE0863A952812E6008B3A89199C1EE918AF96AF583F1A073B0A355B9D861AF1460DCFB3BFC6B7EFDC834B09700CBED3510E48DC7129041C991F06BA5006CA6B5B34EE21501374E8DFC910042036111EC9C7CFA1C05D48A72
310
70F7F835BF04A4194DA4CF76CEC66718C84CD020D04C412AC848F03E3C61A1C8D50D0EA6838A00376054D3DF61A0E393E1F8B058A6C994093476D601A4A06F0CFD3C0A6BFA910E75CC10400A80FDA93AC9B5EA4303F6C0D188B559086091CC5910137772E14F2376D03181B5CFE74C0EA38440D0AC256D6C4D104CE05302FC
310
C00B60B9CD4D71E08BD40C144A025E60D4C1F45FE846A2105D717EEA84808A5DD90A168E133640311CF05DD870768683F5D2F1800F485AEBE5CABD8FFA3C0BEB33702493AEB551B1EB035EF5C8E5757FA7832141F88E8578A363802B560007AF93D7D470B478C4D00B412D634C9140C4F9275C00DCE8DFE3C7F8C0AFBC5B2C
310
E82E3C3BDF393D4375D50C43CD1C17E3777CD2C170725B7B42B41DF15BFC344DAD089C1E9118522B4A2C60B794E4E8F33081BB7C8CFCEEA0B2015E49D586429C6C78646180B7710E06018A3082243C275F077FBE412C17DE80D3E6B9462C5204C5D980D1DF84A864401C483CD01B143F4A4868087A0F780F37230200A4FBF6
310
AED325114C367C22512750A5C7C3E32D545CE20A0904183BA10015DCAD89864B3E1EE97EBAE8B204266A48E010511838E2FE413FB116E60880C2D8440AC3880DDA6DF6618C138CF1CB2A09637E18D00F80CB0DC05322E31EADB8081C29410903F06BFCDF5AB46024E4A75828056440503C707856EF0C037623DD4922A400E8
310
A6BD75E4D2800905F18450A00CEE88860C8964C7B3F90F56528BA18F71CFBBBCD2D05797E168FC37DB26DBE0DD2EAEF39686C18440820013C1444055402A541400DD362A0A402F1FE51246404E098249FEE30708C10CA0B54601053159480C00BAA9B1223A773234FE72FD5C3BD81804D8D196FE3D5315A0C981D88D04FA01
310
DFC185CA93F9120E1F480B08063364A0A318F08DF95056E4C91F1150D31B011200383502E079EE43CC18603AE2F88FD139C802A739F208E88D06DC78267C448C27C4113C19B0F51B0E9C1C021CF8F9167C6B1F2E10E461002910105D1042792D1CA303F469714C018C23D72179E165049C40E801CB96CF334562E5807291D1
310
E0C70FE6CAD91656715F0E5C5E70F8D7F83290549B1BAA6F781D25180EBCA93EC84E72A74081CE3020789B3790E1A9E478E658C099BECFF01E530E80EC5FE31204ACFF70AF8177A03059240CD074978A002A878BF883FEEC81DD684E406CA630ACFDE87292822A11953710F000885D6F68A67ED40CD772B0828359B753F7CE
310
23D9479AB9845771B389D6A77130F8C134EFC83947392029B10E4425440A84AF0E54825228FC1634D369874739C837A9DDC83C20D320C36042610ECDFA750303710224D01202488012CA847424F8D53F78AB6BECE9B3B35A7F32396AC6B7444566327DBB4DF06FD9616744F4D3A397EB3B0A3FBA8D763702883ED742FE5CD2
310
4146D8E353ACCF811C806AE09914D8446E93840FF4D6C963FF32BFB6AB015D1D3B0C9A0968776F021F21404B6260CF84A14F35180CE20B5E85BDA2EC91FD5A7DBA7E5705F4F0F97AF26CE18E3BA078138202400A62930FA6CC7882F911A92F33E547E64990B0F27323D73B6222863F86425153FA8009361C675554C25382CE
310
148420C8DCC47A20122806CA178A0918C14CBD33440289078A00EC6070184CA9907FD0A1270478E0B325B67C2193694EDB7DD0F3C238447C8A11485562FB4902134E6AC952FD5320A4F7C780882DA9684285CD81D278C0E8FF8DEC9F45D22DC3C2CA99C2728110888799575B6834BF22B0F01EDE72D7F21B672C40F0A97299
310
9E2200B7C91403F9BB3D09C01990819238CBAE5E7510D7D57450507E3DB04AAA0A3C280064E0775380C8C16EEA4834346A04BF0CE847B4B3AF760D06D24BBB267C32E2C9257DE5EB748AD101AF1FD33265E2B674EED8C01A0AC901392211011AC810560F77778E85B13BAFE3E25C95B70919A4862C15928BD8989664AD8638
310
101D009A80F00BDC41AF27602A4BDA0C077E550048E7F1011410F01405045E1C140B4D0E70E0F6E034171C3D6FD12004FCC1FA304312518910356628A4A326EC9ADF5DFFD1B2C0399503F14B4F8E3E0E4E39A06ABCB56A8014687E86E462BDDE5124615ECDB412B7314F62E6E0C76ADEC0F717B360E741960104CF1706CFA1
310
8E0605004B01AE007869B095ED92144A807841EFF2811C047889A04901C809062057192688C92346F97F279449F89B113500BAD282D1DA80A55C27EFFE02C8D4F395003F285B617BBF0831F49B055342DDDD414378E8888E92C16789F269A27C9A221FAA4A0DFDDB9F935B2ECC04DC51481558A69301E0460B02665AC4DD30
310
C03D480866C3409400051811876014C0F294C542821AB045011A3E3F09001FF304E3A0BED05CC11A811B865001769507FC01ADC611F400CF68C7B093606E30F3C7E0F00C1D10C31951C1E2D7252181DA00345842A19130715C736EC9ECE686A712FDB31E4D3E50AB336E5666D7B212C0113C4A4406029709B43D0228F3FBAF
310
49921B19CA0C82A2D5BC4A2079809240F37D3E10F9637607C3983F0458508A98B8B4EFC92AC13530180CF55359500080061DF59B98BB3FEACEE881DC8127F182A885A86FB12B43C590A4380504E32305E3148BBEEB2D2782029765428092545BA5C2C681FC5F8E869C0EE1034A822FF09A12C94084505AA868080303473F81
310
61F7AA0A6610745E280BE4427FB770106F8800EADABA19F453210435BDB2348471B13B65F2FCB554827632C4C44467333E4127095D22092ED492009930413251B5408345065065E415266E20279A40B3F520370BE2050C8360E6BB4601C1673B9BFE007EF5200B6483CD195400A783E6DEA0653515B0FCE8E86D1618FC1EFC
310
15C2E727F24F2A2DAB57326D8D0877D4E298894E7A0C3C7D9CE8A0E2D17AA2020FA1097D6372F2A9F955060FDD467AD0426368C24A8340FD0D6687A76316DEF5179ED9042005A2BF02A5DD810A4DEFA4A8F700EFC50FF4FB8C06410F0303C106ADF8852ACC6A2CA9046E9ED070739339857222CC009E206479886EA26227BF
310
7A341A15C351A8404A6C10080A2140FA4B4E8D9B9A11645899332363FD69887F436A660566964250FD752E787B64BCF8E6C8190DF8EA0C854C062D8A5A1346F810414313E606ECA0AC3A01D6928544029D5F42E202C0CB386F880F7842A31287061F32F3CBE09F2950783394F2F2B23D85386C6F51943E99DD10C8A0000BA9
310
569A14805693274BD0E4F4DC3F28E331EEA91C4F33ABE057889BFB92819187840A08E57A276A8BFCB75B0342668C70C565C8059996D209C2800941A21FB82B2F520BC2E6FE6F1A8827043DE17000DACC8193E78BBB8DF1467978C06F6AFE986123E3A95272CAC122046F4C65C4B88FED2F1CD1D918F7CDBF8903BF1A90057D
310
42F4DC133AF804ACBB58446A0DB78806FC053FA1E45D0AF1112613CC0DD976C5E70AD3282F42725C0D02AC8588DE451B1C01ABF063E7748A3882F0DD484BB78D037F9812240EB88B6034C0AD53E5116D4C6D920C6A89F084E6D0598AD7EB6930CC7B293E27A666E5CDFE9A3FA52FEB3C97976FDAAE9A60008FCA6B33099CF9
310
880D35D419FC687D424378E3099441E110C5B3C6DC311E6653514A67A530D863326C4D8430E0C28024803B5B069B0E60C10EDB6DF087034171DF01F1F3404B27B1056D8C0E56E7CA6056E7798147BE4C2F01CED5987E413AC6A724876DE3F599E0601CE7B9CEF3BEB3671E12DCE8AF9631B8031D3F360B6955DC2342B2A0E4
310
632A00264C0DA002220CFEC3E10D9BADC8904D88DC51928593AA16C91DF6FFF82B3234404C7214D0F8608E0052283EFB2B0563F1D072936C4017706010BCF1B16CDE0C1FA9C777E44E1F5259B0C9BBC8794A82A6C182A3AF56B16921405351FDDC91B5BAAA617860E8D76C97C377FE701A4EB4378FA97C2C8E3CC8950886C6
310
FD93AF70A1F5F676B7ED16CBC56AF5D09110EEB8607CC08A795882358280DDB98AFFE7087C6EB593D62F041CDB4018935238E73F1098100D0C8769818F777057F64C703C6530E142FDF5C837AE1CF66C94C4887D3A3726AB990DEA248F73B5D32C8E04F6714B1E67C53FC52040252E605B322407CBF8C7F05453462A295ABF
310
4D95592DDD76AC23512E9A2DF964715C80DD752CA8E263AC36F02C3C28A133EB22AC8D099BDEFDE28C3E8FFEE3815D5D00C17C00511058354D62443C1A546280E43572A9C661A34FA5891F8E7570608C8DF21DF51DF9D2A84D4501F41B8CD4F4C9DEB2F901E810C0E4CEB6EC08DFB06341C864CF8D0EEE779A606545E1E64A
310
AF30A4324C20FDD3BD558BD966BA994FA915CD162B1978642AD01694E533EC190368A68234657085B5F88E27A0805E04B8BB6A00A51646EE3C10A50FF007FF410F1963CA69BE2002F0F902E701AEC995FD41F83A3F0C3809A3288A083003A6CC2A20E6D703EE48E3777AC07ADD51EB6101603A9FCF17B3D5928F6D742EE7E4
310
CF38AE2B03C5FB39C81D7B2978FAFE85AF3D2710B0582C970F0FEB0E4D1103B8BE2B4D560CA10002FC8F334C891C07B44FE06B2E3ACE5E1E2D1FC32203110ABF9CA0E8381F68EC3C06701328E5A38278A5FCD944CEA5283DA933DF2A2448BD23F1C5D8BE04CC2DC3B43B3EEC29F8B5FF926D11D3E97EBF7FA1BD1E5E5F5FE6
310
D3D972F548547783146ECD84873F377C5820F7F9FCE5E07378D6CBCB7E036DF7F7104079A05B77C6942D1BA95D47424BFC3DB6411009A42E207871B7EE9B06614BBD20F22F7523FB985F3F7068E37600273A3ED0C1CCC380F6EC4AF01CC1CF95E4848B7BF950AD14C44F10460221E02D21D01DAE800F323704C00035DFE97C
310
B37F797D3D1C0E4FBF35EE1E5E9E0E879FBF3DF6F474780A01FB3DAF01FE0C0798218007C2090A3008BA7682A338F4A8804A06CBFE6A80CEC766F49853F15B2F45FCEA3F8250012841315016E75E797EFEEC4ACA6C79F515CF1738F7C36E2406071051043817C9E8C5888D49D0332E800062FF54FA562BF7446CC0BFDFBF86
310
03D1FEFCC9F7FFB5A7F000430755C2D3F72F2D02A022820897ABDD44594475BDCCA4A10AF34C06B08B4AB58BBFAE30999DC66C7CE903A83CF8EB006EEEAA063430F84B05F0ECF644825F5E95073870E72A0771AB89B080022A0C5A9FAF34C89286257FB7BEA000EC65B59750C68E0815B0D9834B15606328F80709DE09018A
310
C2A7817F83F96DB3D562C10A0A31300230CD4200B87F85808BAF64D04600254047F9C14DE93464009E7F5AABB4FDD6D55142A2C0BF1541FCE19C20C899BF4F76AB54B84CB97F88F48ECC029FD253F0C70DF4816B9AC94BCBD653B1A283C4001A0337955E4AFED3FB790B6B1F5EA0B5514074103A38D84280EE0F5F9BE974EA
310
B2D16AB1EA969684B6E4166CA28264B300474C7308D20013B204A65F82970718D05678B3315D442E1C0A327E2F56556040C005D2FAB1326A68A07507C9E46A3648555A7080F5F50219A00E6222E3E0862CE95B5680930530742F1D041805E69B788161F015944D041182B861A2C17F3AF01CF5BFDF6C343F9171F5B004BF59
310
C016719164B888EA206A02AD05E8464D06B48E4381A0E9345FD171625AC22198F57C003BEA5510F81FF78D31C9B033D0030000000049454E44AE426082504B0304140006080800787E8A5B51464CB48900000043010000360000006662782F30354544383846362D343038322D343544452D384538452D3634324636413442
310
454446362F6469726563746F72792E786D6C9D8F310EC2300C45AF127987122606C71DD918B841D4B851A43646695A717C52A85029031293A5A76FBF6FACEF7DA7264E43906840EF0FA03836E242F406C6DCEE4EA06AC22492573150D1F66C60C640E8938CB705396EEDD86DE9B5042FE27813D640EA63BB001C722AF6E55C
310
B61E4863F58284D5D3F53DD715CE1C3985E63FD7F1B7EBDD617E9F1E504B0304140006080800787E8A5B37FC8B4946070000541C0000340000006662782F30354544383846362D343038322D343544452D384538452D3634324636413442454446362F6F626A656374732E786D6CDD595B6FE23814FE2B56F665F721776060
310
44191528151A7566346856FB169960A8B7B9C9495ABABF7E8F1D3BC46928E95CA4D5520952C7393EE73BF793E987631CA147C2729A2657866B3906224998EE6872B832CA626F8E0DF46186A62C4D8BC63E0325382657065F3666D3034BCB4C2EEDC81E97517B7535FF0BE521498881C208E7F9959187F724C6162E8B7447F2
310
076B870B6C1DF647CBB5AA8D3AD903C3D97DEBA80C339214C02AAC27404572E0EAFF8248F66C6AF30DDA36BFDF36EF956DB6105C679426798193F00557ADE3BC335CB58EF3DDC1F2C61B4ECCE160E09B8391E79AF3D57C69BAEF7C67315A2C26D7371303CDA6DB348D6A056424D981169F8D993BB5F99D5A7C894217DF619A
310
24249468766DD811499792BC8D8906AC2B446B28A492B5B1E0F714FECCB65EA0682C69682BE1D46FD37AD3EDDF0042DEC74A594EB895E705035D4BEC2B7F70A676B5AAE985E628C60561144728A25B86192808B6560AD2C8706FE1A410C74C6851D16BF20A867DD997BAB8DC9751C4FDD798094F0BC01F49910BCEE83F849D
310
B86F9E063C81B4254D8AB114B678CE80C4646A8BC5EA9EEFC99B1590681FE103580B88C937F95E0BAF058F05EBA531FBB8DA1E373C3E741F9EB13423ACE096279C59FA9DD260C3B4C0F87A8052E1AAEBEE84CA5780FE13205FF382A6A039468F83E340C9CE7092EF5316837690834C07BE1CC42F5F5C4DEDFAE119425AAC3C
310
8729B8ED4FC25413433BBB01E96CFA08469F325F0AB7097104367D4713EEE76028284A6109E2FD7E7B34666B08A6B0084FE108A487BFA9CD2F11FC547420DEB434D4157E7B284A394CDBCF4EBABA059B6134AC55A5C9780EDFE14FC1F77AB9F9B829D91E87E44E3AF692EC69420B48A6DD0C69A06B2EFF6DFD4978E46D946E
310
71747A5ADB14C2318794C78D0EB56CA45A90D00B70C2D370A519B17247C1DBA30827242D73B9DE15A7C2344A59B07D0E2A17EE3CEB4F6503D561D2003A631924F790D18C6362CCA4B6EA40683504050BC34C5AE0A1D26AB02DE32CC0715A263CD4BE34C5361F1067B8250255414D19B6F25A457647F7FB3287E0D54972A101
310
29FD5911AE2C7C0071AC8B5F46F60C43124D9380420E0667E93C413BA006EF759E7312ED031A45651CEC69047924887176867E4F099A99EB813C3FA56CD74950B72CE593CA8638E012580592CA5655CC973A65E491F23253E433950DB41DB20E35668333E982678A0E4095310A33BF9E3BDE68EE7BA6B7588DCCC164B832E7
310
8EEF9B737FE4BB2B5E3C39E0FED24A0402A768D5CC77A04A5EE668FE57DC97F136C134821B9C02DE65EF3F88EC79654368B49DE1CD723CE6C73A63CF1C0C9737E6F8667C638E06DE6A743D98DF2C57239B913C2D594872DBB39D409964961CCE7155C7529EB5407EF8969042597339D9297DB585F91FC7D0764ED094F85F0D
310
A275ECEA2808FB0651FE683B84E2F081A7A82084AAAFD37D5A41B4CD47579C7B635C762CDF111FD79D78CEC41B4F86C39E614F9CF4C391AE4B86103ACFB208D20C87B4E84EA92D647AB2FCA6EC62F9EEB0C2467D7B1E02BC7AAFD64CBD9E992453018DF181047BCCFB8A8E507A49E2CEAC7788D23CA709C9455FF8A25E6CD1
310
74AC53FC9559BAC36C691EC4A4C0DF63B1A2D168790144F328800EB6E033848B7544ED02B267394791F7CB90EA85FCCF418EE32CAA7AE34B18B89E0AF6AA2BEAB250CE343FE211EC33C045E0EC8818755CA25EB3AF2A8A4EADB5A94FBE9BFC19785425F40BE15147F42FB6ACA13BE19F3184A1D1D0F547EF6A555C424B1D56
310
F0DE2F2AA15B0D9F8327420FF7BD8AD37E5A69947955215E90185A5F5C94AC97C78E209A28DB5202C9C8D07289C6496F2C2845CFA7BA3E384C347DE74AE2C63150BBD2046663BD04792145A7110B5D8839201F77BDC1B3153617A9FE70C4FCE55576D3FD62280EFBE00015765502CBF8A3D5E19D95BA5643E54FB80821946E
310
C4AF39078FD891DDA999D3C87595F5AAA6BD5471AF79488D61CA8B79A4BDE317D1570CAA868E3BB76FAB42CFAED6D73CB55930D03EF1A131ADD3FA7CBB69518195DE4F7FE11891A71605B9BAE01DF42BA4BEAD4F7382160529D1B7F52B8FFF27BA10A5C046370213E43C8D280CF2C90E1D480AF91B46153D3A1416935CE4E5
310
5367A3DE22F478FAB19AC316781BA9BE28BCC730CC8E64FF56863048859C7965C875F41B8C4EF9F4520CB4AC0768DD640C3350C9E89501165B50E8D0AC2D8CC0C4C051506F8D38C1B17172E019BF7AAAFEFFF4D88B8EADDED307172999E64C500A67E2DD02D47DD58DD9F4FB4557EC205CC0E5B62C6A614E0B27692408EA25
310
42251C4C0A1F24BC4728295E97CBB5C41EAD89ED35CD7FD50E2AAA6681D9418CE41B3679BDFC62F369FAFA33CAA2F2C0D5F95AC7AC513279A71E95D5E46A0A8621C5CC30AF2217EFED2F2C85D752315A513002F4FB713CFAC35EA4719C26D5927D2D5F6EA1CD3DBCAADAD96A4C08ADBFE3B9B6981CC85701C116E7C4C2BBFC
310
011640B58CF2796A05B1660075346D1880D208D7053CA6ED5F2F91AC8E1A539566D8E5F088F700081C89BFFFE16ED3DCD0185A822F0057E2E6E9422D4C6D0683F3D9BF504B0304140006080800787E8A5BB2625501E1000000550100003C0000006662782F30354544383846362D343038322D343544452D384538452D3634
310
324636413442454446362F7265736F75726365732F322F636E782E786D6C4D90CD6A042110845F6510721C7F860C248BE3BEC49E72598CF64E64D51EFC09C9DB47370672EAA6EAA3A92E79FE0A7EFA84941DC68D08CAC904D1A07571DF482DB7F9854C67251362F9879129EA001BE93251724F588F2159B8E9EABBEA5DBC0F
310
915F7788909CB91E712793F13AE78D64F30141535D0B5AC8776A75D154D004196B32D04E1417609C300974014BD4C2977516CB2CF845ACA7559C9E5FDF24EBA492EF887EF02E1648783C2DDC605B634BC425EB809235B941F5379AF1178FB67892355BC95C52EB6060E5FB68980B7A07F6407E5D25597FB28D47036DF642D4
310
0F504B0304140006080800787E8A5BFF15A4A45D000000800000003A0000006662782F30354544383846362D343038322D343544452D384538452D3634324636413442454446362F7265736F75726365732F636E782E786D6C4D8B3B0E80201005AF42B6F75B59F0390B113044D83508C6E30BC6C26AF226F3B8BA6360974D
310
A7271430F523308B2B198F9B80925DB700539227A2FCCB80A18E5640D320F996A81C9F32D6E9129A0D1EF74FCE750E6D57BC7165FBCA07504B0304140006080800787E8A5B3937C2CD4201000056050000300000006662782F30354544383846362D343038322D343544452D384538452D3634324636413442454446362F63
310
6E782E786D6CCD94C14A033110865F650978DC6477B1A0259B82079FC08378CB66A76BEC6EB22413B16F6F52D35691A287427B0B932FF0FF337F86AF3EA6B17807E7B5352DA969450A30CAF6DA0C2D09B82EEF48B112DC598BDF30521839414B5299083E381BE65CEA612DC398AAA3369B5C94884E7701C193428DD2FB9678
310
F50A93A432A0EDC16F682F51D29A3AF0363805F13DEA09F27BE54022F4443455B328EBA6ACABA77AB15CD4CBDBFB17CE12297867ED98796D109C9D6F9A4AD97834514EC55902040F4E672A7920E2A88D76DA7016EF05F751AF193287DB3971F33C6A2531368A5985806584404E9C7DC182B3E4F887EFC787E7A38678EAB503
310
85D66D2FD686FA541B0ED2684CC4FFBAB003FF326FBBB768F972733F69380B3B9BDD7D727D8CEEEF24C43C49338CD7F8010ED2CE9FFFB85850AB6B34BD577626CF6CB702E3E0D346149F504B0304140006080800787E8A5B3DB4B8277D000000A30000000B0000006662782F636E782E786D6C4D8C410EC2201405AF42FE1E
310
C58692BF80361AE01E8DA50D9182C1623CBE60BA70F592C99B91E3670BE4EDF2CBA7A8E07262405CBCA7D9C75541D9178A40C641E694F6BF1B90386D4E41C330C835A7F23CD0EC96A98446838F8F03B2DE68442B2867D851DE6B43D1A0A18277565CF9CD682BAA716E4A9D5FAF6ECB0F5F504B0304140006080800787E8A5B
310
A6D797065F0000008200000007000000636E782E786D6C4DCB3B0E80201045D1AD90E9FD7516806B51190811670C8A61F982B1B0BAC9C97B72CA7B1037C6D3332918DA1E04D2CAC69353902EDB8C20262D23F3F59B81A079470595414B17391D1F19B4730A5583A7ED43BBE4025D9592775E5ADFFA01504B03041400060808
310
00787E8A5BECFD112DA800000026010000130000005B436F6E74656E745F54797065735D2E786D6C7D4F4B0EC22010BD0A61DF525D18634ABB506FE00510A79458060253536F2FD89D5197F3FED3F68B9BD80362B21E25DFD40D6780DADF2C1AC9671AAA3D677DD75E9E0112CB5A4C928F44E12044D22338956A1F003333F8
310
E814E5331A1194BE2B0362DB343BA13D122055543278D79E6050F344ECBC6478EDCD76CE8EABAE5449AE4298AC56946789C28AAFBEABC53F3EAF09A84A1441B91F0101CD4780756578C173A578FFDDBD00504B0304140006080800787E8A5B3DEE336E64000000790000001B0000006175746F6465736B2D64657369676E2D
310
7061636B6167652E786D6C35CBC10E83200C00D05F21DCA56CA76D41FC96062B120735B69A7DBE268BB7777961F8D5AF396893C2ADB70FE7ADA196782C2DF776D7A97B5933C430F15651E5469C55D70F80A4992A3ADC954792C525AE70A1E4D6AD9816CC044FEFDF01FE3FDE907802504B0304140006080800787E8A5BFCD7
310
F853F50000008E0100003D0000006662782F30354544383846362D343038322D343544452D384538452D3634324636413442454446362F7265736F75726365732F322F636F72652E786D6C8550CB6E833010FC15B47783ED404322E3A825E40B7AEACD320EB1126CE447D5CFAF1DA8D49E7ADAD5ECCCECEEB0D3D7FC283E95
310
F3DA9A0E4889A15046DA519BA98318AEA885E2C499B336FCA24161C4AC3AC8307036391B970D92D60465326AECA8365078AF0214F2919A0EBCBCA959942286C4F0F77211F22E26559272E57116A31E37A91E939BBE6AE580F743535F8696A21AD70754BF0E3D6A776F3D7AD95FDAF31E9F291E7A5665316741CF3FDBA55322
310
A81138C5B441842282DF49736CC8B13E7CB02A3339F3C1A59FB7A5F9BB4467D58AFE718BCBF8BF5BD426ECE8E6B62A3C70928E7B0E38AB723AA93CA34B3527C9BF01504B0304140006080800787E8A5B8C9267B9FA000000960100003B0000006662782F30354544383846362D343038322D343544452D384538452D363432
310
4636413442454446362F7265736F75726365732F636F72652E786D6C8550CB6E833010FC15B4770326D090C8386A09F9829E7AB3CC86580936F2A3EAE7D70E546A4F3DED6A76667677D8E96B7E649F689D32BA039A9790A19666547AEA20F82B69213B71668DF1BF6890693163070906CE266BC2B241D2688F3AA1DA8CB881
310
C239F490C9476C3A70F286B3C845F091E1EEF922E45D4C98D37CE57116821A37A91AA39BBA2AB4C0FBA1A92F435B91BAAC0FA47E1D7AD2EEDE7AF2B2BFB4E77D79AECAA167451273E6D5FCB35D5A141E47E055593584568496EFB43936F4581F3E5891989C396FE3CFDBD2F41D708BCE042BD1B1629DFE710DCBF8BF6B50DA
310
EFAACD755538E0341EF91C7056A494627946186B4A947F03504B0304140006080800787E8A5BD43EBD59F2000000B1010000310000006662782F30354544383846362D343038322D343544452D384538452D3634324636413442454446362F636F72652E786D6C8D504D6F842014FC2BE6DD51A16AEC06D9B4517F414FBD11
310
605DB22B183E9AFEFCC26A93F6B6A747E6CD30F3869EBFD77BF1A59CD7D60C80CB1A0A658495DA2C03C470413D1467469DB5E10F0D0AC35735408681D1C5D9B81D90B02628935163A53A40EEBD0A50887B7A0CE0C555ADBCE4312486BF951B1737BEA812973B8FD1A0D75FA9708A072581919AB4081384EB0FDC9E5A7C6A5E
310
3F6995998CC6A8E561A56572D717AD1CB0BA9DC6BE9F3BD4D43D414D3B4EA89FFA09750D99BBB7E67D1AE78E5659CCA80F2EDD7C7C92AF7B56BE0BFF658E9B7C22B336E1851C86BBC203C329CF63C168950B4CE3D16E9AB96CF603504B0304140006080800787E8A5B23EB4C6F55010000DD0200000C0000006662782F636F
310
72652E786D6C8D52CB6E833010FC15E4BB79051A1219472D215FD0536F8E718815B091B1513EBF360F510E4D2B2463CDEECEEC8C8C4ECFB6F106A67A2E450E223F041E1354565CD43930FA0633E09D305252EA1F6DC013A465397030C0A856D2743344A5D04C3854C88ACD20E97BA681471B7BC9414FEFAC253E31DA76F40F
310
BF23F4416AE647FED4879131BC9A477965D9F88D33057051A6C9A5CC629884C90126EF6501B3DD4701DFF697ECBC0FCF7158162870C31869DE2EEA5431A25905701CC6298C6218859F517A4CA36372F84281EBC4A8D7CA7A9E459D3B806FD7270A267CC367BAEA6F3EC385DEC533DF34D1031CD9F5C6024681CBC7FEC6F0B6
310
195A619B9F26D766B1F0B0D0C0A8962AB1954A9AB53490C6304B1D7AE38782A96A994782DF78E2173CAF396C5044D47635A2EDF56AB453DFEED4310507FDF484542D69D6E5A615D77315DA585AC6A96CA4FACFF462750933700F137F03504B0304140006080800787E8A5BBBE4BB5608010000B201000008000000636F7265
310
2E786D6C8D50C172832014FC15E6DD5120DA980C92698DF9829E7AA3422C13054730D3FE7D21DA99F6D6D36376F7BD5D969F3EC701DDF5EC8DB335D08C00D2B673CAD8BE86255C7105E824F8EC5CF8250364E5A86B483008DECF6E9936A87336689B50EB94DE40E9BD0E80BA213E6AF0DD871E6526971015FE964DB2BBC95E
310
67345B75820733FEAC76B396412B108CB01253862979A5E5B1A4C7E2F0C6F3A4147C598CDAAC8C8AEEE66AF40CA269CBE2D2560C17A438E0E2B96D70B57B69F0D3FE529DF7E4CC48DBF03C2D0BEEC31CFFBC1D893903F2F29E7C79BE5282BF3B376C82184A2167872F1084E789F8137A99D43F421B1B766C3BB86E78103406
310
7A10D1383518C7A3DE3853DBE21B504B01021400140006080800787E8A5B0000000000000000000000003700000000000000000000000000000000006662782F30354544383846362D343038322D343544452D384538452D3634324636413442454446362F617474726962757465732E62696E504B01021400140006080800
310
787E8A5B0000000000000000000000003500000000000000000000000000550000006662782F30354544383846362D343038322D343544452D384538452D3634324636413442454446362F76657274696365732E62696E504B01021400140006080800787E8A5BF270F1330600000004000000360000000000000000000000
310
0000A80000006662782F30354544383846362D343038322D343544452D384538452D3634324636413442454446362F747269616E676C65732E62696E504B01021400140006080800787E8A5BB5A795FFE3790000DE7900004200000000000000000000000000020100006662782F30354544383846362D343038322D343544
310
452D384538452D3634324636413442454446362F7265736F75726365732F322F305F67656E657269632E706E67504B01021400140006080800787E8A5B51464CB489000000430100003600000000000000000000000000457B00006662782F30354544383846362D343038322D343544452D384538452D3634324636413442
310
454446362F6469726563746F72792E786D6C504B01021400140006080800787E8A5B37FC8B4946070000541C00003400000000000000000000000000227C00006662782F30354544383846362D343038322D343544452D384538452D3634324636413442454446362F6F626A656374732E786D6C504B010214001400060808
310
00787E8A5BB2625501E1000000550100003C00000000000000000000000000BA8300006662782F30354544383846362D343038322D343544452D384538452D3634324636413442454446362F7265736F75726365732F322F636E782E786D6C504B01021400140006080800787E8A5BFF15A4A45D000000800000003A000000
310
00000000000000000000F58400006662782F30354544383846362D343038322D343544452D384538452D3634324636413442454446362F7265736F75726365732F636E782E786D6C504B01021400140006080800787E8A5B3937C2CD42010000560500003000000000000000000000000000AA8500006662782F3035454438
310
3846362D343038322D343544452D384538452D3634324636413442454446362F636E782E786D6C504B01021400140006080800787E8A5B3DB4B8277D000000A30000000B000000000000000000000000003A8700006662782F636E782E786D6C504B01021400140006080800787E8A5BA6D797065F00000082000000070000
310
0000000000000000000000E0870000636E782E786D6C504B01021400140006080800787E8A5BECFD112DA8000000260100001300000000000000000000000000648800005B436F6E74656E745F54797065735D2E786D6C504B01021400140006080800787E8A5B3DEE336E64000000790000001B0000000000000000000000
310
00003D8900006175746F6465736B2D64657369676E2D7061636B6167652E786D6C504B01021400140006080800787E8A5BFCD7F853F50000008E0100003D00000000000000000000000000DA8900006662782F30354544383846362D343038322D343544452D384538452D3634324636413442454446362F7265736F757263
310
65732F322F636F72652E786D6C504B01021400140006080800787E8A5B8C9267B9FA000000960100003B000000000000000000000000002A8B00006662782F30354544383846362D343038322D343544452D384538452D3634324636413442454446362F7265736F75726365732F636F72652E786D6C504B01021400140006
310
080800787E8A5BD43EBD59F2000000B101000031000000000000000000000000007D8C00006662782F30354544383846362D343038322D343544452D384538452D3634324636413442454446362F636F72652E786D6C504B01021400140006080800787E8A5B23EB4C6F55010000DD0200000C000000000000000000000000
310
00BE8D00006662782F636F72652E786D6C504B01021400140006080800787E8A5BBBE4BB5608010000B201000008000000000000000000000000003D8F0000636F72652E786D6C504B050600000000120012002D0600006B9000000000
  0
XRECORD
  5
2C89
102
{ACAD_REACTORS
330
2C88
102
}
330
2C88
100
AcDbXrecord
280
     1
102
ACAD_ROUNDTRIP_2012_MLEADER_STYLE
298
     1
  0
XRECORD
  5
2C8B
102
{ACAD_REACTORS
330
2C8A
102
}
330
2C8A
100
AcDbXrecord
280
     1
102
ACAD_ROUNDTRIP_2012_MLEADER_STYLE
298
     1
  0
XRECORD
  5
2C8C
102
{ACAD_REACTORS
330
2C68
102
}
330
2C68
100
AcDbXrecord
280
     1
102
DISPLAYNAME
  1
Metric50
102
FLAGS
 90
        0
  0
XRECORD
  5
2C8E
102
{ACAD_REACTORS
330
2C8D
102
}
330
2C8D
100
AcDbXrecord
280
     1
102
RTVSPropertyOp0
 70
     1
102
RTVSPropertyOp1
 70
     1
102
RTVSPropertyOp2
 70
     1
102
RTVSPropertyOp3
 70
     1
102
RTVSPropertyOp4
 70
     1
102
RTVSPropertyOp5
 70
     1
102
RTVSPropertyOp6
 70
     1
102
RTVSPropertyOp7
 70
     1
102
RTVSPropertyOp8
 70
     1
102
RTVSPropertyOp9
 70
     1
102
RTVSPropertyOp10
 70
     1
102
RTVSPropertyOp11
 70
     1
102
RTVSPropertyOp12
 70
     1
102
RTVSPropertyOp13
 70
     1
102
RTVSPropertyOp14
 70
     1
102
RTVSPropertyOp15
 70
     1
102
RTVSPropertyOp16
 70
     1
102
RTVSPropertyOp17
 70
     1
102
RTVSPropertyOp18
 70
     1
102
RTVSPropertyOp19
 70
     1
102
RTVSPropertyOp20
 70
     1
102
RTVSPropertyOp21
 70
     1
102
RTVSPropertyOp22
 70
     1
102
RTVSPropertyOp23
 70
     1
102
RTVSPropertyOp24
 70
     1
102
RTVSPropertyOp25
 70
     1
102
RTVSPropertyOp26
 70
     1
102
RTVSPropertyOp27
 70
     1
102
RTVSPropertyOp28
 70
     1
102
RTVSPropertyOp29
 70
     1
102
RTVSPropertyOp30
 70
     1
102
RTVSPropertyOp31
 70
     1
102
RTVSPropertyOp32
 70
     1
102
RTVSPropertyOp33
 70
     1
102
RTVSPropertyOp34
 70
     1
102
RTVSPropertyOp35
 70
     1
102
RTVSPropertyOp36
 70
     1
102
RTVSPropertyOp37
 70
     1
102
RTVSPropertyOp38
 70
     1
102
RTVSPropertyOp39
 70
     1
102
RTVSPropertyOp40
 70
     1
102
RTVSPropertyOp41
 70
     1
102
RTVSPropertyOp42
 70
     1
102
RTVSPropertyOp43
 70
     1
102
RTVSPropertyOp44
 70
     1
102
RTVSPropertyOp45
 70
     1
102
RTVSPropertyOp46
 70
     1
102
RTVSPropertyOp47
 70
     1
102
RTVSPropertyOp48
 70
     1
102
RTVSPropertyOp49
 70
     1
102
RTVSPropertyOp50
 70
     1
102
RTVSPropertyOp51
 70
     0
102
RTVSPropertyOp52
 70
     0
102
RTVSPropertyOp53
 70
     1
102
RTVSPropertyOp54
 70
     1
102
RTVSPropertyOp55
 70
     1
102
RTVSPropertyOp56
 70
     1
102
RTVSPropertyOp57
 70
     1
102
RTVSPost2010Prop28
280
     1
102
RTVSPost2010PropOp28
 70
     1
102
RTVSPost2010Prop29
280
     1
102
RTVSPost2010PropOp29
 70
     1
102
RTVSPost2010Prop30
280
     0
102
RTVSPost2010PropOp30
 70
     1
102
RTVSPost2010Prop31
280
     0
102
RTVSPost2010PropOp31
 70
     1
102
RTVSPost2010Prop32
280
     0
102
RTVSPost2010PropOp32
 70
     1
102
RTVSPost2010Prop33
280
     0
102
RTVSPost2010PropOp33
 70
     1
102
RTVSPost2010Prop34
280
     0
102
RTVSPost2010PropOp34
 70
     1
102
RTVSPost2010Prop35
280
     0
102
RTVSPost2010PropOp35
 70
     1
102
RTVSPost2010Prop36
280
     0
102
RTVSPost2010PropOp36
 70
     1
102
RTVSPost2010Prop37
 90
       50
102
RTVSPost2010PropOp37
 70
     1
102
RTVSPost2010Prop38
140
0.0
102
RTVSPost2010PropOp38
 70
     1
102
RTVSPost2010Prop39
140
1.0
102
RTVSPost2010PropOp39
 70
     1
102
RTVSPost2010Prop40
 90
        0
102
RTVSPost2010PropOp40
 70
     1
102
RTVSPost2010Prop41ColorIndex
 90
       18
102
RTVSPost2010Prop41ColorRGB
 90
        0
102
RTVSPost2010PropOp41
 70
     1
102
RTVSPost2010Prop42
 90
       50
102
RTVSPost2010PropOp42
 70
     1
102
RTVSPost2010Prop43
 90
        3
102
RTVSPost2010PropOp43
 70
     1
102
RTVSPost2010Prop44ColorIndex
 90
        5
102
RTVSPost2010Prop44ColorRGB
 90
      255
102
RTVSPost2010PropOp44
 70
     1
102
RTVSPost2010Prop45
280
     0
102
RTVSPost2010PropOp45
 70
     1
102
RTVSPost2010Prop46
 90
       50
102
RTVSPost2010PropOp46
 70
     1
102
RTVSPost2010Prop47
 90
       50
102
RTVSPost2010PropOp47
 70
     1
102
RTVSPost2010Prop48
 90
       50
102
RTVSPost2010PropOp48
 70
     1
102
RTVSPost2010Prop49
280
     0
102
RTVSPost2010PropOp49
 70
     1
102
RTVSPost2010Prop50
 90
       50
102
RTVSPost2010PropOp50
 70
     1
102
RTVSPost2010Prop51ColorIndex
 90
      256
102
RTVSPost2010Prop51ColorRGB
 90
-16777216
102
RTVSPost2010PropOp51
 70
     0
102
RTVSPost2010Prop52
140
1.0
102
RTVSPost2010PropOp52
 70
     0
102
RTVSPost2010Prop53
 90
        2
102
RTVSPost2010PropOp53
 70
     1
102
RTVSPost2010Prop54
  1
strokes_ogs.tif
102
RTVSPost2010PropOp54
 70
     1
102
RTVSPost2010Prop55
280
     0
102
RTVSPost2010PropOp55
 70
     1
102
RTVSPost2010Prop56
140
1.0
102
RTVSPost2010PropOp56
 70
     1
102
RTVSPost2010Prop57
140
1.0
102
RTVSPost2010PropOp57
 70
     1
  0
XRECORD
  5
2C90
102
{ACAD_REACTORS
330
2C8F
102
}
330
2C8F
100
AcDbXrecord
280
     1
102
RTVSPropertyOp0
 70
     1
102
RTVSPropertyOp1
 70
     1
102
RTVSPropertyOp2
 70
     1
102
RTVSPropertyOp3
 70
     1
102
RTVSPropertyOp4
 70
     1
102
RTVSPropertyOp5
 70
     1
102
RTVSPropertyOp6
 70
     1
102
RTVSPropertyOp7
 70
     1
102
RTVSPropertyOp8
 70
     1
102
RTVSPropertyOp9
 70
     1
102
RTVSPropertyOp10
 70
     1
102
RTVSPropertyOp11
 70
     1
102
RTVSPropertyOp12
 70
     1
102
RTVSPropertyOp13
 70
     1
102
RTVSPropertyOp14
 70
     1
102
RTVSPropertyOp15
 70
     1
102
RTVSPropertyOp16
 70
     1
102
RTVSPropertyOp17
 70
     1
102
RTVSPropertyOp18
 70
     1
102
RTVSPropertyOp19
 70
     1
102
RTVSPropertyOp20
 70
     1
102
RTVSPropertyOp21
 70
     1
102
RTVSPropertyOp22
 70
     1
102
RTVSPropertyOp23
 70
     1
102
RTVSPropertyOp24
 70
     1
102
RTVSPropertyOp25
 70
     1
102
RTVSPropertyOp26
 70
     1
102
RTVSPropertyOp27
 70
     1
102
RTVSPropertyOp28
 70
     1
102
RTVSPropertyOp29
 70
     1
102
RTVSPropertyOp30
 70
     1
102
RTVSPropertyOp31
 70
     1
102
RTVSPropertyOp32
 70
     1
102
RTVSPropertyOp33
 70
     1
102
RTVSPropertyOp34
 70
     1
102
RTVSPropertyOp35
 70
     1
102
RTVSPropertyOp36
 70
     1
102
RTVSPropertyOp37
 70
     1
102
RTVSPropertyOp38
 70
     1
102
RTVSPropertyOp39
 70
     1
102
RTVSPropertyOp40
 70
     1
102
RTVSPropertyOp41
 70
     1
102
RTVSPropertyOp42
 70
     1
102
RTVSPropertyOp43
 70
     1
102
RTVSPropertyOp44
 70
     1
102
RTVSPropertyOp45
 70
     1
102
RTVSPropertyOp46
 70
     1
102
RTVSPropertyOp47
 70
     1
102
RTVSPropertyOp48
 70
     1
102
RTVSPropertyOp49
 70
     1
102
RTVSPropertyOp50
 70
     1
102
RTVSPropertyOp51
 70
     0
102
RTVSPropertyOp52
 70
     0
102
RTVSPropertyOp53
 70
     1
102
RTVSPropertyOp54
 70
     1
102
RTVSPropertyOp55
 70
     1
102
RTVSPropertyOp56
 70
     1
102
RTVSPropertyOp57
 70
     1
102
RTVSPost2010Prop28
280
     0
102
RTVSPost2010PropOp28
 70
     1
102
RTVSPost2010Prop29
280
     1
102
RTVSPost2010PropOp29
 70
     1
102
RTVSPost2010Prop30
280
     1
102
RTVSPost2010PropOp30
 70
     1
102
RTVSPost2010Prop31
280
     0
102
RTVSPost2010PropOp31
 70
     1
102
RTVSPost2010Prop32
280
     0
102
RTVSPost2010PropOp32
 70
     1
102
RTVSPost2010Prop33
280
     0
102
RTVSPost2010PropOp33
 70
     1
102
RTVSPost2010Prop34
280
     0
102
RTVSPost2010PropOp34
 70
     1
102
RTVSPost2010Prop35
280
     0
102
RTVSPost2010PropOp35
 70
     1
102
RTVSPost2010Prop36
280
     0
102
RTVSPost2010PropOp36
 70
     1
102
RTVSPost2010Prop37
 90
       50
102
RTVSPost2010PropOp37
 70
     1
102
RTVSPost2010Prop38
140
0.0
102
RTVSPost2010PropOp38
 70
     1
102
RTVSPost2010Prop39
140
1.0
102
RTVSPost2010PropOp39
 70
     1
102
RTVSPost2010Prop40
 90
        0
102
RTVSPost2010PropOp40
 70
     1
102
RTVSPost2010Prop41ColorIndex
 90
       18
102
RTVSPost2010Prop41ColorRGB
 90
        0
102
RTVSPost2010PropOp41
 70
     1
102
RTVSPost2010Prop42
 90
       50
102
RTVSPost2010PropOp42
 70
     1
102
RTVSPost2010Prop43
 90
        3
102
RTVSPost2010PropOp43
 70
     1
102
RTVSPost2010Prop44ColorIndex
 90
        5
102
RTVSPost2010Prop44ColorRGB
 90
      255
102
RTVSPost2010PropOp44
 70
     1
102
RTVSPost2010Prop45
280
     0
102
RTVSPost2010PropOp45
 70
     1
102
RTVSPost2010Prop46
 90
       50
102
RTVSPost2010PropOp46
 70
     1
102
RTVSPost2010Prop47
 90
       50
102
RTVSPost2010PropOp47
 70
     1
102
RTVSPost2010Prop48
 90
       50
102
RTVSPost2010PropOp48
 70
     1
102
RTVSPost2010Prop49
280
     0
102
RTVSPost2010PropOp49
 70
     1
102
RTVSPost2010Prop50
 90
       50
102
RTVSPost2010PropOp50
 70
     1
102
RTVSPost2010Prop51ColorIndex
 90
      256
102
RTVSPost2010Prop51ColorRGB
 90
-16777216
102
RTVSPost2010PropOp51
 70
     0
102
RTVSPost2010Prop52
140
1.0
102
RTVSPost2010PropOp52
 70
     0
102
RTVSPost2010Prop53
 90
        2
102
RTVSPost2010PropOp53
 70
     1
102
RTVSPost2010Prop54
  1
strokes_ogs.tif
102
RTVSPost2010PropOp54
 70
     1
102
RTVSPost2010Prop55
280
     0
102
RTVSPost2010PropOp55
 70
     1
102
RTVSPost2010Prop56
140
1.0
102
RTVSPost2010PropOp56
 70
     1
102
RTVSPost2010Prop57
140
1.0
102
RTVSPost2010PropOp57
 70
     1
  0
XRECORD
  5
2C92
102
{ACAD_REACTORS
330
2C91
102
}
330
2C91
100
AcDbXrecord
280
     1
102
RTVSPropertyOp0
 70
     1
102
RTVSPropertyOp1
 70
     1
102
RTVSPropertyOp2
 70
     1
102
RTVSPropertyOp3
 70
     1
102
RTVSPropertyOp4
 70
     1
102
RTVSPropertyOp5
 70
     1
102
RTVSPropertyOp6
 70
     1
102
RTVSPropertyOp7
 70
     1
102
RTVSPropertyOp8
 70
     1
102
RTVSPropertyOp9
 70
     1
102
RTVSPropertyOp10
 70
     1
102
RTVSPropertyOp11
 70
     1
102
RTVSPropertyOp12
 70
     1
102
RTVSPropertyOp13
 70
     1
102
RTVSPropertyOp14
 70
     1
102
RTVSPropertyOp15
 70
     1
102
RTVSPropertyOp16
 70
     1
102
RTVSPropertyOp17
 70
     1
102
RTVSPropertyOp18
 70
     1
102
RTVSPropertyOp19
 70
     1
102
RTVSPropertyOp20
 70
     1
102
RTVSPropertyOp21
 70
     1
102
RTVSPropertyOp22
 70
     1
102
RTVSPropertyOp23
 70
     1
102
RTVSPropertyOp24
 70
     1
102
RTVSPropertyOp25
 70
     1
102
RTVSPropertyOp26
 70
     1
102
RTVSPropertyOp27
 70
     1
102
RTVSPropertyOp28
 70
     1
102
RTVSPropertyOp29
 70
     1
102
RTVSPropertyOp30
 70
     1
102
RTVSPropertyOp31
 70
     1
102
RTVSPropertyOp32
 70
     1
102
RTVSPropertyOp33
 70
     1
102
RTVSPropertyOp34
 70
     1
102
RTVSPropertyOp35
 70
     1
102
RTVSPropertyOp36
 70
     1
102
RTVSPropertyOp37
 70
     1
102
RTVSPropertyOp38
 70
     1
102
RTVSPropertyOp39
 70
     1
102
RTVSPropertyOp40
 70
     1
102
RTVSPropertyOp41
 70
     1
102
RTVSPropertyOp42
 70
     1
102
RTVSPropertyOp43
 70
     1
102
RTVSPropertyOp44
 70
     1
102
RTVSPropertyOp45
 70
     1
102
RTVSPropertyOp46
 70
     1
102
RTVSPropertyOp47
 70
     1
102
RTVSPropertyOp48
 70
     1
102
RTVSPropertyOp49
 70
     1
102
RTVSPropertyOp50
 70
     1
102
RTVSPropertyOp51
 70
     0
102
RTVSPropertyOp52
 70
     0
102
RTVSPropertyOp53
 70
     1
102
RTVSPropertyOp54
 70
     1
102
RTVSPropertyOp55
 70
     1
102
RTVSPropertyOp56
 70
     1
102
RTVSPropertyOp57
 70
     1
102
RTVSPost2010Prop28
280
     0
102
RTVSPost2010PropOp28
 70
     1
102
RTVSPost2010Prop29
280
     1
102
RTVSPost2010PropOp29
 70
     1
102
RTVSPost2010Prop30
280
     1
102
RTVSPost2010PropOp30
 70
     1
102
RTVSPost2010Prop31
280
     0
102
RTVSPost2010PropOp31
 70
     1
102
RTVSPost2010Prop32
280
     0
102
RTVSPost2010PropOp32
 70
     1
102
RTVSPost2010Prop33
280
     0
102
RTVSPost2010PropOp33
 70
     1
102
RTVSPost2010Prop34
280
     0
102
RTVSPost2010PropOp34
 70
     1
102
RTVSPost2010Prop35
280
     0
102
RTVSPost2010PropOp35
 70
     1
102
RTVSPost2010Prop36
280
     0
102
RTVSPost2010PropOp36
 70
     1
102
RTVSPost2010Prop37
 90
       50
102
RTVSPost2010PropOp37
 70
     1
102
RTVSPost2010Prop38
140
0.0
102
RTVSPost2010PropOp38
 70
     1
102
RTVSPost2010Prop39
140
1.0
102
RTVSPost2010PropOp39
 70
     1
102
RTVSPost2010Prop40
 90
        0
102
RTVSPost2010PropOp40
 70
     1
102
RTVSPost2010Prop41ColorIndex
 90
       18
102
RTVSPost2010Prop41ColorRGB
 90
        0
102
RTVSPost2010PropOp41
 70
     1
102
RTVSPost2010Prop42
 90
       50
102
RTVSPost2010PropOp42
 70
     1
102
RTVSPost2010Prop43
 90
        3
102
RTVSPost2010PropOp43
 70
     1
102
RTVSPost2010Prop44ColorIndex
 90
        5
102
RTVSPost2010Prop44ColorRGB
 90
      255
102
RTVSPost2010PropOp44
 70
     1
102
RTVSPost2010Prop45
280
     0
102
RTVSPost2010PropOp45
 70
     1
102
RTVSPost2010Prop46
 90
       50
102
RTVSPost2010PropOp46
 70
     1
102
RTVSPost2010Prop47
 90
       50
102
RTVSPost2010PropOp47
 70
     1
102
RTVSPost2010Prop48
 90
       50
102
RTVSPost2010PropOp48
 70
     1
102
RTVSPost2010Prop49
280
     0
102
RTVSPost2010PropOp49
 70
     1
102
RTVSPost2010Prop50
 90
       50
102
RTVSPost2010PropOp50
 70
     1
102
RTVSPost2010Prop51ColorIndex
 90
      256
102
RTVSPost2010Prop51ColorRGB
 90
-16777216
102
RTVSPost2010PropOp51
 70
     0
102
RTVSPost2010Prop52
140
1.0
102
RTVSPost2010PropOp52
 70
     0
102
RTVSPost2010Prop53
 90
        2
102
RTVSPost2010PropOp53
 70
     1
102
RTVSPost2010Prop54
  1
strokes_ogs.tif
102
RTVSPost2010PropOp54
 70
     1
102
RTVSPost2010Prop55
280
     0
102
RTVSPost2010PropOp55
 70
     1
102
RTVSPost2010Prop56
140
1.0
102
RTVSPost2010PropOp56
 70
     1
102
RTVSPost2010Prop57
140
1.0
102
RTVSPost2010PropOp57
 70
     1
  0
XRECORD
  5
2C94
102
{ACAD_REACTORS
330
2C93
102
}
330
2C93
100
AcDbXrecord
280
     1
102
RTVSPropertyOp0
 70
     1
102
RTVSPropertyOp1
 70
     1
102
RTVSPropertyOp2
 70
     1
102
RTVSPropertyOp3
 70
     1
102
RTVSPropertyOp4
 70
     1
102
RTVSPropertyOp5
 70
     1
102
RTVSPropertyOp6
 70
     1
102
RTVSPropertyOp7
 70
     1
102
RTVSPropertyOp8
 70
     1
102
RTVSPropertyOp9
 70
     1
102
RTVSPropertyOp10
 70
     1
102
RTVSPropertyOp11
 70
     1
102
RTVSPropertyOp12
 70
     1
102
RTVSPropertyOp13
 70
     1
102
RTVSPropertyOp14
 70
     1
102
RTVSPropertyOp15
 70
     1
102
RTVSPropertyOp16
 70
     1
102
RTVSPropertyOp17
 70
     1
102
RTVSPropertyOp18
 70
     1
102
RTVSPropertyOp19
 70
     1
102
RTVSPropertyOp20
 70
     1
102
RTVSPropertyOp21
 70
     1
102
RTVSPropertyOp22
 70
     1
102
RTVSPropertyOp23
 70
     1
102
RTVSPropertyOp24
 70
     1
102
RTVSPropertyOp25
 70
     1
102
RTVSPropertyOp26
 70
     1
102
RTVSPropertyOp27
 70
     1
102
RTVSPropertyOp28
 70
     1
102
RTVSPropertyOp29
 70
     1
102
RTVSPropertyOp30
 70
     1
102
RTVSPropertyOp31
 70
     1
102
RTVSPropertyOp32
 70
     1
102
RTVSPropertyOp33
 70
     1
102
RTVSPropertyOp34
 70
     1
102
RTVSPropertyOp35
 70
     1
102
RTVSPropertyOp36
 70
     1
102
RTVSPropertyOp37
 70
     1
102
RTVSPropertyOp38
 70
     1
102
RTVSPropertyOp39
 70
     1
102
RTVSPropertyOp40
 70
     1
102
RTVSPropertyOp41
 70
     1
102
RTVSPropertyOp42
 70
     1
102
RTVSPropertyOp43
 70
     1
102
RTVSPropertyOp44
 70
     1
102
RTVSPropertyOp45
 70
     1
102
RTVSPropertyOp46
 70
     1
102
RTVSPropertyOp47
 70
     1
102
RTVSPropertyOp48
 70
     1
102
RTVSPropertyOp49
 70
     1
102
RTVSPropertyOp50
 70
     1
102
RTVSPropertyOp51
 70
     0
102
RTVSPropertyOp52
 70
     0
102
RTVSPropertyOp53
 70
     1
102
RTVSPropertyOp54
 70
     1
102
RTVSPropertyOp55
 70
     1
102
RTVSPropertyOp56
 70
     1
102
RTVSPropertyOp57
 70
     1
102
RTVSPost2010Prop28
280
     0
102
RTVSPost2010PropOp28
 70
     1
102
RTVSPost2010Prop29
280
     1
102
RTVSPost2010PropOp29
 70
     1
102
RTVSPost2010Prop30
280
     1
102
RTVSPost2010PropOp30
 70
     1
102
RTVSPost2010Prop31
280
     0
102
RTVSPost2010PropOp31
 70
     1
102
RTVSPost2010Prop32
280
     0
102
RTVSPost2010PropOp32
 70
     1
102
RTVSPost2010Prop33
280
     0
102
RTVSPost2010PropOp33
 70
     1
102
RTVSPost2010Prop34
280
     0
102
RTVSPost2010PropOp34
 70
     1
102
RTVSPost2010Prop35
280
     0
102
RTVSPost2010PropOp35
 70
     1
102
RTVSPost2010Prop36
280
     0
102
RTVSPost2010PropOp36
 70
     1
102
RTVSPost2010Prop37
 90
       50
102
RTVSPost2010PropOp37
 70
     1
102
RTVSPost2010Prop38
140
0.0
102
RTVSPost2010PropOp38
 70
     1
102
RTVSPost2010Prop39
140
1.0
102
RTVSPost2010PropOp39
 70
     1
102
RTVSPost2010Prop40
 90
        0
102
RTVSPost2010PropOp40
 70
     1
102
RTVSPost2010Prop41ColorIndex
 90
       18
102
RTVSPost2010Prop41ColorRGB
 90
        0
102
RTVSPost2010PropOp41
 70
     1
102
RTVSPost2010Prop42
 90
       50
102
RTVSPost2010PropOp42
 70
     1
102
RTVSPost2010Prop43
 90
        3
102
RTVSPost2010PropOp43
 70
     1
102
RTVSPost2010Prop44ColorIndex
 90
        5
102
RTVSPost2010Prop44ColorRGB
 90
      255
102
RTVSPost2010PropOp44
 70
     1
102
RTVSPost2010Prop45
280
     0
102
RTVSPost2010PropOp45
 70
     1
102
RTVSPost2010Prop46
 90
       50
102
RTVSPost2010PropOp46
 70
     1
102
RTVSPost2010Prop47
 90
       50
102
RTVSPost2010PropOp47
 70
     1
102
RTVSPost2010Prop48
 90
       50
102
RTVSPost2010PropOp48
 70
     1
102
RTVSPost2010Prop49
280
     0
102
RTVSPost2010PropOp49
 70
     1
102
RTVSPost2010Prop50
 90
       50
102
RTVSPost2010PropOp50
 70
     1
102
RTVSPost2010Prop51ColorIndex
 90
      256
102
RTVSPost2010Prop51ColorRGB
 90
-16777216
102
RTVSPost2010PropOp51
 70
     0
102
RTVSPost2010Prop52
140
1.0
102
RTVSPost2010PropOp52
 70
     0
102
RTVSPost2010Prop53
 90
        2
102
RTVSPost2010PropOp53
 70
     1
102
RTVSPost2010Prop54
  1
strokes_ogs.tif
102
RTVSPost2010PropOp54
 70
     1
102
RTVSPost2010Prop55
280
     0
102
RTVSPost2010PropOp55
 70
     1
102
RTVSPost2010Prop56
140
1.0
102
RTVSPost2010PropOp56
 70
     1
102
RTVSPost2010Prop57
140
1.0
102
RTVSPost2010PropOp57
 70
     1
  0
XRECORD
  5
2C96
102
{ACAD_REACTORS
330
2C95
102
}
330
2C95
100
AcDbXrecord
280
     1
102
RTVSPropertyOp0
 70
     1
102
RTVSPropertyOp1
 70
     1
102
RTVSPropertyOp2
 70
     1
102
RTVSPropertyOp3
 70
     1
102
RTVSPropertyOp4
 70
     1
102
RTVSPropertyOp5
 70
     1
102
RTVSPropertyOp6
 70
     1
102
RTVSPropertyOp7
 70
     1
102
RTVSPropertyOp8
 70
     1
102
RTVSPropertyOp9
 70
     1
102
RTVSPropertyOp10
 70
     1
102
RTVSPropertyOp11
 70
     1
102
RTVSPropertyOp12
 70
     1
102
RTVSPropertyOp13
 70
     1
102
RTVSPropertyOp14
 70
     1
102
RTVSPropertyOp15
 70
     1
102
RTVSPropertyOp16
 70
     1
102
RTVSPropertyOp17
 70
     1
102
RTVSPropertyOp18
 70
     1
102
RTVSPropertyOp19
 70
     1
102
RTVSPropertyOp20
 70
     1
102
RTVSPropertyOp21
 70
     1
102
RTVSPropertyOp22
 70
     1
102
RTVSPropertyOp23
 70
     1
102
RTVSPropertyOp24
 70
     1
102
RTVSPropertyOp25
 70
     1
102
RTVSPropertyOp26
 70
     1
102
RTVSPropertyOp27
 70
     1
102
RTVSPropertyOp28
 70
     1
102
RTVSPropertyOp29
 70
     1
102
RTVSPropertyOp30
 70
     1
102
RTVSPropertyOp31
 70
     1
102
RTVSPropertyOp32
 70
     1
102
RTVSPropertyOp33
 70
     1
102
RTVSPropertyOp34
 70
     1
102
RTVSPropertyOp35
 70
     1
102
RTVSPropertyOp36
 70
     1
102
RTVSPropertyOp37
 70
     1
102
RTVSPropertyOp38
 70
     1
102
RTVSPropertyOp39
 70
     1
102
RTVSPropertyOp40
 70
     1
102
RTVSPropertyOp41
 70
     1
102
RTVSPropertyOp42
 70
     1
102
RTVSPropertyOp43
 70
     1
102
RTVSPropertyOp44
 70
     1
102
RTVSPropertyOp45
 70
     1
102
RTVSPropertyOp46
 70
     1
102
RTVSPropertyOp47
 70
     1
102
RTVSPropertyOp48
 70
     1
102
RTVSPropertyOp49
 70
     1
102
RTVSPropertyOp50
 70
     1
102
RTVSPropertyOp51
 70
     0
102
RTVSPropertyOp52
 70
     0
102
RTVSPropertyOp53
 70
     1
102
RTVSPropertyOp54
 70
     1
102
RTVSPropertyOp55
 70
     1
102
RTVSPropertyOp56
 70
     1
102
RTVSPropertyOp57
 70
     1
102
RTVSPost2010Prop28
280
     0
102
RTVSPost2010PropOp28
 70
     1
102
RTVSPost2010Prop29
280
     1
102
RTVSPost2010PropOp29
 70
     1
102
RTVSPost2010Prop30
280
     1
102
RTVSPost2010PropOp30
 70
     1
102
RTVSPost2010Prop31
280
     0
102
RTVSPost2010PropOp31
 70
     1
102
RTVSPost2010Prop32
280
     0
102
RTVSPost2010PropOp32
 70
     1
102
RTVSPost2010Prop33
280
     0
102
RTVSPost2010PropOp33
 70
     1
102
RTVSPost2010Prop34
280
     0
102
RTVSPost2010PropOp34
 70
     1
102
RTVSPost2010Prop35
280
     0
102
RTVSPost2010PropOp35
 70
     1
102
RTVSPost2010Prop36
280
     0
102
RTVSPost2010PropOp36
 70
     1
102
RTVSPost2010Prop37
 90
       50
102
RTVSPost2010PropOp37
 70
     1
102
RTVSPost2010Prop38
140
0.0
102
RTVSPost2010PropOp38
 70
     1
102
RTVSPost2010Prop39
140
1.0
102
RTVSPost2010PropOp39
 70
     1
102
RTVSPost2010Prop40
 90
        0
102
RTVSPost2010PropOp40
 70
     1
102
RTVSPost2010Prop41ColorIndex
 90
       18
102
RTVSPost2010Prop41ColorRGB
 90
        0
102
RTVSPost2010PropOp41
 70
     1
102
RTVSPost2010Prop42
 90
       50
102
RTVSPost2010PropOp42
 70
     1
102
RTVSPost2010Prop43
 90
        3
102
RTVSPost2010PropOp43
 70
     1
102
RTVSPost2010Prop44ColorIndex
 90
        5
102
RTVSPost2010Prop44ColorRGB
 90
      255
102
RTVSPost2010PropOp44
 70
     1
102
RTVSPost2010Prop45
280
     0
102
RTVSPost2010PropOp45
 70
     1
102
RTVSPost2010Prop46
 90
       50
102
RTVSPost2010PropOp46
 70
     1
102
RTVSPost2010Prop47
 90
       50
102
RTVSPost2010PropOp47
 70
     1
102
RTVSPost2010Prop48
 90
       50
102
RTVSPost2010PropOp48
 70
     1
102
RTVSPost2010Prop49
280
     0
102
RTVSPost2010PropOp49
 70
     1
102
RTVSPost2010Prop50
 90
       50
102
RTVSPost2010PropOp50
 70
     1
102
RTVSPost2010Prop51ColorIndex
 90
      256
102
RTVSPost2010Prop51ColorRGB
 90
-16777216
102
RTVSPost2010PropOp51
 70
     0
102
RTVSPost2010Prop52
140
1.0
102
RTVSPost2010PropOp52
 70
     0
102
RTVSPost2010Prop53
 90
        2
102
RTVSPost2010PropOp53
 70
     1
102
RTVSPost2010Prop54
  1
strokes_ogs.tif
102
RTVSPost2010PropOp54
 70
     1
102
RTVSPost2010Prop55
280
     0
102
RTVSPost2010PropOp55
 70
     1
102
RTVSPost2010Prop56
140
1.0
102
RTVSPost2010PropOp56
 70
     1
102
RTVSPost2010Prop57
140
1.0
102
RTVSPost2010PropOp57
 70
     1
  0
XRECORD
  5
2C98
102
{ACAD_REACTORS
330
2C97
102
}
330
2C97
100
AcDbXrecord
280
     1
102
RTVSPropertyOp0
 70
     1
102
RTVSPropertyOp1
 70
     1
102
RTVSPropertyOp2
 70
     1
102
RTVSPropertyOp3
 70
     1
102
RTVSPropertyOp4
 70
     1
102
RTVSPropertyOp5
 70
     1
102
RTVSPropertyOp6
 70
     1
102
RTVSPropertyOp7
 70
     1
102
RTVSPropertyOp8
 70
     1
102
RTVSPropertyOp9
 70
     1
102
RTVSPropertyOp10
 70
     1
102
RTVSPropertyOp11
 70
     1
102
RTVSPropertyOp12
 70
     1
102
RTVSPropertyOp13
 70
     1
102
RTVSPropertyOp14
 70
     1
102
RTVSPropertyOp15
 70
     1
102
RTVSPropertyOp16
 70
     1
102
RTVSPropertyOp17
 70
     1
102
RTVSPropertyOp18
 70
     1
102
RTVSPropertyOp19
 70
     1
102
RTVSPropertyOp20
 70
     1
102
RTVSPropertyOp21
 70
     1
102
RTVSPropertyOp22
 70
     1
102
RTVSPropertyOp23
 70
     1
102
RTVSPropertyOp24
 70
     1
102
RTVSPropertyOp25
 70
     1
102
RTVSPropertyOp26
 70
     1
102
RTVSPropertyOp27
 70
     1
102
RTVSPropertyOp28
 70
     1
102
RTVSPropertyOp29
 70
     1
102
RTVSPropertyOp30
 70
     1
102
RTVSPropertyOp31
 70
     1
102
RTVSPropertyOp32
 70
     1
102
RTVSPropertyOp33
 70
     1
102
RTVSPropertyOp34
 70
     1
102
RTVSPropertyOp35
 70
     1
102
RTVSPropertyOp36
 70
     1
102
RTVSPropertyOp37
 70
     1
102
RTVSPropertyOp38
 70
     1
102
RTVSPropertyOp39
 70
     1
102
RTVSPropertyOp40
 70
     1
102
RTVSPropertyOp41
 70
     1
102
RTVSPropertyOp42
 70
     1
102
RTVSPropertyOp43
 70
     1
102
RTVSPropertyOp44
 70
     1
102
RTVSPropertyOp45
 70
     1
102
RTVSPropertyOp46
 70
     1
102
RTVSPropertyOp47
 70
     1
102
RTVSPropertyOp48
 70
     1
102
RTVSPropertyOp49
 70
     1
102
RTVSPropertyOp50
 70
     1
102
RTVSPropertyOp51
 70
     0
102
RTVSPropertyOp52
 70
     0
102
RTVSPropertyOp53
 70
     1
102
RTVSPropertyOp54
 70
     1
102
RTVSPropertyOp55
 70
     1
102
RTVSPropertyOp56
 70
     1
102
RTVSPropertyOp57
 70
     1
102
RTVSPost2010Prop28
280
     0
102
RTVSPost2010PropOp28
 70
     1
102
RTVSPost2010Prop29
280
     1
102
RTVSPost2010PropOp29
 70
     1
102
RTVSPost2010Prop30
280
     1
102
RTVSPost2010PropOp30
 70
     1
102
RTVSPost2010Prop31
280
     0
102
RTVSPost2010PropOp31
 70
     1
102
RTVSPost2010Prop32
280
     0
102
RTVSPost2010PropOp32
 70
     1
102
RTVSPost2010Prop33
280
     0
102
RTVSPost2010PropOp33
 70
     1
102
RTVSPost2010Prop34
280
     0
102
RTVSPost2010PropOp34
 70
     1
102
RTVSPost2010Prop35
280
     0
102
RTVSPost2010PropOp35
 70
     1
102
RTVSPost2010Prop36
280
     0
102
RTVSPost2010PropOp36
 70
     1
102
RTVSPost2010Prop37
 90
       50
102
RTVSPost2010PropOp37
 70
     1
102
RTVSPost2010Prop38
140
0.0
102
RTVSPost2010PropOp38
 70
     1
102
RTVSPost2010Prop39
140
1.0
102
RTVSPost2010PropOp39
 70
     1
102
RTVSPost2010Prop40
 90
        0
102
RTVSPost2010PropOp40
 70
     1
102
RTVSPost2010Prop41ColorIndex
 90
       18
102
RTVSPost2010Prop41ColorRGB
 90
        0
102
RTVSPost2010PropOp41
 70
     1
102
RTVSPost2010Prop42
 90
       50
102
RTVSPost2010PropOp42
 70
     1
102
RTVSPost2010Prop43
 90
        3
102
RTVSPost2010PropOp43
 70
     1
102
RTVSPost2010Prop44ColorIndex
 90
        5
102
RTVSPost2010Prop44ColorRGB
 90
      255
102
RTVSPost2010PropOp44
 70
     1
102
RTVSPost2010Prop45
280
     0
102
RTVSPost2010PropOp45
 70
     1
102
RTVSPost2010Prop46
 90
       50
102
RTVSPost2010PropOp46
 70
     1
102
RTVSPost2010Prop47
 90
       50
102
RTVSPost2010PropOp47
 70
     1
102
RTVSPost2010Prop48
 90
       50
102
RTVSPost2010PropOp48
 70
     1
102
RTVSPost2010Prop49
280
     0
102
RTVSPost2010PropOp49
 70
     1
102
RTVSPost2010Prop50
 90
       50
102
RTVSPost2010PropOp50
 70
     1
102
RTVSPost2010Prop51ColorIndex
 90
      256
102
RTVSPost2010Prop51ColorRGB
 90
-16777216
102
RTVSPost2010PropOp51
 70
     0
102
RTVSPost2010Prop52
140
1.0
102
RTVSPost2010PropOp52
 70
     0
102
RTVSPost2010Prop53
 90
        2
102
RTVSPost2010PropOp53
 70
     1
102
RTVSPost2010Prop54
  1
strokes_ogs.tif
102
RTVSPost2010PropOp54
 70
     1
102
RTVSPost2010Prop55
280
     0
102
RTVSPost2010PropOp55
 70
     1
102
RTVSPost2010Prop56
140
1.0
102
RTVSPost2010PropOp56
 70
     1
102
RTVSPost2010Prop57
140
1.0
102
RTVSPost2010PropOp57
 70
     1
  0
XRECORD
  5
2C9A
102
{ACAD_REACTORS
330
2C99
102
}
330
2C99
100
AcDbXrecord
280
     1
102
RTVSPropertyOp0
 70
     1
102
RTVSPropertyOp1
 70
     1
102
RTVSPropertyOp2
 70
     1
102
RTVSPropertyOp3
 70
     1
102
RTVSPropertyOp4
 70
     1
102
RTVSPropertyOp5
 70
     1
102
RTVSPropertyOp6
 70
     1
102
RTVSPropertyOp7
 70
     1
102
RTVSPropertyOp8
 70
     1
102
RTVSPropertyOp9
 70
     1
102
RTVSPropertyOp10
 70
     1
102
RTVSPropertyOp11
 70
     1
102
RTVSPropertyOp12
 70
     1
102
RTVSPropertyOp13
 70
     1
102
RTVSPropertyOp14
 70
     1
102
RTVSPropertyOp15
 70
     1
102
RTVSPropertyOp16
 70
     1
102
RTVSPropertyOp17
 70
     1
102
RTVSPropertyOp18
 70
     1
102
RTVSPropertyOp19
 70
     1
102
RTVSPropertyOp20
 70
     1
102
RTVSPropertyOp21
 70
     1
102
RTVSPropertyOp22
 70
     1
102
RTVSPropertyOp23
 70
     1
102
RTVSPropertyOp24
 70
     1
102
RTVSPropertyOp25
 70
     1
102
RTVSPropertyOp26
 70
     1
102
RTVSPropertyOp27
 70
     1
102
RTVSPropertyOp28
 70
     1
102
RTVSPropertyOp29
 70
     1
102
RTVSPropertyOp30
 70
     1
102
RTVSPropertyOp31
 70
     1
102
RTVSPropertyOp32
 70
     1
102
RTVSPropertyOp33
 70
     1
102
RTVSPropertyOp34
 70
     1
102
RTVSPropertyOp35
 70
     1
102
RTVSPropertyOp36
 70
     1
102
RTVSPropertyOp37
 70
     1
102
RTVSPropertyOp38
 70
     1
102
RTVSPropertyOp39
 70
     1
102
RTVSPropertyOp40
 70
     1
102
RTVSPropertyOp41
 70
     1
102
RTVSPropertyOp42
 70
     1
102
RTVSPropertyOp43
 70
     1
102
RTVSPropertyOp44
 70
     1
102
RTVSPropertyOp45
 70
     1
102
RTVSPropertyOp46
 70
     1
102
RTVSPropertyOp47
 70
     1
102
RTVSPropertyOp48
 70
     1
102
RTVSPropertyOp49
 70
     1
102
RTVSPropertyOp50
 70
     1
102
RTVSPropertyOp51
 70
     0
102
RTVSPropertyOp52
 70
     0
102
RTVSPropertyOp53
 70
     1
102
RTVSPropertyOp54
 70
     1
102
RTVSPropertyOp55
 70
     1
102
RTVSPropertyOp56
 70
     1
102
RTVSPropertyOp57
 70
     1
102
RTVSPost2010Prop28
280
     0
102
RTVSPost2010PropOp28
 70
     1
102
RTVSPost2010Prop29
280
     1
102
RTVSPost2010PropOp29
 70
     1
102
RTVSPost2010Prop30
280
     1
102
RTVSPost2010PropOp30
 70
     1
102
RTVSPost2010Prop31
280
     0
102
RTVSPost2010PropOp31
 70
     1
102
RTVSPost2010Prop32
280
     0
102
RTVSPost2010PropOp32
 70
     1
102
RTVSPost2010Prop33
280
     0
102
RTVSPost2010PropOp33
 70
     1
102
RTVSPost2010Prop34
280
     0
102
RTVSPost2010PropOp34
 70
     1
102
RTVSPost2010Prop35
280
     0
102
RTVSPost2010PropOp35
 70
     1
102
RTVSPost2010Prop36
280
     0
102
RTVSPost2010PropOp36
 70
     1
102
RTVSPost2010Prop37
 90
       50
102
RTVSPost2010PropOp37
 70
     1
102
RTVSPost2010Prop38
140
0.0
102
RTVSPost2010PropOp38
 70
     1
102
RTVSPost2010Prop39
140
1.0
102
RTVSPost2010PropOp39
 70
     1
102
RTVSPost2010Prop40
 90
        0
102
RTVSPost2010PropOp40
 70
     1
102
RTVSPost2010Prop41ColorIndex
 90
       18
102
RTVSPost2010Prop41ColorRGB
 90
        0
102
RTVSPost2010PropOp41
 70
     1
102
RTVSPost2010Prop42
 90
       50
102
RTVSPost2010PropOp42
 70
     1
102
RTVSPost2010Prop43
 90
        3
102
RTVSPost2010PropOp43
 70
     1
102
RTVSPost2010Prop44ColorIndex
 90
        5
102
RTVSPost2010Prop44ColorRGB
 90
      255
102
RTVSPost2010PropOp44
 70
     1
102
RTVSPost2010Prop45
280
     0
102
RTVSPost2010PropOp45
 70
     1
102
RTVSPost2010Prop46
 90
       50
102
RTVSPost2010PropOp46
 70
     1
102
RTVSPost2010Prop47
 90
       50
102
RTVSPost2010PropOp47
 70
     1
102
RTVSPost2010Prop48
 90
       50
102
RTVSPost2010PropOp48
 70
     1
102
RTVSPost2010Prop49
280
     0
102
RTVSPost2010PropOp49
 70
     1
102
RTVSPost2010Prop50
 90
       50
102
RTVSPost2010PropOp50
 70
     1
102
RTVSPost2010Prop51ColorIndex
 90
      256
102
RTVSPost2010Prop51ColorRGB
 90
-16777216
102
RTVSPost2010PropOp51
 70
     0
102
RTVSPost2010Prop52
140
1.0
102
RTVSPost2010PropOp52
 70
     0
102
RTVSPost2010Prop53
 90
        2
102
RTVSPost2010PropOp53
 70
     1
102
RTVSPost2010Prop54
  1
strokes_ogs.tif
102
RTVSPost2010PropOp54
 70
     1
102
RTVSPost2010Prop55
280
     0
102
RTVSPost2010PropOp55
 70
     1
102
RTVSPost2010Prop56
140
1.0
102
RTVSPost2010PropOp56
 70
     1
102
RTVSPost2010Prop57
140
1.0
102
RTVSPost2010PropOp57
 70
     1
  0
XRECORD
  5
2C9C
102
{ACAD_REACTORS
330
2C9B
102
}
330
2C9B
100
AcDbXrecord
280
     1
102
RTVSPropertyOp0
 70
     1
102
RTVSPropertyOp1
 70
     1
102
RTVSPropertyOp2
 70
     1
102
RTVSPropertyOp3
 70
     1
102
RTVSPropertyOp4
 70
     1
102
RTVSPropertyOp5
 70
     1
102
RTVSPropertyOp6
 70
     1
102
RTVSPropertyOp7
 70
     1
102
RTVSPropertyOp8
 70
     1
102
RTVSPropertyOp9
 70
     1
102
RTVSPropertyOp10
 70
     1
102
RTVSPropertyOp11
 70
     1
102
RTVSPropertyOp12
 70
     1
102
RTVSPropertyOp13
 70
     1
102
RTVSPropertyOp14
 70
     1
102
RTVSPropertyOp15
 70
     1
102
RTVSPropertyOp16
 70
     1
102
RTVSPropertyOp17
 70
     1
102
RTVSPropertyOp18
 70
     1
102
RTVSPropertyOp19
 70
     1
102
RTVSPropertyOp20
 70
     1
102
RTVSPropertyOp21
 70
     1
102
RTVSPropertyOp22
 70
     1
102
RTVSPropertyOp23
 70
     1
102
RTVSPropertyOp24
 70
     1
102
RTVSPropertyOp25
 70
     1
102
RTVSPropertyOp26
 70
     1
102
RTVSPropertyOp27
 70
     1
102
RTVSPropertyOp28
 70
     1
102
RTVSPropertyOp29
 70
     1
102
RTVSPropertyOp30
 70
     1
102
RTVSPropertyOp31
 70
     1
102
RTVSPropertyOp32
 70
     1
102
RTVSPropertyOp33
 70
     1
102
RTVSPropertyOp34
 70
     1
102
RTVSPropertyOp35
 70
     1
102
RTVSPropertyOp36
 70
     1
102
RTVSPropertyOp37
 70
     1
102
RTVSPropertyOp38
 70
     1
102
RTVSPropertyOp39
 70
     1
102
RTVSPropertyOp40
 70
     1
102
RTVSPropertyOp41
 70
     1
102
RTVSPropertyOp42
 70
     1
102
RTVSPropertyOp43
 70
     1
102
RTVSPropertyOp44
 70
     1
102
RTVSPropertyOp45
 70
     1
102
RTVSPropertyOp46
 70
     1
102
RTVSPropertyOp47
 70
     1
102
RTVSPropertyOp48
 70
     1
102
RTVSPropertyOp49
 70
     1
102
RTVSPropertyOp50
 70
     1
102
RTVSPropertyOp51
 70
     0
102
RTVSPropertyOp52
 70
     0
102
RTVSPropertyOp53
 70
     1
102
RTVSPropertyOp54
 70
     1
102
RTVSPropertyOp55
 70
     1
102
RTVSPropertyOp56
 70
     1
102
RTVSPropertyOp57
 70
     1
102
RTVSPost2010Prop28
280
     0
102
RTVSPost2010PropOp28
 70
     1
102
RTVSPost2010Prop29
280
     1
102
RTVSPost2010PropOp29
 70
     1
102
RTVSPost2010Prop30
280
     1
102
RTVSPost2010PropOp30
 70
     1
102
RTVSPost2010Prop31
280
     0
102
RTVSPost2010PropOp31
 70
     1
102
RTVSPost2010Prop32
280
     0
102
RTVSPost2010PropOp32
 70
     1
102
RTVSPost2010Prop33
280
     0
102
RTVSPost2010PropOp33
 70
     1
102
RTVSPost2010Prop34
280
     0
102
RTVSPost2010PropOp34
 70
     1
102
RTVSPost2010Prop35
280
     0
102
RTVSPost2010PropOp35
 70
     1
102
RTVSPost2010Prop36
280
     0
102
RTVSPost2010PropOp36
 70
     1
102
RTVSPost2010Prop37
 90
       50
102
RTVSPost2010PropOp37
 70
     1
102
RTVSPost2010Prop38
140
0.0
102
RTVSPost2010PropOp38
 70
     1
102
RTVSPost2010Prop39
140
1.0
102
RTVSPost2010PropOp39
 70
     1
102
RTVSPost2010Prop40
 90
        0
102
RTVSPost2010PropOp40
 70
     1
102
RTVSPost2010Prop41ColorIndex
 90
       18
102
RTVSPost2010Prop41ColorRGB
 90
        0
102
RTVSPost2010PropOp41
 70
     1
102
RTVSPost2010Prop42
 90
       50
102
RTVSPost2010PropOp42
 70
     1
102
RTVSPost2010Prop43
 90
        3
102
RTVSPost2010PropOp43
 70
     1
102
RTVSPost2010Prop44ColorIndex
 90
        5
102
RTVSPost2010Prop44ColorRGB
 90
      255
102
RTVSPost2010PropOp44
 70
     1
102
RTVSPost2010Prop45
280
     0
102
RTVSPost2010PropOp45
 70
     1
102
RTVSPost2010Prop46
 90
       50
102
RTVSPost2010PropOp46
 70
     1
102
RTVSPost2010Prop47
 90
       50
102
RTVSPost2010PropOp47
 70
     1
102
RTVSPost2010Prop48
 90
       50
102
RTVSPost2010PropOp48
 70
     1
102
RTVSPost2010Prop49
280
     0
102
RTVSPost2010PropOp49
 70
     1
102
RTVSPost2010Prop50
 90
       50
102
RTVSPost2010PropOp50
 70
     1
102
RTVSPost2010Prop51ColorIndex
 90
      256
102
RTVSPost2010Prop51ColorRGB
 90
-16777216
102
RTVSPost2010PropOp51
 70
     0
102
RTVSPost2010Prop52
140
1.0
102
RTVSPost2010PropOp52
 70
     0
102
RTVSPost2010Prop53
 90
        2
102
RTVSPost2010PropOp53
 70
     1
102
RTVSPost2010Prop54
  1
strokes_ogs.tif
102
RTVSPost2010PropOp54
 70
     1
102
RTVSPost2010Prop55
280
     0
102
RTVSPost2010PropOp55
 70
     1
102
RTVSPost2010Prop56
140
1.0
102
RTVSPost2010PropOp56
 70
     1
102
RTVSPost2010Prop57
140
1.0
102
RTVSPost2010PropOp57
 70
     1
  0
XRECORD
  5
2C9E
102
{ACAD_REACTORS
330
2C9D
102
}
330
2C9D
100
AcDbXrecord
280
     1
102
RTVSPropertyOp0
 70
     0
102
RTVSPropertyOp1
 70
     0
102
RTVSPropertyOp2
 70
     0
102
RTVSPropertyOp3
 70
     0
102
RTVSPropertyOp4
 70
     0
102
RTVSPropertyOp5
 70
     0
102
RTVSPropertyOp6
 70
     0
102
RTVSPropertyOp7
 70
     0
102
RTVSPropertyOp8
 70
     0
102
RTVSPropertyOp9
 70
     0
102
RTVSPropertyOp10
 70
     0
102
RTVSPropertyOp11
 70
     0
102
RTVSPropertyOp12
 70
     0
102
RTVSPropertyOp13
 70
     0
102
RTVSPropertyOp14
 70
     2
102
RTVSPropertyOp15
 70
     0
102
RTVSPropertyOp16
 70
     0
102
RTVSPropertyOp17
 70
     0
102
RTVSPropertyOp18
 70
     0
102
RTVSPropertyOp19
 70
     0
102
RTVSPropertyOp20
 70
     0
102
RTVSPropertyOp21
 70
     0
102
RTVSPropertyOp22
 70
     0
102
RTVSPropertyOp23
 70
     0
102
RTVSPropertyOp24
 70
     0
102
RTVSPropertyOp25
 70
     0
102
RTVSPropertyOp26
 70
     0
102
RTVSPropertyOp27
 70
     0
102
RTVSPropertyOp28
 70
     1
102
RTVSPropertyOp29
 70
     1
102
RTVSPropertyOp30
 70
     1
102
RTVSPropertyOp31
 70
     1
102
RTVSPropertyOp32
 70
     1
102
RTVSPropertyOp33
 70
     1
102
RTVSPropertyOp34
 70
     1
102
RTVSPropertyOp35
 70
     1
102
RTVSPropertyOp36
 70
     1
102
RTVSPropertyOp37
 70
     1
102
RTVSPropertyOp38
 70
     1
102
RTVSPropertyOp39
 70
     1
102
RTVSPropertyOp40
 70
     1
102
RTVSPropertyOp41
 70
     1
102
RTVSPropertyOp42
 70
     1
102
RTVSPropertyOp43
 70
     1
102
RTVSPropertyOp44
 70
     1
102
RTVSPropertyOp45
 70
     1
102
RTVSPropertyOp46
 70
     1
102
RTVSPropertyOp47
 70
     1
102
RTVSPropertyOp48
 70
     1
102
RTVSPropertyOp49
 70
     1
102
RTVSPropertyOp50
 70
     1
102
RTVSPropertyOp51
 70
     0
102
RTVSPropertyOp52
 70
     0
102
RTVSPropertyOp53
 70
     1
102
RTVSPropertyOp54
 70
     1
102
RTVSPropertyOp55
 70
     1
102
RTVSPropertyOp56
 70
     1
102
RTVSPropertyOp57
 70
     1
102
RTVSPost2010Prop28
280
     0
102
RTVSPost2010PropOp28
 70
     1
102
RTVSPost2010Prop29
280
     1
102
RTVSPost2010PropOp29
 70
     1
102
RTVSPost2010Prop30
280
     1
102
RTVSPost2010PropOp30
 70
     1
102
RTVSPost2010Prop31
280
     0
102
RTVSPost2010PropOp31
 70
     1
102
RTVSPost2010Prop32
280
     0
102
RTVSPost2010PropOp32
 70
     1
102
RTVSPost2010Prop33
280
     0
102
RTVSPost2010PropOp33
 70
     1
102
RTVSPost2010Prop34
280
     0
102
RTVSPost2010PropOp34
 70
     1
102
RTVSPost2010Prop35
280
     0
102
RTVSPost2010PropOp35
 70
     1
102
RTVSPost2010Prop36
280
     0
102
RTVSPost2010PropOp36
 70
     1
102
RTVSPost2010Prop37
 90
       50
102
RTVSPost2010PropOp37
 70
     1
102
RTVSPost2010Prop38
140
0.0
102
RTVSPost2010PropOp38
 70
     1
102
RTVSPost2010Prop39
140
1.0
102
RTVSPost2010PropOp39
 70
     1
102
RTVSPost2010Prop40
 90
        0
102
RTVSPost2010PropOp40
 70
     1
102
RTVSPost2010Prop41ColorIndex
 90
       18
102
RTVSPost2010Prop41ColorRGB
 90
        0
102
RTVSPost2010PropOp41
 70
     1
102
RTVSPost2010Prop42
 90
       50
102
RTVSPost2010PropOp42
 70
     1
102
RTVSPost2010Prop43
 90
        3
102
RTVSPost2010PropOp43
 70
     1
102
RTVSPost2010Prop44ColorIndex
 90
        5
102
RTVSPost2010Prop44ColorRGB
 90
      255
102
RTVSPost2010PropOp44
 70
     1
102
RTVSPost2010Prop45
280
     0
102
RTVSPost2010PropOp45
 70
     1
102
RTVSPost2010Prop46
 90
       50
102
RTVSPost2010PropOp46
 70
     1
102
RTVSPost2010Prop47
 90
       50
102
RTVSPost2010PropOp47
 70
     1
102
RTVSPost2010Prop48
 90
       50
102
RTVSPost2010PropOp48
 70
     1
102
RTVSPost2010Prop49
280
     0
102
RTVSPost2010PropOp49
 70
     1
102
RTVSPost2010Prop50
 90
       50
102
RTVSPost2010PropOp50
 70
     1
102
RTVSPost2010Prop51ColorIndex
 90
      256
102
RTVSPost2010Prop51ColorRGB
 90
-16777216
102
RTVSPost2010PropOp51
 70
     0
102
RTVSPost2010Prop52
140
1.0
102
RTVSPost2010PropOp52
 70
     0
102
RTVSPost2010Prop53
 90
        2
102
RTVSPost2010PropOp53
 70
     1
102
RTVSPost2010Prop54
  1
strokes_ogs.tif
102
RTVSPost2010PropOp54
 70
     1
102
RTVSPost2010Prop55
280
     0
102
RTVSPost2010PropOp55
 70
     1
102
RTVSPost2010Prop56
140
1.0
102
RTVSPost2010PropOp56
 70
     1
102
RTVSPost2010Prop57
140
1.0
102
RTVSPost2010PropOp57
 70
     1
  0
XRECORD
  5
2CA0
102
{ACAD_REACTORS
330
2C9F
102
}
330
2C9F
100
AcDbXrecord
280
     1
102
RTVSPropertyOp0
 70
     1
102
RTVSPropertyOp1
 70
     1
102
RTVSPropertyOp2
 70
     1
102
RTVSPropertyOp3
 70
     1
102
RTVSPropertyOp4
 70
     1
102
RTVSPropertyOp5
 70
     1
102
RTVSPropertyOp6
 70
     1
102
RTVSPropertyOp7
 70
     1
102
RTVSPropertyOp8
 70
     1
102
RTVSPropertyOp9
 70
     1
102
RTVSPropertyOp10
 70
     1
102
RTVSPropertyOp11
 70
     1
102
RTVSPropertyOp12
 70
     1
102
RTVSPropertyOp13
 70
     1
102
RTVSPropertyOp14
 70
     1
102
RTVSPropertyOp15
 70
     1
102
RTVSPropertyOp16
 70
     1
102
RTVSPropertyOp17
 70
     1
102
RTVSPropertyOp18
 70
     1
102
RTVSPropertyOp19
 70
     1
102
RTVSPropertyOp20
 70
     1
102
RTVSPropertyOp21
 70
     1
102
RTVSPropertyOp22
 70
     1
102
RTVSPropertyOp23
 70
     1
102
RTVSPropertyOp24
 70
     1
102
RTVSPropertyOp25
 70
     1
102
RTVSPropertyOp26
 70
     1
102
RTVSPropertyOp27
 70
     1
102
RTVSPropertyOp28
 70
     1
102
RTVSPropertyOp29
 70
     1
102
RTVSPropertyOp30
 70
     1
102
RTVSPropertyOp31
 70
     1
102
RTVSPropertyOp32
 70
     1
102
RTVSPropertyOp33
 70
     1
102
RTVSPropertyOp34
 70
     1
102
RTVSPropertyOp35
 70
     1
102
RTVSPropertyOp36
 70
     1
102
RTVSPropertyOp37
 70
     1
102
RTVSPropertyOp38
 70
     1
102
RTVSPropertyOp39
 70
     1
102
RTVSPropertyOp40
 70
     1
102
RTVSPropertyOp41
 70
     1
102
RTVSPropertyOp42
 70
     1
102
RTVSPropertyOp43
 70
     1
102
RTVSPropertyOp44
 70
     1
102
RTVSPropertyOp45
 70
     1
102
RTVSPropertyOp46
 70
     1
102
RTVSPropertyOp47
 70
     1
102
RTVSPropertyOp48
 70
     1
102
RTVSPropertyOp49
 70
     1
102
RTVSPropertyOp50
 70
     1
102
RTVSPropertyOp51
 70
     0
102
RTVSPropertyOp52
 70
     0
102
RTVSPropertyOp53
 70
     1
102
RTVSPropertyOp54
 70
     1
102
RTVSPropertyOp55
 70
     1
102
RTVSPropertyOp56
 70
     1
102
RTVSPropertyOp57
 70
     1
102
RTVSPost2010Prop28
280
     0
102
RTVSPost2010PropOp28
 70
     1
102
RTVSPost2010Prop29
280
     1
102
RTVSPost2010PropOp29
 70
     1
102
RTVSPost2010Prop30
280
     1
102
RTVSPost2010PropOp30
 70
     1
102
RTVSPost2010Prop31
280
     0
102
RTVSPost2010PropOp31
 70
     1
102
RTVSPost2010Prop32
280
     0
102
RTVSPost2010PropOp32
 70
     1
102
RTVSPost2010Prop33
280
     0
102
RTVSPost2010PropOp33
 70
     1
102
RTVSPost2010Prop34
280
     0
102
RTVSPost2010PropOp34
 70
     1
102
RTVSPost2010Prop35
280
     0
102
RTVSPost2010PropOp35
 70
     1
102
RTVSPost2010Prop36
280
     0
102
RTVSPost2010PropOp36
 70
     1
102
RTVSPost2010Prop37
 90
       50
102
RTVSPost2010PropOp37
 70
     1
102
RTVSPost2010Prop38
140
0.0
102
RTVSPost2010PropOp38
 70
     1
102
RTVSPost2010Prop39
140
1.0
102
RTVSPost2010PropOp39
 70
     1
102
RTVSPost2010Prop40
 90
        0
102
RTVSPost2010PropOp40
 70
     1
102
RTVSPost2010Prop41ColorIndex
 90
       18
102
RTVSPost2010Prop41ColorRGB
 90
        0
102
RTVSPost2010PropOp41
 70
     1
102
RTVSPost2010Prop42
 90
       50
102
RTVSPost2010PropOp42
 70
     1
102
RTVSPost2010Prop43
 90
        3
102
RTVSPost2010PropOp43
 70
     1
102
RTVSPost2010Prop44ColorIndex
 90
        5
102
RTVSPost2010Prop44ColorRGB
 90
      255
102
RTVSPost2010PropOp44
 70
     1
102
RTVSPost2010Prop45
280
     0
102
RTVSPost2010PropOp45
 70
     1
102
RTVSPost2010Prop46
 90
       50
102
RTVSPost2010PropOp46
 70
     1
102
RTVSPost2010Prop47
 90
       50
102
RTVSPost2010PropOp47
 70
     1
102
RTVSPost2010Prop48
 90
       50
102
RTVSPost2010PropOp48
 70
     1
102
RTVSPost2010Prop49
280
     0
102
RTVSPost2010PropOp49
 70
     1
102
RTVSPost2010Prop50
 90
       50
102
RTVSPost2010PropOp50
 70
     1
102
RTVSPost2010Prop51ColorIndex
 90
      256
102
RTVSPost2010Prop51ColorRGB
 90
-16777216
102
RTVSPost2010PropOp51
 70
     0
102
RTVSPost2010Prop52
140
1.0
102
RTVSPost2010PropOp52
 70
     0
102
RTVSPost2010Prop53
 90
        2
102
RTVSPost2010PropOp53
 70
     1
102
RTVSPost2010Prop54
  1
strokes_ogs.tif
102
RTVSPost2010PropOp54
 70
     1
102
RTVSPost2010Prop55
280
     0
102
RTVSPost2010PropOp55
 70
     1
102
RTVSPost2010Prop56
140
1.0
102
RTVSPost2010PropOp56
 70
     1
102
RTVSPost2010Prop57
140
1.0
102
RTVSPost2010PropOp57
 70
     1
  0
XRECORD
  5
2CA2
102
{ACAD_REACTORS
330
2CA1
102
}
330
2CA1
100
AcDbXrecord
280
     1
102
RTVSPropertyOp0
 70
     1
102
RTVSPropertyOp1
 70
     1
102
RTVSPropertyOp2
 70
     1
102
RTVSPropertyOp3
 70
     1
102
RTVSPropertyOp4
 70
     1
102
RTVSPropertyOp5
 70
     1
102
RTVSPropertyOp6
 70
     1
102
RTVSPropertyOp7
 70
     1
102
RTVSPropertyOp8
 70
     1
102
RTVSPropertyOp9
 70
     1
102
RTVSPropertyOp10
 70
     1
102
RTVSPropertyOp11
 70
     1
102
RTVSPropertyOp12
 70
     1
102
RTVSPropertyOp13
 70
     1
102
RTVSPropertyOp14
 70
     1
102
RTVSPropertyOp15
 70
     1
102
RTVSPropertyOp16
 70
     1
102
RTVSPropertyOp17
 70
     1
102
RTVSPropertyOp18
 70
     1
102
RTVSPropertyOp19
 70
     1
102
RTVSPropertyOp20
 70
     1
102
RTVSPropertyOp21
 70
     1
102
RTVSPropertyOp22
 70
     1
102
RTVSPropertyOp23
 70
     1
102
RTVSPropertyOp24
 70
     1
102
RTVSPropertyOp25
 70
     1
102
RTVSPropertyOp26
 70
     1
102
RTVSPropertyOp27
 70
     1
102
RTVSPropertyOp28
 70
     1
102
RTVSPropertyOp29
 70
     1
102
RTVSPropertyOp30
 70
     1
102
RTVSPropertyOp31
 70
     1
102
RTVSPropertyOp32
 70
     1
102
RTVSPropertyOp33
 70
     1
102
RTVSPropertyOp34
 70
     1
102
RTVSPropertyOp35
 70
     1
102
RTVSPropertyOp36
 70
     1
102
RTVSPropertyOp37
 70
     1
102
RTVSPropertyOp38
 70
     1
102
RTVSPropertyOp39
 70
     1
102
RTVSPropertyOp40
 70
     1
102
RTVSPropertyOp41
 70
     1
102
RTVSPropertyOp42
 70
     1
102
RTVSPropertyOp43
 70
     1
102
RTVSPropertyOp44
 70
     1
102
RTVSPropertyOp45
 70
     1
102
RTVSPropertyOp46
 70
     1
102
RTVSPropertyOp47
 70
     1
102
RTVSPropertyOp48
 70
     1
102
RTVSPropertyOp49
 70
     1
102
RTVSPropertyOp50
 70
     1
102
RTVSPropertyOp51
 70
     0
102
RTVSPropertyOp52
 70
     0
102
RTVSPropertyOp53
 70
     1
102
RTVSPropertyOp54
 70
     1
102
RTVSPropertyOp55
 70
     1
102
RTVSPropertyOp56
 70
     1
102
RTVSPropertyOp57
 70
     1
102
RTVSPost2010Prop28
280
     0
102
RTVSPost2010PropOp28
 70
     1
102
RTVSPost2010Prop29
280
     1
102
RTVSPost2010PropOp29
 70
     1
102
RTVSPost2010Prop30
280
     1
102
RTVSPost2010PropOp30
 70
     1
102
RTVSPost2010Prop31
280
     0
102
RTVSPost2010PropOp31
 70
     1
102
RTVSPost2010Prop32
280
     0
102
RTVSPost2010PropOp32
 70
     1
102
RTVSPost2010Prop33
280
     0
102
RTVSPost2010PropOp33
 70
     1
102
RTVSPost2010Prop34
280
     0
102
RTVSPost2010PropOp34
 70
     1
102
RTVSPost2010Prop35
280
     0
102
RTVSPost2010PropOp35
 70
     1
102
RTVSPost2010Prop36
280
     0
102
RTVSPost2010PropOp36
 70
     1
102
RTVSPost2010Prop37
 90
       50
102
RTVSPost2010PropOp37
 70
     1
102
RTVSPost2010Prop38
140
0.0
102
RTVSPost2010PropOp38
 70
     1
102
RTVSPost2010Prop39
140
1.0
102
RTVSPost2010PropOp39
 70
     1
102
RTVSPost2010Prop40
 90
        0
102
RTVSPost2010PropOp40
 70
     1
102
RTVSPost2010Prop41ColorIndex
 90
       18
102
RTVSPost2010Prop41ColorRGB
 90
        0
102
RTVSPost2010PropOp41
 70
     1
102
RTVSPost2010Prop42
 90
       50
102
RTVSPost2010PropOp42
 70
     1
102
RTVSPost2010Prop43
 90
        3
102
RTVSPost2010PropOp43
 70
     1
102
RTVSPost2010Prop44ColorIndex
 90
        5
102
RTVSPost2010Prop44ColorRGB
 90
      255
102
RTVSPost2010PropOp44
 70
     1
102
RTVSPost2010Prop45
280
     0
102
RTVSPost2010PropOp45
 70
     1
102
RTVSPost2010Prop46
 90
       50
102
RTVSPost2010PropOp46
 70
     1
102
RTVSPost2010Prop47
 90
       50
102
RTVSPost2010PropOp47
 70
     1
102
RTVSPost2010Prop48
 90
       50
102
RTVSPost2010PropOp48
 70
     1
102
RTVSPost2010Prop49
280
     0
102
RTVSPost2010PropOp49
 70
     1
102
RTVSPost2010Prop50
 90
       50
102
RTVSPost2010PropOp50
 70
     1
102
RTVSPost2010Prop51ColorIndex
 90
      256
102
RTVSPost2010Prop51ColorRGB
 90
-16777216
102
RTVSPost2010PropOp51
 70
     0
102
RTVSPost2010Prop52
140
1.0
102
RTVSPost2010PropOp52
 70
     0
102
RTVSPost2010Prop53
 90
        2
102
RTVSPost2010PropOp53
 70
     1
102
RTVSPost2010Prop54
  1
strokes_ogs.tif
102
RTVSPost2010PropOp54
 70
     1
102
RTVSPost2010Prop55
280
     0
102
RTVSPost2010PropOp55
 70
     1
102
RTVSPost2010Prop56
140
1.0
102
RTVSPost2010PropOp56
 70
     1
102
RTVSPost2010Prop57
140
1.0
102
RTVSPost2010PropOp57
 70
     1
  0
XRECORD
  5
2CA4
102
{ACAD_REACTORS
330
2CA3
102
}
330
2CA3
100
AcDbXrecord
280
     1
102
RTVSPropertyOp0
 70
     1
102
RTVSPropertyOp1
 70
     1
102
RTVSPropertyOp2
 70
     1
102
RTVSPropertyOp3
 70
     1
102
RTVSPropertyOp4
 70
     1
102
RTVSPropertyOp5
 70
     1
102
RTVSPropertyOp6
 70
     1
102
RTVSPropertyOp7
 70
     1
102
RTVSPropertyOp8
 70
     1
102
RTVSPropertyOp9
 70
     1
102
RTVSPropertyOp10
 70
     1
102
RTVSPropertyOp11
 70
     1
102
RTVSPropertyOp12
 70
     1
102
RTVSPropertyOp13
 70
     1
102
RTVSPropertyOp14
 70
     1
102
RTVSPropertyOp15
 70
     1
102
RTVSPropertyOp16
 70
     1
102
RTVSPropertyOp17
 70
     1
102
RTVSPropertyOp18
 70
     1
102
RTVSPropertyOp19
 70
     1
102
RTVSPropertyOp20
 70
     1
102
RTVSPropertyOp21
 70
     1
102
RTVSPropertyOp22
 70
     1
102
RTVSPropertyOp23
 70
     1
102
RTVSPropertyOp24
 70
     1
102
RTVSPropertyOp25
 70
     1
102
RTVSPropertyOp26
 70
     1
102
RTVSPropertyOp27
 70
     1
102
RTVSPropertyOp28
 70
     1
102
RTVSPropertyOp29
 70
     1
102
RTVSPropertyOp30
 70
     1
102
RTVSPropertyOp31
 70
     1
102
RTVSPropertyOp32
 70
     1
102
RTVSPropertyOp33
 70
     1
102
RTVSPropertyOp34
 70
     1
102
RTVSPropertyOp35
 70
     1
102
RTVSPropertyOp36
 70
     1
102
RTVSPropertyOp37
 70
     1
102
RTVSPropertyOp38
 70
     1
102
RTVSPropertyOp39
 70
     1
102
RTVSPropertyOp40
 70
     1
102
RTVSPropertyOp41
 70
     1
102
RTVSPropertyOp42
 70
     1
102
RTVSPropertyOp43
 70
     1
102
RTVSPropertyOp44
 70
     1
102
RTVSPropertyOp45
 70
     1
102
RTVSPropertyOp46
 70
     1
102
RTVSPropertyOp47
 70
     1
102
RTVSPropertyOp48
 70
     1
102
RTVSPropertyOp49
 70
     1
102
RTVSPropertyOp50
 70
     1
102
RTVSPropertyOp51
 70
     0
102
RTVSPropertyOp52
 70
     0
102
RTVSPropertyOp53
 70
     1
102
RTVSPropertyOp54
 70
     1
102
RTVSPropertyOp55
 70
     1
102
RTVSPropertyOp56
 70
     1
102
RTVSPropertyOp57
 70
     1
102
RTVSPost2010Prop28
280
     0
102
RTVSPost2010PropOp28
 70
     1
102
RTVSPost2010Prop29
280
     1
102
RTVSPost2010PropOp29
 70
     1
102
RTVSPost2010Prop30
280
     1
102
RTVSPost2010PropOp30
 70
     1
102
RTVSPost2010Prop31
280
     0
102
RTVSPost2010PropOp31
 70
     1
102
RTVSPost2010Prop32
280
     0
102
RTVSPost2010PropOp32
 70
     1
102
RTVSPost2010Prop33
280
     0
102
RTVSPost2010PropOp33
 70
     1
102
RTVSPost2010Prop34
280
     0
102
RTVSPost2010PropOp34
 70
     1
102
RTVSPost2010Prop35
280
     0
102
RTVSPost2010PropOp35
 70
     1
102
RTVSPost2010Prop36
280
     0
102
RTVSPost2010PropOp36
 70
     1
102
RTVSPost2010Prop37
 90
       50
102
RTVSPost2010PropOp37
 70
     1
102
RTVSPost2010Prop38
140
0.0
102
RTVSPost2010PropOp38
 70
     1
102
RTVSPost2010Prop39
140
1.0
102
RTVSPost2010PropOp39
 70
     1
102
RTVSPost2010Prop40
 90
        0
102
RTVSPost2010PropOp40
 70
     1
102
RTVSPost2010Prop41ColorIndex
 90
       18
102
RTVSPost2010Prop41ColorRGB
 90
        0
102
RTVSPost2010PropOp41
 70
     1
102
RTVSPost2010Prop42
 90
       50
102
RTVSPost2010PropOp42
 70
     1
102
RTVSPost2010Prop43
 90
        3
102
RTVSPost2010PropOp43
 70
     1
102
RTVSPost2010Prop44ColorIndex
 90
        5
102
RTVSPost2010Prop44ColorRGB
 90
      255
102
RTVSPost2010PropOp44
 70
     1
102
RTVSPost2010Prop45
280
     0
102
RTVSPost2010PropOp45
 70
     1
102
RTVSPost2010Prop46
 90
       50
102
RTVSPost2010PropOp46
 70
     1
102
RTVSPost2010Prop47
 90
       50
102
RTVSPost2010PropOp47
 70
     1
102
RTVSPost2010Prop48
 90
       50
102
RTVSPost2010PropOp48
 70
     1
102
RTVSPost2010Prop49
280
     0
102
RTVSPost2010PropOp49
 70
     1
102
RTVSPost2010Prop50
 90
       50
102
RTVSPost2010PropOp50
 70
     1
102
RTVSPost2010Prop51ColorIndex
 90
      256
102
RTVSPost2010Prop51ColorRGB
 90
-16777216
102
RTVSPost2010PropOp51
 70
     0
102
RTVSPost2010Prop52
140
1.0
102
RTVSPost2010PropOp52
 70
     0
102
RTVSPost2010Prop53
 90
        2
102
RTVSPost2010PropOp53
 70
     1
102
RTVSPost2010Prop54
  1
strokes_ogs.tif
102
RTVSPost2010PropOp54
 70
     1
102
RTVSPost2010Prop55
280
     0
102
RTVSPost2010PropOp55
 70
     1
102
RTVSPost2010Prop56
140
1.0
102
RTVSPost2010PropOp56
 70
     1
102
RTVSPost2010Prop57
140
1.0
102
RTVSPost2010PropOp57
 70
     1
  0
XRECORD
  5
2CA6
102
{ACAD_REACTORS
330
2CA5
102
}
330
2CA5
100
AcDbXrecord
280
     1
102
RTVSPropertyOp0
 70
     1
102
RTVSPropertyOp1
 70
     1
102
RTVSPropertyOp2
 70
     1
102
RTVSPropertyOp3
 70
     1
102
RTVSPropertyOp4
 70
     1
102
RTVSPropertyOp5
 70
     1
102
RTVSPropertyOp6
 70
     1
102
RTVSPropertyOp7
 70
     1
102
RTVSPropertyOp8
 70
     1
102
RTVSPropertyOp9
 70
     1
102
RTVSPropertyOp10
 70
     1
102
RTVSPropertyOp11
 70
     1
102
RTVSPropertyOp12
 70
     1
102
RTVSPropertyOp13
 70
     1
102
RTVSPropertyOp14
 70
     1
102
RTVSPropertyOp15
 70
     1
102
RTVSPropertyOp16
 70
     1
102
RTVSPropertyOp17
 70
     1
102
RTVSPropertyOp18
 70
     1
102
RTVSPropertyOp19
 70
     1
102
RTVSPropertyOp20
 70
     1
102
RTVSPropertyOp21
 70
     1
102
RTVSPropertyOp22
 70
     1
102
RTVSPropertyOp23
 70
     1
102
RTVSPropertyOp24
 70
     1
102
RTVSPropertyOp25
 70
     1
102
RTVSPropertyOp26
 70
     1
102
RTVSPropertyOp27
 70
     1
102
RTVSPropertyOp28
 70
     1
102
RTVSPropertyOp29
 70
     1
102
RTVSPropertyOp30
 70
     1
102
RTVSPropertyOp31
 70
     1
102
RTVSPropertyOp32
 70
     1
102
RTVSPropertyOp33
 70
     1
102
RTVSPropertyOp34
 70
     1
102
RTVSPropertyOp35
 70
     1
102
RTVSPropertyOp36
 70
     1
102
RTVSPropertyOp37
 70
     1
102
RTVSPropertyOp38
 70
     1
102
RTVSPropertyOp39
 70
     1
102
RTVSPropertyOp40
 70
     1
102
RTVSPropertyOp41
 70
     1
102
RTVSPropertyOp42
 70
     1
102
RTVSPropertyOp43
 70
     1
102
RTVSPropertyOp44
 70
     1
102
RTVSPropertyOp45
 70
     1
102
RTVSPropertyOp46
 70
     1
102
RTVSPropertyOp47
 70
     1
102
RTVSPropertyOp48
 70
     1
102
RTVSPropertyOp49
 70
     1
102
RTVSPropertyOp50
 70
     1
102
RTVSPropertyOp51
 70
     0
102
RTVSPropertyOp52
 70
     0
102
RTVSPropertyOp53
 70
     1
102
RTVSPropertyOp54
 70
     1
102
RTVSPropertyOp55
 70
     1
102
RTVSPropertyOp56
 70
     1
102
RTVSPropertyOp57
 70
     1
102
RTVSPost2010Prop28
280
     0
102
RTVSPost2010PropOp28
 70
     1
102
RTVSPost2010Prop29
280
     1
102
RTVSPost2010PropOp29
 70
     1
102
RTVSPost2010Prop30
280
     1
102
RTVSPost2010PropOp30
 70
     1
102
RTVSPost2010Prop31
280
     0
102
RTVSPost2010PropOp31
 70
     1
102
RTVSPost2010Prop32
280
     0
102
RTVSPost2010PropOp32
 70
     1
102
RTVSPost2010Prop33
280
     0
102
RTVSPost2010PropOp33
 70
     1
102
RTVSPost2010Prop34
280
     0
102
RTVSPost2010PropOp34
 70
     1
102
RTVSPost2010Prop35
280
     0
102
RTVSPost2010PropOp35
 70
     1
102
RTVSPost2010Prop36
280
     0
102
RTVSPost2010PropOp36
 70
     1
102
RTVSPost2010Prop37
 90
       50
102
RTVSPost2010PropOp37
 70
     1
102
RTVSPost2010Prop38
140
0.0
102
RTVSPost2010PropOp38
 70
     1
102
RTVSPost2010Prop39
140
1.0
102
RTVSPost2010PropOp39
 70
     1
102
RTVSPost2010Prop40
 90
        0
102
RTVSPost2010PropOp40
 70
     1
102
RTVSPost2010Prop41ColorIndex
 90
       18
102
RTVSPost2010Prop41ColorRGB
 90
        0
102
RTVSPost2010PropOp41
 70
     1
102
RTVSPost2010Prop42
 90
       50
102
RTVSPost2010PropOp42
 70
     1
102
RTVSPost2010Prop43
 90
        3
102
RTVSPost2010PropOp43
 70
     1
102
RTVSPost2010Prop44ColorIndex
 90
        5
102
RTVSPost2010Prop44ColorRGB
 90
      255
102
RTVSPost2010PropOp44
 70
     1
102
RTVSPost2010Prop45
280
     0
102
RTVSPost2010PropOp45
 70
     1
102
RTVSPost2010Prop46
 90
       50
102
RTVSPost2010PropOp46
 70
     1
102
RTVSPost2010Prop47
 90
       50
102
RTVSPost2010PropOp47
 70
     1
102
RTVSPost2010Prop48
 90
       50
102
RTVSPost2010PropOp48
 70
     1
102
RTVSPost2010Prop49
280
     0
102
RTVSPost2010PropOp49
 70
     1
102
RTVSPost2010Prop50
 90
       50
102
RTVSPost2010PropOp50
 70
     1
102
RTVSPost2010Prop51ColorIndex
 90
      256
102
RTVSPost2010Prop51ColorRGB
 90
-16777216
102
RTVSPost2010PropOp51
 70
     0
102
RTVSPost2010Prop52
140
1.0
102
RTVSPost2010PropOp52
 70
     0
102
RTVSPost2010Prop53
 90
        2
102
RTVSPost2010PropOp53
 70
     1
102
RTVSPost2010Prop54
  1
strokes_ogs.tif
102
RTVSPost2010PropOp54
 70
     1
102
RTVSPost2010Prop55
280
     0
102
RTVSPost2010PropOp55
 70
     1
102
RTVSPost2010Prop56
140
1.0
102
RTVSPost2010PropOp56
 70
     1
102
RTVSPost2010Prop57
140
1.0
102
RTVSPost2010PropOp57
 70
     1
  0
XRECORD
  5
2CA8
102
{ACAD_REACTORS
330
2CA7
102
}
330
2CA7
100
AcDbXrecord
280
     1
102
RTVSPropertyOp0
 70
     1
102
RTVSPropertyOp1
 70
     1
102
RTVSPropertyOp2
 70
     1
102
RTVSPropertyOp3
 70
     1
102
RTVSPropertyOp4
 70
     1
102
RTVSPropertyOp5
 70
     1
102
RTVSPropertyOp6
 70
     1
102
RTVSPropertyOp7
 70
     1
102
RTVSPropertyOp8
 70
     1
102
RTVSPropertyOp9
 70
     1
102
RTVSPropertyOp10
 70
     1
102
RTVSPropertyOp11
 70
     1
102
RTVSPropertyOp12
 70
     1
102
RTVSPropertyOp13
 70
     1
102
RTVSPropertyOp14
 70
     1
102
RTVSPropertyOp15
 70
     1
102
RTVSPropertyOp16
 70
     1
102
RTVSPropertyOp17
 70
     1
102
RTVSPropertyOp18
 70
     1
102
RTVSPropertyOp19
 70
     1
102
RTVSPropertyOp20
 70
     1
102
RTVSPropertyOp21
 70
     1
102
RTVSPropertyOp22
 70
     1
102
RTVSPropertyOp23
 70
     1
102
RTVSPropertyOp24
 70
     1
102
RTVSPropertyOp25
 70
     1
102
RTVSPropertyOp26
 70
     1
102
RTVSPropertyOp27
 70
     1
102
RTVSPropertyOp28
 70
     1
102
RTVSPropertyOp29
 70
     1
102
RTVSPropertyOp30
 70
     1
102
RTVSPropertyOp31
 70
     1
102
RTVSPropertyOp32
 70
     1
102
RTVSPropertyOp33
 70
     1
102
RTVSPropertyOp34
 70
     1
102
RTVSPropertyOp35
 70
     1
102
RTVSPropertyOp36
 70
     1
102
RTVSPropertyOp37
 70
     1
102
RTVSPropertyOp38
 70
     1
102
RTVSPropertyOp39
 70
     1
102
RTVSPropertyOp40
 70
     1
102
RTVSPropertyOp41
 70
     1
102
RTVSPropertyOp42
 70
     1
102
RTVSPropertyOp43
 70
     1
102
RTVSPropertyOp44
 70
     1
102
RTVSPropertyOp45
 70
     1
102
RTVSPropertyOp46
 70
     1
102
RTVSPropertyOp47
 70
     1
102
RTVSPropertyOp48
 70
     1
102
RTVSPropertyOp49
 70
     1
102
RTVSPropertyOp50
 70
     1
102
RTVSPropertyOp51
 70
     0
102
RTVSPropertyOp52
 70
     0
102
RTVSPropertyOp53
 70
     1
102
RTVSPropertyOp54
 70
     1
102
RTVSPropertyOp55
 70
     1
102
RTVSPropertyOp56
 70
     1
102
RTVSPropertyOp57
 70
     1
102
RTVSPost2010Prop28
280
     0
102
RTVSPost2010PropOp28
 70
     1
102
RTVSPost2010Prop29
280
     1
102
RTVSPost2010PropOp29
 70
     1
102
RTVSPost2010Prop30
280
     1
102
RTVSPost2010PropOp30
 70
     1
102
RTVSPost2010Prop31
280
     0
102
RTVSPost2010PropOp31
 70
     1
102
RTVSPost2010Prop32
280
     0
102
RTVSPost2010PropOp32
 70
     1
102
RTVSPost2010Prop33
280
     0
102
RTVSPost2010PropOp33
 70
     1
102
RTVSPost2010Prop34
280
     0
102
RTVSPost2010PropOp34
 70
     1
102
RTVSPost2010Prop35
280
     0
102
RTVSPost2010PropOp35
 70
     1
102
RTVSPost2010Prop36
280
     0
102
RTVSPost2010PropOp36
 70
     1
102
RTVSPost2010Prop37
 90
       50
102
RTVSPost2010PropOp37
 70
     1
102
RTVSPost2010Prop38
140
0.0
102
RTVSPost2010PropOp38
 70
     1
102
RTVSPost2010Prop39
140
1.0
102
RTVSPost2010PropOp39
 70
     1
102
RTVSPost2010Prop40
 90
        0
102
RTVSPost2010PropOp40
 70
     1
102
RTVSPost2010Prop41ColorIndex
 90
       18
102
RTVSPost2010Prop41ColorRGB
 90
        0
102
RTVSPost2010PropOp41
 70
     1
102
RTVSPost2010Prop42
 90
       50
102
RTVSPost2010PropOp42
 70
     1
102
RTVSPost2010Prop43
 90
        3
102
RTVSPost2010PropOp43
 70
     1
102
RTVSPost2010Prop44ColorIndex
 90
        5
102
RTVSPost2010Prop44ColorRGB
 90
      255
102
RTVSPost2010PropOp44
 70
     1
102
RTVSPost2010Prop45
280
     0
102
RTVSPost2010PropOp45
 70
     1
102
RTVSPost2010Prop46
 90
       50
102
RTVSPost2010PropOp46
 70
     1
102
RTVSPost2010Prop47
 90
       50
102
RTVSPost2010PropOp47
 70
     1
102
RTVSPost2010Prop48
 90
       50
102
RTVSPost2010PropOp48
 70
     1
102
RTVSPost2010Prop49
280
     0
102
RTVSPost2010PropOp49
 70
     1
102
RTVSPost2010Prop50
 90
       50
102
RTVSPost2010PropOp50
 70
     1
102
RTVSPost2010Prop51ColorIndex
 90
      256
102
RTVSPost2010Prop51ColorRGB
 90
-16777216
102
RTVSPost2010PropOp51
 70
     0
102
RTVSPost2010Prop52
140
1.0
102
RTVSPost2010PropOp52
 70
     0
102
RTVSPost2010Prop53
 90
        2
102
RTVSPost2010PropOp53
 70
     1
102
RTVSPost2010Prop54
  1
strokes_ogs.tif
102
RTVSPost2010PropOp54
 70
     1
102
RTVSPost2010Prop55
280
     0
102
RTVSPost2010PropOp55
 70
     1
102
RTVSPost2010Prop56
140
1.0
102
RTVSPost2010PropOp56
 70
     1
102
RTVSPost2010Prop57
140
1.0
102
RTVSPost2010PropOp57
 70
     1
  0
XRECORD
  5
2CAA
102
{ACAD_REACTORS
330
2CA9
102
}
330
2CA9
100
AcDbXrecord
280
     1
102
RTVSPropertyOp0
 70
     1
102
RTVSPropertyOp1
 70
     1
102
RTVSPropertyOp2
 70
     1
102
RTVSPropertyOp3
 70
     1
102
RTVSPropertyOp4
 70
     1
102
RTVSPropertyOp5
 70
     1
102
RTVSPropertyOp6
 70
     1
102
RTVSPropertyOp7
 70
     1
102
RTVSPropertyOp8
 70
     1
102
RTVSPropertyOp9
 70
     1
102
RTVSPropertyOp10
 70
     1
102
RTVSPropertyOp11
 70
     1
102
RTVSPropertyOp12
 70
     1
102
RTVSPropertyOp13
 70
     1
102
RTVSPropertyOp14
 70
     1
102
RTVSPropertyOp15
 70
     1
102
RTVSPropertyOp16
 70
     1
102
RTVSPropertyOp17
 70
     1
102
RTVSPropertyOp18
 70
     1
102
RTVSPropertyOp19
 70
     1
102
RTVSPropertyOp20
 70
     1
102
RTVSPropertyOp21
 70
     1
102
RTVSPropertyOp22
 70
     1
102
RTVSPropertyOp23
 70
     1
102
RTVSPropertyOp24
 70
     1
102
RTVSPropertyOp25
 70
     1
102
RTVSPropertyOp26
 70
     1
102
RTVSPropertyOp27
 70
     1
102
RTVSPropertyOp28
 70
     1
102
RTVSPropertyOp29
 70
     1
102
RTVSPropertyOp30
 70
     1
102
RTVSPropertyOp31
 70
     1
102
RTVSPropertyOp32
 70
     1
102
RTVSPropertyOp33
 70
     1
102
RTVSPropertyOp34
 70
     1
102
RTVSPropertyOp35
 70
     1
102
RTVSPropertyOp36
 70
     1
102
RTVSPropertyOp37
 70
     1
102
RTVSPropertyOp38
 70
     1
102
RTVSPropertyOp39
 70
     1
102
RTVSPropertyOp40
 70
     1
102
RTVSPropertyOp41
 70
     1
102
RTVSPropertyOp42
 70
     1
102
RTVSPropertyOp43
 70
     1
102
RTVSPropertyOp44
 70
     1
102
RTVSPropertyOp45
 70
     1
102
RTVSPropertyOp46
 70
     1
102
RTVSPropertyOp47
 70
     1
102
RTVSPropertyOp48
 70
     1
102
RTVSPropertyOp49
 70
     1
102
RTVSPropertyOp50
 70
     1
102
RTVSPropertyOp51
 70
     0
102
RTVSPropertyOp52
 70
     0
102
RTVSPropertyOp53
 70
     1
102
RTVSPropertyOp54
 70
     1
102
RTVSPropertyOp55
 70
     1
102
RTVSPropertyOp56
 70
     1
102
RTVSPropertyOp57
 70
     1
102
RTVSPost2010Prop28
280
     0
102
RTVSPost2010PropOp28
 70
     1
102
RTVSPost2010Prop29
280
     1
102
RTVSPost2010PropOp29
 70
     1
102
RTVSPost2010Prop30
280
     1
102
RTVSPost2010PropOp30
 70
     1
102
RTVSPost2010Prop31
280
     0
102
RTVSPost2010PropOp31
 70
     1
102
RTVSPost2010Prop32
280
     0
102
RTVSPost2010PropOp32
 70
     1
102
RTVSPost2010Prop33
280
     0
102
RTVSPost2010PropOp33
 70
     1
102
RTVSPost2010Prop34
280
     0
102
RTVSPost2010PropOp34
 70
     1
102
RTVSPost2010Prop35
280
     0
102
RTVSPost2010PropOp35
 70
     1
102
RTVSPost2010Prop36
280
     0
102
RTVSPost2010PropOp36
 70
     1
102
RTVSPost2010Prop37
 90
       50
102
RTVSPost2010PropOp37
 70
     1
102
RTVSPost2010Prop38
140
0.0
102
RTVSPost2010PropOp38
 70
     1
102
RTVSPost2010Prop39
140
1.0
102
RTVSPost2010PropOp39
 70
     1
102
RTVSPost2010Prop40
 90
        0
102
RTVSPost2010PropOp40
 70
     1
102
RTVSPost2010Prop41ColorIndex
 90
       18
102
RTVSPost2010Prop41ColorRGB
 90
        0
102
RTVSPost2010PropOp41
 70
     1
102
RTVSPost2010Prop42
 90
       50
102
RTVSPost2010PropOp42
 70
     1
102
RTVSPost2010Prop43
 90
        3
102
RTVSPost2010PropOp43
 70
     1
102
RTVSPost2010Prop44ColorIndex
 90
        5
102
RTVSPost2010Prop44ColorRGB
 90
      255
102
RTVSPost2010PropOp44
 70
     1
102
RTVSPost2010Prop45
280
     0
102
RTVSPost2010PropOp45
 70
     1
102
RTVSPost2010Prop46
 90
       50
102
RTVSPost2010PropOp46
 70
     1
102
RTVSPost2010Prop47
 90
       50
102
RTVSPost2010PropOp47
 70
     1
102
RTVSPost2010Prop48
 90
       50
102
RTVSPost2010PropOp48
 70
     1
102
RTVSPost2010Prop49
280
     0
102
RTVSPost2010PropOp49
 70
     1
102
RTVSPost2010Prop50
 90
       50
102
RTVSPost2010PropOp50
 70
     1
102
RTVSPost2010Prop51ColorIndex
 90
      256
102
RTVSPost2010Prop51ColorRGB
 90
-16777216
102
RTVSPost2010PropOp51
 70
     0
102
RTVSPost2010Prop52
140
1.0
102
RTVSPost2010PropOp52
 70
     0
102
RTVSPost2010Prop53
 90
        2
102
RTVSPost2010PropOp53
 70
     1
102
RTVSPost2010Prop54
  1
strokes_ogs.tif
102
RTVSPost2010PropOp54
 70
     1
102
RTVSPost2010Prop55
280
     0
102
RTVSPost2010PropOp55
 70
     1
102
RTVSPost2010Prop56
140
1.0
102
RTVSPost2010PropOp56
 70
     1
102
RTVSPost2010Prop57
140
1.0
102
RTVSPost2010PropOp57
 70
     1
  0
XRECORD
  5
2CAC
102
{ACAD_REACTORS
330
2CAB
102
}
330
2CAB
100
AcDbXrecord
280
     1
102
RTVSPropertyOp0
 70
     0
102
RTVSPropertyOp1
 70
     0
102
RTVSPropertyOp2
 70
     0
102
RTVSPropertyOp3
 70
     0
102
RTVSPropertyOp4
 70
     0
102
RTVSPropertyOp5
 70
     0
102
RTVSPropertyOp6
 70
     0
102
RTVSPropertyOp7
 70
     0
102
RTVSPropertyOp8
 70
     0
102
RTVSPropertyOp9
 70
     0
102
RTVSPropertyOp10
 70
     0
102
RTVSPropertyOp11
 70
     0
102
RTVSPropertyOp12
 70
     0
102
RTVSPropertyOp13
 70
     0
102
RTVSPropertyOp14
 70
     2
102
RTVSPropertyOp15
 70
     0
102
RTVSPropertyOp16
 70
     0
102
RTVSPropertyOp17
 70
     0
102
RTVSPropertyOp18
 70
     0
102
RTVSPropertyOp19
 70
     0
102
RTVSPropertyOp20
 70
     0
102
RTVSPropertyOp21
 70
     0
102
RTVSPropertyOp22
 70
     0
102
RTVSPropertyOp23
 70
     0
102
RTVSPropertyOp24
 70
     0
102
RTVSPropertyOp25
 70
     0
102
RTVSPropertyOp26
 70
     0
102
RTVSPropertyOp27
 70
     0
102
RTVSPropertyOp28
 70
     1
102
RTVSPropertyOp29
 70
     1
102
RTVSPropertyOp30
 70
     1
102
RTVSPropertyOp31
 70
     1
102
RTVSPropertyOp32
 70
     1
102
RTVSPropertyOp33
 70
     1
102
RTVSPropertyOp34
 70
     1
102
RTVSPropertyOp35
 70
     1
102
RTVSPropertyOp36
 70
     1
102
RTVSPropertyOp37
 70
     1
102
RTVSPropertyOp38
 70
     1
102
RTVSPropertyOp39
 70
     1
102
RTVSPropertyOp40
 70
     1
102
RTVSPropertyOp41
 70
     1
102
RTVSPropertyOp42
 70
     1
102
RTVSPropertyOp43
 70
     1
102
RTVSPropertyOp44
 70
     1
102
RTVSPropertyOp45
 70
     1
102
RTVSPropertyOp46
 70
     1
102
RTVSPropertyOp47
 70
     1
102
RTVSPropertyOp48
 70
     1
102
RTVSPropertyOp49
 70
     1
102
RTVSPropertyOp50
 70
     1
102
RTVSPropertyOp51
 70
     0
102
RTVSPropertyOp52
 70
     0
102
RTVSPropertyOp53
 70
     1
102
RTVSPropertyOp54
 70
     1
102
RTVSPropertyOp55
 70
     1
102
RTVSPropertyOp56
 70
     1
102
RTVSPropertyOp57
 70
     1
102
RTVSPost2010Prop28
280
     0
102
RTVSPost2010PropOp28
 70
     1
102
RTVSPost2010Prop29
280
     1
102
RTVSPost2010PropOp29
 70
     1
102
RTVSPost2010Prop30
280
     1
102
RTVSPost2010PropOp30
 70
     1
102
RTVSPost2010Prop31
280
     0
102
RTVSPost2010PropOp31
 70
     1
102
RTVSPost2010Prop32
280
     0
102
RTVSPost2010PropOp32
 70
     1
102
RTVSPost2010Prop33
280
     0
102
RTVSPost2010PropOp33
 70
     1
102
RTVSPost2010Prop34
280
     0
102
RTVSPost2010PropOp34
 70
     1
102
RTVSPost2010Prop35
280
     0
102
RTVSPost2010PropOp35
 70
     1
102
RTVSPost2010Prop36
280
     0
102
RTVSPost2010PropOp36
 70
     1
102
RTVSPost2010Prop37
 90
       50
102
RTVSPost2010PropOp37
 70
     1
102
RTVSPost2010Prop38
140
0.0
102
RTVSPost2010PropOp38
 70
     1
102
RTVSPost2010Prop39
140
1.0
102
RTVSPost2010PropOp39
 70
     1
102
RTVSPost2010Prop40
 90
        0
102
RTVSPost2010PropOp40
 70
     1
102
RTVSPost2010Prop41ColorIndex
 90
       18
102
RTVSPost2010Prop41ColorRGB
 90
        0
102
RTVSPost2010PropOp41
 70
     1
102
RTVSPost2010Prop42
 90
       50
102
RTVSPost2010PropOp42
 70
     1
102
RTVSPost2010Prop43
 90
        3
102
RTVSPost2010PropOp43
 70
     1
102
RTVSPost2010Prop44ColorIndex
 90
        5
102
RTVSPost2010Prop44ColorRGB
 90
      255
102
RTVSPost2010PropOp44
 70
     1
102
RTVSPost2010Prop45
280
     0
102
RTVSPost2010PropOp45
 70
     1
102
RTVSPost2010Prop46
 90
       50
102
RTVSPost2010PropOp46
 70
     1
102
RTVSPost2010Prop47
 90
       50
102
RTVSPost2010PropOp47
 70
     1
102
RTVSPost2010Prop48
 90
       50
102
RTVSPost2010PropOp48
 70
     1
102
RTVSPost2010Prop49
280
     0
102
RTVSPost2010PropOp49
 70
     1
102
RTVSPost2010Prop50
 90
       50
102
RTVSPost2010PropOp50
 70
     1
102
RTVSPost2010Prop51ColorIndex
 90
      256
102
RTVSPost2010Prop51ColorRGB
 90
-16777216
102
RTVSPost2010PropOp51
 70
     0
102
RTVSPost2010Prop52
140
1.0
102
RTVSPost2010PropOp52
 70
     0
102
RTVSPost2010Prop53
 90
        2
102
RTVSPost2010PropOp53
 70
     1
102
RTVSPost2010Prop54
  1
strokes_ogs.tif
102
RTVSPost2010PropOp54
 70
     1
102
RTVSPost2010Prop55
280
     0
102
RTVSPost2010PropOp55
 70
     1
102
RTVSPost2010Prop56
140
1.0
102
RTVSPost2010PropOp56
 70
     1
102
RTVSPost2010Prop57
140
1.0
102
RTVSPost2010PropOp57
 70
     1
  0
XRECORD
  5
2CAE
102
{ACAD_REACTORS
330
2CAD
102
}
330
2CAD
100
AcDbXrecord
280
     1
102
RTVSPropertyOp0
 70
     1
102
RTVSPropertyOp1
 70
     1
102
RTVSPropertyOp2
 70
     1
102
RTVSPropertyOp3
 70
     1
102
RTVSPropertyOp4
 70
     1
102
RTVSPropertyOp5
 70
     1
102
RTVSPropertyOp6
 70
     1
102
RTVSPropertyOp7
 70
     1
102
RTVSPropertyOp8
 70
     1
102
RTVSPropertyOp9
 70
     1
102
RTVSPropertyOp10
 70
     1
102
RTVSPropertyOp11
 70
     1
102
RTVSPropertyOp12
 70
     1
102
RTVSPropertyOp13
 70
     1
102
RTVSPropertyOp14
 70
     1
102
RTVSPropertyOp15
 70
     1
102
RTVSPropertyOp16
 70
     1
102
RTVSPropertyOp17
 70
     1
102
RTVSPropertyOp18
 70
     1
102
RTVSPropertyOp19
 70
     1
102
RTVSPropertyOp20
 70
     1
102
RTVSPropertyOp21
 70
     1
102
RTVSPropertyOp22
 70
     1
102
RTVSPropertyOp23
 70
     1
102
RTVSPropertyOp24
 70
     1
102
RTVSPropertyOp25
 70
     1
102
RTVSPropertyOp26
 70
     1
102
RTVSPropertyOp27
 70
     1
102
RTVSPropertyOp28
 70
     1
102
RTVSPropertyOp29
 70
     1
102
RTVSPropertyOp30
 70
     1
102
RTVSPropertyOp31
 70
     1
102
RTVSPropertyOp32
 70
     1
102
RTVSPropertyOp33
 70
     1
102
RTVSPropertyOp34
 70
     1
102
RTVSPropertyOp35
 70
     1
102
RTVSPropertyOp36
 70
     1
102
RTVSPropertyOp37
 70
     1
102
RTVSPropertyOp38
 70
     1
102
RTVSPropertyOp39
 70
     1
102
RTVSPropertyOp40
 70
     1
102
RTVSPropertyOp41
 70
     1
102
RTVSPropertyOp42
 70
     1
102
RTVSPropertyOp43
 70
     1
102
RTVSPropertyOp44
 70
     1
102
RTVSPropertyOp45
 70
     1
102
RTVSPropertyOp46
 70
     1
102
RTVSPropertyOp47
 70
     1
102
RTVSPropertyOp48
 70
     1
102
RTVSPropertyOp49
 70
     1
102
RTVSPropertyOp50
 70
     1
102
RTVSPropertyOp51
 70
     0
102
RTVSPropertyOp52
 70
     0
102
RTVSPropertyOp53
 70
     1
102
RTVSPropertyOp54
 70
     1
102
RTVSPropertyOp55
 70
     1
102
RTVSPropertyOp56
 70
     1
102
RTVSPropertyOp57
 70
     1
102
RTVSPost2010Prop28
280
     0
102
RTVSPost2010PropOp28
 70
     1
102
RTVSPost2010Prop29
280
     1
102
RTVSPost2010PropOp29
 70
     1
102
RTVSPost2010Prop30
280
     1
102
RTVSPost2010PropOp30
 70
     1
102
RTVSPost2010Prop31
280
     0
102
RTVSPost2010PropOp31
 70
     1
102
RTVSPost2010Prop32
280
     0
102
RTVSPost2010PropOp32
 70
     1
102
RTVSPost2010Prop33
280
     0
102
RTVSPost2010PropOp33
 70
     1
102
RTVSPost2010Prop34
280
     0
102
RTVSPost2010PropOp34
 70
     1
102
RTVSPost2010Prop35
280
     0
102
RTVSPost2010PropOp35
 70
     1
102
RTVSPost2010Prop36
280
     0
102
RTVSPost2010PropOp36
 70
     1
102
RTVSPost2010Prop37
 90
       50
102
RTVSPost2010PropOp37
 70
     1
102
RTVSPost2010Prop38
140
0.0
102
RTVSPost2010PropOp38
 70
     1
102
RTVSPost2010Prop39
140
1.0
102
RTVSPost2010PropOp39
 70
     1
102
RTVSPost2010Prop40
 90
        0
102
RTVSPost2010PropOp40
 70
     1
102
RTVSPost2010Prop41ColorIndex
 90
       18
102
RTVSPost2010Prop41ColorRGB
 90
        0
102
RTVSPost2010PropOp41
 70
     1
102
RTVSPost2010Prop42
 90
       50
102
RTVSPost2010PropOp42
 70
     1
102
RTVSPost2010Prop43
 90
        3
102
RTVSPost2010PropOp43
 70
     1
102
RTVSPost2010Prop44ColorIndex
 90
        5
102
RTVSPost2010Prop44ColorRGB
 90
      255
102
RTVSPost2010PropOp44
 70
     1
102
RTVSPost2010Prop45
280
     0
102
RTVSPost2010PropOp45
 70
     1
102
RTVSPost2010Prop46
 90
       50
102
RTVSPost2010PropOp46
 70
     1
102
RTVSPost2010Prop47
 90
       50
102
RTVSPost2010PropOp47
 70
     1
102
RTVSPost2010Prop48
 90
       50
102
RTVSPost2010PropOp48
 70
     1
102
RTVSPost2010Prop49
280
     0
102
RTVSPost2010PropOp49
 70
     1
102
RTVSPost2010Prop50
 90
       50
102
RTVSPost2010PropOp50
 70
     1
102
RTVSPost2010Prop51ColorIndex
 90
      256
102
RTVSPost2010Prop51ColorRGB
 90
-16777216
102
RTVSPost2010PropOp51
 70
     0
102
RTVSPost2010Prop52
140
1.0
102
RTVSPost2010PropOp52
 70
     0
102
RTVSPost2010Prop53
 90
        2
102
RTVSPost2010PropOp53
 70
     1
102
RTVSPost2010Prop54
  1
strokes_ogs.tif
102
RTVSPost2010PropOp54
 70
     1
102
RTVSPost2010Prop55
280
     0
102
RTVSPost2010PropOp55
 70
     1
102
RTVSPost2010Prop56
140
1.0
102
RTVSPost2010PropOp56
 70
     1
102
RTVSPost2010Prop57
140
1.0
102
RTVSPost2010PropOp57
 70
     1
  0
XRECORD
  5
2CB0
102
{ACAD_REACTORS
330
2CAF
102
}
330
2CAF
100
AcDbXrecord
280
     1
102
RTVSPropertyOp0
 70
     0
102
RTVSPropertyOp1
 70
     0
102
RTVSPropertyOp2
 70
     0
102
RTVSPropertyOp3
 70
     0
102
RTVSPropertyOp4
 70
     0
102
RTVSPropertyOp5
 70
     0
102
RTVSPropertyOp6
 70
     0
102
RTVSPropertyOp7
 70
     0
102
RTVSPropertyOp8
 70
     0
102
RTVSPropertyOp9
 70
     0
102
RTVSPropertyOp10
 70
     0
102
RTVSPropertyOp11
 70
     0
102
RTVSPropertyOp12
 70
     0
102
RTVSPropertyOp13
 70
     0
102
RTVSPropertyOp14
 70
     2
102
RTVSPropertyOp15
 70
     0
102
RTVSPropertyOp16
 70
     0
102
RTVSPropertyOp17
 70
     0
102
RTVSPropertyOp18
 70
     0
102
RTVSPropertyOp19
 70
     0
102
RTVSPropertyOp20
 70
     0
102
RTVSPropertyOp21
 70
     0
102
RTVSPropertyOp22
 70
     0
102
RTVSPropertyOp23
 70
     0
102
RTVSPropertyOp24
 70
     0
102
RTVSPropertyOp25
 70
     0
102
RTVSPropertyOp26
 70
     0
102
RTVSPropertyOp27
 70
     0
102
RTVSPropertyOp28
 70
     1
102
RTVSPropertyOp29
 70
     1
102
RTVSPropertyOp30
 70
     1
102
RTVSPropertyOp31
 70
     1
102
RTVSPropertyOp32
 70
     1
102
RTVSPropertyOp33
 70
     1
102
RTVSPropertyOp34
 70
     1
102
RTVSPropertyOp35
 70
     1
102
RTVSPropertyOp36
 70
     1
102
RTVSPropertyOp37
 70
     1
102
RTVSPropertyOp38
 70
     1
102
RTVSPropertyOp39
 70
     1
102
RTVSPropertyOp40
 70
     1
102
RTVSPropertyOp41
 70
     1
102
RTVSPropertyOp42
 70
     1
102
RTVSPropertyOp43
 70
     1
102
RTVSPropertyOp44
 70
     1
102
RTVSPropertyOp45
 70
     1
102
RTVSPropertyOp46
 70
     1
102
RTVSPropertyOp47
 70
     1
102
RTVSPropertyOp48
 70
     1
102
RTVSPropertyOp49
 70
     1
102
RTVSPropertyOp50
 70
     1
102
RTVSPropertyOp51
 70
     0
102
RTVSPropertyOp52
 70
     0
102
RTVSPropertyOp53
 70
     1
102
RTVSPropertyOp54
 70
     1
102
RTVSPropertyOp55
 70
     1
102
RTVSPropertyOp56
 70
     1
102
RTVSPropertyOp57
 70
     1
102
RTVSPost2010Prop28
280
     0
102
RTVSPost2010PropOp28
 70
     1
102
RTVSPost2010Prop29
280
     1
102
RTVSPost2010PropOp29
 70
     1
102
RTVSPost2010Prop30
280
     1
102
RTVSPost2010PropOp30
 70
     1
102
RTVSPost2010Prop31
280
     0
102
RTVSPost2010PropOp31
 70
     1
102
RTVSPost2010Prop32
280
     0
102
RTVSPost2010PropOp32
 70
     1
102
RTVSPost2010Prop33
280
     0
102
RTVSPost2010PropOp33
 70
     1
102
RTVSPost2010Prop34
280
     0
102
RTVSPost2010PropOp34
 70
     1
102
RTVSPost2010Prop35
280
     0
102
RTVSPost2010PropOp35
 70
     1
102
RTVSPost2010Prop36
280
     0
102
RTVSPost2010PropOp36
 70
     1
102
RTVSPost2010Prop37
 90
       50
102
RTVSPost2010PropOp37
 70
     1
102
RTVSPost2010Prop38
140
0.0
102
RTVSPost2010PropOp38
 70
     1
102
RTVSPost2010Prop39
140
1.0
102
RTVSPost2010PropOp39
 70
     1
102
RTVSPost2010Prop40
 90
        0
102
RTVSPost2010PropOp40
 70
     1
102
RTVSPost2010Prop41ColorIndex
 90
       18
102
RTVSPost2010Prop41ColorRGB
 90
        0
102
RTVSPost2010PropOp41
 70
     1
102
RTVSPost2010Prop42
 90
       50
102
RTVSPost2010PropOp42
 70
     1
102
RTVSPost2010Prop43
 90
        3
102
RTVSPost2010PropOp43
 70
     1
102
RTVSPost2010Prop44ColorIndex
 90
        5
102
RTVSPost2010Prop44ColorRGB
 90
      255
102
RTVSPost2010PropOp44
 70
     1
102
RTVSPost2010Prop45
280
     0
102
RTVSPost2010PropOp45
 70
     1
102
RTVSPost2010Prop46
 90
       50
102
RTVSPost2010PropOp46
 70
     1
102
RTVSPost2010Prop47
 90
       50
102
RTVSPost2010PropOp47
 70
     1
102
RTVSPost2010Prop48
 90
       50
102
RTVSPost2010PropOp48
 70
     1
102
RTVSPost2010Prop49
280
     0
102
RTVSPost2010PropOp49
 70
     1
102
RTVSPost2010Prop50
 90
       50
102
RTVSPost2010PropOp50
 70
     1
102
RTVSPost2010Prop51ColorIndex
 90
      256
102
RTVSPost2010Prop51ColorRGB
 90
-16777216
102
RTVSPost2010PropOp51
 70
     0
102
RTVSPost2010Prop52
140
1.0
102
RTVSPost2010PropOp52
 70
     0
102
RTVSPost2010Prop53
 90
        2
102
RTVSPost2010PropOp53
 70
     1
102
RTVSPost2010Prop54
  1
strokes_ogs.tif
102
RTVSPost2010PropOp54
 70
     1
102
RTVSPost2010Prop55
280
     0
102
RTVSPost2010PropOp55
 70
     1
102
RTVSPost2010Prop56
140
1.0
102
RTVSPost2010PropOp56
 70
     1
102
RTVSPost2010Prop57
140
1.0
102
RTVSPost2010PropOp57
 70
     1
  0
XRECORD
  5
2CB2
102
{ACAD_REACTORS
330
2CB1
102
}
330
2CB1
100
AcDbXrecord
280
     1
102
RTVSPropertyOp0
 70
     1
102
RTVSPropertyOp1
 70
     1
102
RTVSPropertyOp2
 70
     1
102
RTVSPropertyOp3
 70
     1
102
RTVSPropertyOp4
 70
     1
102
RTVSPropertyOp5
 70
     1
102
RTVSPropertyOp6
 70
     1
102
RTVSPropertyOp7
 70
     1
102
RTVSPropertyOp8
 70
     1
102
RTVSPropertyOp9
 70
     1
102
RTVSPropertyOp10
 70
     1
102
RTVSPropertyOp11
 70
     1
102
RTVSPropertyOp12
 70
     1
102
RTVSPropertyOp13
 70
     1
102
RTVSPropertyOp14
 70
     1
102
RTVSPropertyOp15
 70
     1
102
RTVSPropertyOp16
 70
     1
102
RTVSPropertyOp17
 70
     1
102
RTVSPropertyOp18
 70
     1
102
RTVSPropertyOp19
 70
     1
102
RTVSPropertyOp20
 70
     1
102
RTVSPropertyOp21
 70
     1
102
RTVSPropertyOp22
 70
     1
102
RTVSPropertyOp23
 70
     1
102
RTVSPropertyOp24
 70
     1
102
RTVSPropertyOp25
 70
     1
102
RTVSPropertyOp26
 70
     1
102
RTVSPropertyOp27
 70
     1
102
RTVSPropertyOp28
 70
     1
102
RTVSPropertyOp29
 70
     1
102
RTVSPropertyOp30
 70
     1
102
RTVSPropertyOp31
 70
     1
102
RTVSPropertyOp32
 70
     1
102
RTVSPropertyOp33
 70
     1
102
RTVSPropertyOp34
 70
     1
102
RTVSPropertyOp35
 70
     1
102
RTVSPropertyOp36
 70
     1
102
RTVSPropertyOp37
 70
     1
102
RTVSPropertyOp38
 70
     1
102
RTVSPropertyOp39
 70
     1
102
RTVSPropertyOp40
 70
     1
102
RTVSPropertyOp41
 70
     1
102
RTVSPropertyOp42
 70
     1
102
RTVSPropertyOp43
 70
     1
102
RTVSPropertyOp44
 70
     1
102
RTVSPropertyOp45
 70
     1
102
RTVSPropertyOp46
 70
     1
102
RTVSPropertyOp47
 70
     1
102
RTVSPropertyOp48
 70
     1
102
RTVSPropertyOp49
 70
     1
102
RTVSPropertyOp50
 70
     1
102
RTVSPropertyOp51
 70
     0
102
RTVSPropertyOp52
 70
     0
102
RTVSPropertyOp53
 70
     1
102
RTVSPropertyOp54
 70
     1
102
RTVSPropertyOp55
 70
     1
102
RTVSPropertyOp56
 70
     1
102
RTVSPropertyOp57
 70
     1
102
RTVSPost2010Prop28
280
     0
102
RTVSPost2010PropOp28
 70
     1
102
RTVSPost2010Prop29
280
     1
102
RTVSPost2010PropOp29
 70
     1
102
RTVSPost2010Prop30
280
     1
102
RTVSPost2010PropOp30
 70
     1
102
RTVSPost2010Prop31
280
     0
102
RTVSPost2010PropOp31
 70
     1
102
RTVSPost2010Prop32
280
     0
102
RTVSPost2010PropOp32
 70
     1
102
RTVSPost2010Prop33
280
     0
102
RTVSPost2010PropOp33
 70
     1
102
RTVSPost2010Prop34
280
     0
102
RTVSPost2010PropOp34
 70
     1
102
RTVSPost2010Prop35
280
     0
102
RTVSPost2010PropOp35
 70
     1
102
RTVSPost2010Prop36
280
     0
102
RTVSPost2010PropOp36
 70
     1
102
RTVSPost2010Prop37
 90
       50
102
RTVSPost2010PropOp37
 70
     1
102
RTVSPost2010Prop38
140
0.0
102
RTVSPost2010PropOp38
 70
     1
102
RTVSPost2010Prop39
140
1.0
102
RTVSPost2010PropOp39
 70
     1
102
RTVSPost2010Prop40
 90
        0
102
RTVSPost2010PropOp40
 70
     1
102
RTVSPost2010Prop41ColorIndex
 90
       18
102
RTVSPost2010Prop41ColorRGB
 90
        0
102
RTVSPost2010PropOp41
 70
     1
102
RTVSPost2010Prop42
 90
       50
102
RTVSPost2010PropOp42
 70
     1
102
RTVSPost2010Prop43
 90
        3
102
RTVSPost2010PropOp43
 70
     1
102
RTVSPost2010Prop44ColorIndex
 90
        5
102
RTVSPost2010Prop44ColorRGB
 90
      255
102
RTVSPost2010PropOp44
 70
     1
102
RTVSPost2010Prop45
280
     0
102
RTVSPost2010PropOp45
 70
     1
102
RTVSPost2010Prop46
 90
       50
102
RTVSPost2010PropOp46
 70
     1
102
RTVSPost2010Prop47
 90
       50
102
RTVSPost2010PropOp47
 70
     1
102
RTVSPost2010Prop48
 90
       50
102
RTVSPost2010PropOp48
 70
     1
102
RTVSPost2010Prop49
280
     0
102
RTVSPost2010PropOp49
 70
     1
102
RTVSPost2010Prop50
 90
       50
102
RTVSPost2010PropOp50
 70
     1
102
RTVSPost2010Prop51ColorIndex
 90
      256
102
RTVSPost2010Prop51ColorRGB
 90
-16777216
102
RTVSPost2010PropOp51
 70
     0
102
RTVSPost2010Prop52
140
1.0
102
RTVSPost2010PropOp52
 70
     0
102
RTVSPost2010Prop53
 90
        2
102
RTVSPost2010PropOp53
 70
     1
102
RTVSPost2010Prop54
  1
strokes_ogs.tif
102
RTVSPost2010PropOp54
 70
     1
102
RTVSPost2010Prop55
280
     0
102
RTVSPost2010PropOp55
 70
     1
102
RTVSPost2010Prop56
140
1.0
102
RTVSPost2010PropOp56
 70
     1
102
RTVSPost2010Prop57
140
1.0
102
RTVSPost2010PropOp57
 70
     1
  0
XRECORD
  5
2CB4
102
{ACAD_REACTORS
330
2CB3
102
}
330
2CB3
100
AcDbXrecord
280
     1
102
RTVSPropertyOp0
 70
     1
102
RTVSPropertyOp1
 70
     1
102
RTVSPropertyOp2
 70
     1
102
RTVSPropertyOp3
 70
     1
102
RTVSPropertyOp4
 70
     1
102
RTVSPropertyOp5
 70
     1
102
RTVSPropertyOp6
 70
     1
102
RTVSPropertyOp7
 70
     1
102
RTVSPropertyOp8
 70
     1
102
RTVSPropertyOp9
 70
     1
102
RTVSPropertyOp10
 70
     1
102
RTVSPropertyOp11
 70
     1
102
RTVSPropertyOp12
 70
     1
102
RTVSPropertyOp13
 70
     1
102
RTVSPropertyOp14
 70
     1
102
RTVSPropertyOp15
 70
     1
102
RTVSPropertyOp16
 70
     1
102
RTVSPropertyOp17
 70
     1
102
RTVSPropertyOp18
 70
     1
102
RTVSPropertyOp19
 70
     1
102
RTVSPropertyOp20
 70
     1
102
RTVSPropertyOp21
 70
     1
102
RTVSPropertyOp22
 70
     1
102
RTVSPropertyOp23
 70
     1
102
RTVSPropertyOp24
 70
     1
102
RTVSPropertyOp25
 70
     1
102
RTVSPropertyOp26
 70
     1
102
RTVSPropertyOp27
 70
     1
102
RTVSPropertyOp28
 70
     1
102
RTVSPropertyOp29
 70
     1
102
RTVSPropertyOp30
 70
     1
102
RTVSPropertyOp31
 70
     1
102
RTVSPropertyOp32
 70
     1
102
RTVSPropertyOp33
 70
     1
102
RTVSPropertyOp34
 70
     1
102
RTVSPropertyOp35
 70
     1
102
RTVSPropertyOp36
 70
     1
102
RTVSPropertyOp37
 70
     1
102
RTVSPropertyOp38
 70
     1
102
RTVSPropertyOp39
 70
     1
102
RTVSPropertyOp40
 70
     1
102
RTVSPropertyOp41
 70
     1
102
RTVSPropertyOp42
 70
     1
102
RTVSPropertyOp43
 70
     1
102
RTVSPropertyOp44
 70
     1
102
RTVSPropertyOp45
 70
     1
102
RTVSPropertyOp46
 70
     1
102
RTVSPropertyOp47
 70
     1
102
RTVSPropertyOp48
 70
     1
102
RTVSPropertyOp49
 70
     1
102
RTVSPropertyOp50
 70
     1
102
RTVSPropertyOp51
 70
     0
102
RTVSPropertyOp52
 70
     0
102
RTVSPropertyOp53
 70
     1
102
RTVSPropertyOp54
 70
     1
102
RTVSPropertyOp55
 70
     1
102
RTVSPropertyOp56
 70
     1
102
RTVSPropertyOp57
 70
     1
102
RTVSPost2010Prop28
280
     0
102
RTVSPost2010PropOp28
 70
     1
102
RTVSPost2010Prop29
280
     1
102
RTVSPost2010PropOp29
 70
     1
102
RTVSPost2010Prop30
280
     1
102
RTVSPost2010PropOp30
 70
     1
102
RTVSPost2010Prop31
280
     0
102
RTVSPost2010PropOp31
 70
     1
102
RTVSPost2010Prop32
280
     0
102
RTVSPost2010PropOp32
 70
     1
102
RTVSPost2010Prop33
280
     0
102
RTVSPost2010PropOp33
 70
     1
102
RTVSPost2010Prop34
280
     0
102
RTVSPost2010PropOp34
 70
     1
102
RTVSPost2010Prop35
280
     0
102
RTVSPost2010PropOp35
 70
     1
102
RTVSPost2010Prop36
280
     0
102
RTVSPost2010PropOp36
 70
     1
102
RTVSPost2010Prop37
 90
       50
102
RTVSPost2010PropOp37
 70
     1
102
RTVSPost2010Prop38
140
0.0
102
RTVSPost2010PropOp38
 70
     1
102
RTVSPost2010Prop39
140
1.0
102
RTVSPost2010PropOp39
 70
     1
102
RTVSPost2010Prop40
 90
        0
102
RTVSPost2010PropOp40
 70
     1
102
RTVSPost2010Prop41ColorIndex
 90
       18
102
RTVSPost2010Prop41ColorRGB
 90
        0
102
RTVSPost2010PropOp41
 70
     1
102
RTVSPost2010Prop42
 90
       50
102
RTVSPost2010PropOp42
 70
     1
102
RTVSPost2010Prop43
 90
        3
102
RTVSPost2010PropOp43
 70
     1
102
RTVSPost2010Prop44ColorIndex
 90
        5
102
RTVSPost2010Prop44ColorRGB
 90
      255
102
RTVSPost2010PropOp44
 70
     1
102
RTVSPost2010Prop45
280
     0
102
RTVSPost2010PropOp45
 70
     1
102
RTVSPost2010Prop46
 90
       50
102
RTVSPost2010PropOp46
 70
     1
102
RTVSPost2010Prop47
 90
       50
102
RTVSPost2010PropOp47
 70
     1
102
RTVSPost2010Prop48
 90
       50
102
RTVSPost2010PropOp48
 70
     1
102
RTVSPost2010Prop49
280
     0
102
RTVSPost2010PropOp49
 70
     1
102
RTVSPost2010Prop50
 90
       50
102
RTVSPost2010PropOp50
 70
     1
102
RTVSPost2010Prop51ColorIndex
 90
      256
102
RTVSPost2010Prop51ColorRGB
 90
-16777216
102
RTVSPost2010PropOp51
 70
     0
102
RTVSPost2010Prop52
140
1.0
102
RTVSPost2010PropOp52
 70
     0
102
RTVSPost2010Prop53
 90
        2
102
RTVSPost2010PropOp53
 70
     1
102
RTVSPost2010Prop54
  1
strokes_ogs.tif
102
RTVSPost2010PropOp54
 70
     1
102
RTVSPost2010Prop55
280
     0
102
RTVSPost2010PropOp55
 70
     1
102
RTVSPost2010Prop56
140
1.0
102
RTVSPost2010PropOp56
 70
     1
102
RTVSPost2010Prop57
140
1.0
102
RTVSPost2010PropOp57
 70
     1
  0
XRECORD
  5
2CB6
102
{ACAD_REACTORS
330
2CB5
102
}
330
2CB5
100
AcDbXrecord
280
     1
102
RTVSPropertyOp0
 70
     1
102
RTVSPropertyOp1
 70
     1
102
RTVSPropertyOp2
 70
     1
102
RTVSPropertyOp3
 70
     1
102
RTVSPropertyOp4
 70
     1
102
RTVSPropertyOp5
 70
     1
102
RTVSPropertyOp6
 70
     1
102
RTVSPropertyOp7
 70
     1
102
RTVSPropertyOp8
 70
     1
102
RTVSPropertyOp9
 70
     1
102
RTVSPropertyOp10
 70
     1
102
RTVSPropertyOp11
 70
     1
102
RTVSPropertyOp12
 70
     1
102
RTVSPropertyOp13
 70
     1
102
RTVSPropertyOp14
 70
     1
102
RTVSPropertyOp15
 70
     1
102
RTVSPropertyOp16
 70
     1
102
RTVSPropertyOp17
 70
     1
102
RTVSPropertyOp18
 70
     1
102
RTVSPropertyOp19
 70
     1
102
RTVSPropertyOp20
 70
     1
102
RTVSPropertyOp21
 70
     1
102
RTVSPropertyOp22
 70
     1
102
RTVSPropertyOp23
 70
     1
102
RTVSPropertyOp24
 70
     1
102
RTVSPropertyOp25
 70
     1
102
RTVSPropertyOp26
 70
     1
102
RTVSPropertyOp27
 70
     1
102
RTVSPropertyOp28
 70
     1
102
RTVSPropertyOp29
 70
     1
102
RTVSPropertyOp30
 70
     1
102
RTVSPropertyOp31
 70
     1
102
RTVSPropertyOp32
 70
     1
102
RTVSPropertyOp33
 70
     1
102
RTVSPropertyOp34
 70
     1
102
RTVSPropertyOp35
 70
     1
102
RTVSPropertyOp36
 70
     1
102
RTVSPropertyOp37
 70
     1
102
RTVSPropertyOp38
 70
     1
102
RTVSPropertyOp39
 70
     1
102
RTVSPropertyOp40
 70
     1
102
RTVSPropertyOp41
 70
     1
102
RTVSPropertyOp42
 70
     1
102
RTVSPropertyOp43
 70
     1
102
RTVSPropertyOp44
 70
     1
102
RTVSPropertyOp45
 70
     1
102
RTVSPropertyOp46
 70
     1
102
RTVSPropertyOp47
 70
     1
102
RTVSPropertyOp48
 70
     1
102
RTVSPropertyOp49
 70
     1
102
RTVSPropertyOp50
 70
     1
102
RTVSPropertyOp51
 70
     0
102
RTVSPropertyOp52
 70
     0
102
RTVSPropertyOp53
 70
     1
102
RTVSPropertyOp54
 70
     1
102
RTVSPropertyOp55
 70
     1
102
RTVSPropertyOp56
 70
     1
102
RTVSPropertyOp57
 70
     1
102
RTVSPost2010Prop28
280
     0
102
RTVSPost2010PropOp28
 70
     1
102
RTVSPost2010Prop29
280
     1
102
RTVSPost2010PropOp29
 70
     1
102
RTVSPost2010Prop30
280
     1
102
RTVSPost2010PropOp30
 70
     1
102
RTVSPost2010Prop31
280
     0
102
RTVSPost2010PropOp31
 70
     1
102
RTVSPost2010Prop32
280
     0
102
RTVSPost2010PropOp32
 70
     1
102
RTVSPost2010Prop33
280
     0
102
RTVSPost2010PropOp33
 70
     1
102
RTVSPost2010Prop34
280
     0
102
RTVSPost2010PropOp34
 70
     1
102
RTVSPost2010Prop35
280
     0
102
RTVSPost2010PropOp35
 70
     1
102
RTVSPost2010Prop36
280
     0
102
RTVSPost2010PropOp36
 70
     1
102
RTVSPost2010Prop37
 90
       50
102
RTVSPost2010PropOp37
 70
     1
102
RTVSPost2010Prop38
140
0.0
102
RTVSPost2010PropOp38
 70
     1
102
RTVSPost2010Prop39
140
1.0
102
RTVSPost2010PropOp39
 70
     1
102
RTVSPost2010Prop40
 90
        0
102
RTVSPost2010PropOp40
 70
     1
102
RTVSPost2010Prop41ColorIndex
 90
       18
102
RTVSPost2010Prop41ColorRGB
 90
        0
102
RTVSPost2010PropOp41
 70
     1
102
RTVSPost2010Prop42
 90
       50
102
RTVSPost2010PropOp42
 70
     1
102
RTVSPost2010Prop43
 90
        3
102
RTVSPost2010PropOp43
 70
     1
102
RTVSPost2010Prop44ColorIndex
 90
        5
102
RTVSPost2010Prop44ColorRGB
 90
      255
102
RTVSPost2010PropOp44
 70
     1
102
RTVSPost2010Prop45
280
     0
102
RTVSPost2010PropOp45
 70
     1
102
RTVSPost2010Prop46
 90
       50
102
RTVSPost2010PropOp46
 70
     1
102
RTVSPost2010Prop47
 90
       50
102
RTVSPost2010PropOp47
 70
     1
102
RTVSPost2010Prop48
 90
       50
102
RTVSPost2010PropOp48
 70
     1
102
RTVSPost2010Prop49
280
     0
102
RTVSPost2010PropOp49
 70
     1
102
RTVSPost2010Prop50
 90
       50
102
RTVSPost2010PropOp50
 70
     1
102
RTVSPost2010Prop51ColorIndex
 90
      256
102
RTVSPost2010Prop51ColorRGB
 90
-16777216
102
RTVSPost2010PropOp51
 70
     0
102
RTVSPost2010Prop52
140
1.0
102
RTVSPost2010PropOp52
 70
     0
102
RTVSPost2010Prop53
 90
        2
102
RTVSPost2010PropOp53
 70
     1
102
RTVSPost2010Prop54
  1
strokes_ogs.tif
102
RTVSPost2010PropOp54
 70
     1
102
RTVSPost2010Prop55
280
     0
102
RTVSPost2010PropOp55
 70
     1
102
RTVSPost2010Prop56
140
1.0
102
RTVSPost2010PropOp56
 70
     1
102
RTVSPost2010Prop57
140
1.0
102
RTVSPost2010PropOp57
 70
     1
  0
XRECORD
  5
2CB8
102
{ACAD_REACTORS
330
2CB7
102
}
330
2CB7
100
AcDbXrecord
280
     1
102
RTVSPropertyOp0
 70
     1
102
RTVSPropertyOp1
 70
     1
102
RTVSPropertyOp2
 70
     1
102
RTVSPropertyOp3
 70
     1
102
RTVSPropertyOp4
 70
     1
102
RTVSPropertyOp5
 70
     1
102
RTVSPropertyOp6
 70
     1
102
RTVSPropertyOp7
 70
     1
102
RTVSPropertyOp8
 70
     1
102
RTVSPropertyOp9
 70
     1
102
RTVSPropertyOp10
 70
     1
102
RTVSPropertyOp11
 70
     1
102
RTVSPropertyOp12
 70
     1
102
RTVSPropertyOp13
 70
     1
102
RTVSPropertyOp14
 70
     1
102
RTVSPropertyOp15
 70
     1
102
RTVSPropertyOp16
 70
     1
102
RTVSPropertyOp17
 70
     1
102
RTVSPropertyOp18
 70
     1
102
RTVSPropertyOp19
 70
     1
102
RTVSPropertyOp20
 70
     1
102
RTVSPropertyOp21
 70
     1
102
RTVSPropertyOp22
 70
     1
102
RTVSPropertyOp23
 70
     1
102
RTVSPropertyOp24
 70
     1
102
RTVSPropertyOp25
 70
     1
102
RTVSPropertyOp26
 70
     1
102
RTVSPropertyOp27
 70
     1
102
RTVSPropertyOp28
 70
     1
102
RTVSPropertyOp29
 70
     1
102
RTVSPropertyOp30
 70
     1
102
RTVSPropertyOp31
 70
     1
102
RTVSPropertyOp32
 70
     1
102
RTVSPropertyOp33
 70
     1
102
RTVSPropertyOp34
 70
     1
102
RTVSPropertyOp35
 70
     1
102
RTVSPropertyOp36
 70
     1
102
RTVSPropertyOp37
 70
     1
102
RTVSPropertyOp38
 70
     1
102
RTVSPropertyOp39
 70
     1
102
RTVSPropertyOp40
 70
     1
102
RTVSPropertyOp41
 70
     1
102
RTVSPropertyOp42
 70
     1
102
RTVSPropertyOp43
 70
     1
102
RTVSPropertyOp44
 70
     1
102
RTVSPropertyOp45
 70
     1
102
RTVSPropertyOp46
 70
     1
102
RTVSPropertyOp47
 70
     1
102
RTVSPropertyOp48
 70
     1
102
RTVSPropertyOp49
 70
     1
102
RTVSPropertyOp50
 70
     1
102
RTVSPropertyOp51
 70
     0
102
RTVSPropertyOp52
 70
     0
102
RTVSPropertyOp53
 70
     1
102
RTVSPropertyOp54
 70
     1
102
RTVSPropertyOp55
 70
     1
102
RTVSPropertyOp56
 70
     1
102
RTVSPropertyOp57
 70
     1
102
RTVSPost2010Prop28
280
     0
102
RTVSPost2010PropOp28
 70
     1
102
RTVSPost2010Prop29
280
     1
102
RTVSPost2010PropOp29
 70
     1
102
RTVSPost2010Prop30
280
     1
102
RTVSPost2010PropOp30
 70
     1
102
RTVSPost2010Prop31
280
     0
102
RTVSPost2010PropOp31
 70
     1
102
RTVSPost2010Prop32
280
     0
102
RTVSPost2010PropOp32
 70
     1
102
RTVSPost2010Prop33
280
     0
102
RTVSPost2010PropOp33
 70
     1
102
RTVSPost2010Prop34
280
     0
102
RTVSPost2010PropOp34
 70
     1
102
RTVSPost2010Prop35
280
     0
102
RTVSPost2010PropOp35
 70
     1
102
RTVSPost2010Prop36
280
     0
102
RTVSPost2010PropOp36
 70
     1
102
RTVSPost2010Prop37
 90
       50
102
RTVSPost2010PropOp37
 70
     1
102
RTVSPost2010Prop38
140
0.0
102
RTVSPost2010PropOp38
 70
     1
102
RTVSPost2010Prop39
140
1.0
102
RTVSPost2010PropOp39
 70
     1
102
RTVSPost2010Prop40
 90
        0
102
RTVSPost2010PropOp40
 70
     1
102
RTVSPost2010Prop41ColorIndex
 90
       18
102
RTVSPost2010Prop41ColorRGB
 90
        0
102
RTVSPost2010PropOp41
 70
     1
102
RTVSPost2010Prop42
 90
       50
102
RTVSPost2010PropOp42
 70
     1
102
RTVSPost2010Prop43
 90
        3
102
RTVSPost2010PropOp43
 70
     1
102
RTVSPost2010Prop44ColorIndex
 90
        5
102
RTVSPost2010Prop44ColorRGB
 90
      255
102
RTVSPost2010PropOp44
 70
     1
102
RTVSPost2010Prop45
280
     0
102
RTVSPost2010PropOp45
 70
     1
102
RTVSPost2010Prop46
 90
       50
102
RTVSPost2010PropOp46
 70
     1
102
RTVSPost2010Prop47
 90
       50
102
RTVSPost2010PropOp47
 70
     1
102
RTVSPost2010Prop48
 90
       50
102
RTVSPost2010PropOp48
 70
     1
102
RTVSPost2010Prop49
280
     0
102
RTVSPost2010PropOp49
 70
     1
102
RTVSPost2010Prop50
 90
       50
102
RTVSPost2010PropOp50
 70
     1
102
RTVSPost2010Prop51ColorIndex
 90
      256
102
RTVSPost2010Prop51ColorRGB
 90
-16777216
102
RTVSPost2010PropOp51
 70
     0
102
RTVSPost2010Prop52
140
1.0
102
RTVSPost2010PropOp52
 70
     0
102
RTVSPost2010Prop53
 90
        2
102
RTVSPost2010PropOp53
 70
     1
102
RTVSPost2010Prop54
  1
strokes_ogs.tif
102
RTVSPost2010PropOp54
 70
     1
102
RTVSPost2010Prop55
280
     0
102
RTVSPost2010PropOp55
 70
     1
102
RTVSPost2010Prop56
140
1.0
102
RTVSPost2010PropOp56
 70
     1
102
RTVSPost2010Prop57
140
1.0
102
RTVSPost2010PropOp57
 70
     1
  0
XRECORD
  5
2CBA
102
{ACAD_REACTORS
330
2CB9
102
}
330
2CB9
100
AcDbXrecord
280
     1
102
RTVSPropertyOp0
 70
     1
102
RTVSPropertyOp1
 70
     1
102
RTVSPropertyOp2
 70
     1
102
RTVSPropertyOp3
 70
     1
102
RTVSPropertyOp4
 70
     1
102
RTVSPropertyOp5
 70
     1
102
RTVSPropertyOp6
 70
     1
102
RTVSPropertyOp7
 70
     1
102
RTVSPropertyOp8
 70
     1
102
RTVSPropertyOp9
 70
     1
102
RTVSPropertyOp10
 70
     1
102
RTVSPropertyOp11
 70
     1
102
RTVSPropertyOp12
 70
     1
102
RTVSPropertyOp13
 70
     1
102
RTVSPropertyOp14
 70
     1
102
RTVSPropertyOp15
 70
     1
102
RTVSPropertyOp16
 70
     1
102
RTVSPropertyOp17
 70
     1
102
RTVSPropertyOp18
 70
     1
102
RTVSPropertyOp19
 70
     1
102
RTVSPropertyOp20
 70
     1
102
RTVSPropertyOp21
 70
     1
102
RTVSPropertyOp22
 70
     1
102
RTVSPropertyOp23
 70
     1
102
RTVSPropertyOp24
 70
     1
102
RTVSPropertyOp25
 70
     1
102
RTVSPropertyOp26
 70
     1
102
RTVSPropertyOp27
 70
     1
102
RTVSPropertyOp28
 70
     1
102
RTVSPropertyOp29
 70
     1
102
RTVSPropertyOp30
 70
     1
102
RTVSPropertyOp31
 70
     1
102
RTVSPropertyOp32
 70
     1
102
RTVSPropertyOp33
 70
     1
102
RTVSPropertyOp34
 70
     1
102
RTVSPropertyOp35
 70
     1
102
RTVSPropertyOp36
 70
     1
102
RTVSPropertyOp37
 70
     1
102
RTVSPropertyOp38
 70
     1
102
RTVSPropertyOp39
 70
     1
102
RTVSPropertyOp40
 70
     1
102
RTVSPropertyOp41
 70
     1
102
RTVSPropertyOp42
 70
     1
102
RTVSPropertyOp43
 70
     1
102
RTVSPropertyOp44
 70
     1
102
RTVSPropertyOp45
 70
     1
102
RTVSPropertyOp46
 70
     1
102
RTVSPropertyOp47
 70
     1
102
RTVSPropertyOp48
 70
     1
102
RTVSPropertyOp49
 70
     1
102
RTVSPropertyOp50
 70
     1
102
RTVSPropertyOp51
 70
     0
102
RTVSPropertyOp52
 70
     0
102
RTVSPropertyOp53
 70
     1
102
RTVSPropertyOp54
 70
     1
102
RTVSPropertyOp55
 70
     1
102
RTVSPropertyOp56
 70
     1
102
RTVSPropertyOp57
 70
     1
102
RTVSPost2010Prop28
280
     0
102
RTVSPost2010PropOp28
 70
     1
102
RTVSPost2010Prop29
280
     1
102
RTVSPost2010PropOp29
 70
     1
102
RTVSPost2010Prop30
280
     1
102
RTVSPost2010PropOp30
 70
     1
102
RTVSPost2010Prop31
280
     0
102
RTVSPost2010PropOp31
 70
     1
102
RTVSPost2010Prop32
280
     0
102
RTVSPost2010PropOp32
 70
     1
102
RTVSPost2010Prop33
280
     0
102
RTVSPost2010PropOp33
 70
     1
102
RTVSPost2010Prop34
280
     0
102
RTVSPost2010PropOp34
 70
     1
102
RTVSPost2010Prop35
280
     0
102
RTVSPost2010PropOp35
 70
     1
102
RTVSPost2010Prop36
280
     0
102
RTVSPost2010PropOp36
 70
     1
102
RTVSPost2010Prop37
 90
       50
102
RTVSPost2010PropOp37
 70
     1
102
RTVSPost2010Prop38
140
0.0
102
RTVSPost2010PropOp38
 70
     1
102
RTVSPost2010Prop39
140
1.0
102
RTVSPost2010PropOp39
 70
     1
102
RTVSPost2010Prop40
 90
        0
102
RTVSPost2010PropOp40
 70
     1
102
RTVSPost2010Prop41ColorIndex
 90
       18
102
RTVSPost2010Prop41ColorRGB
 90
        0
102
RTVSPost2010PropOp41
 70
     1
102
RTVSPost2010Prop42
 90
       50
102
RTVSPost2010PropOp42
 70
     1
102
RTVSPost2010Prop43
 90
        3
102
RTVSPost2010PropOp43
 70
     1
102
RTVSPost2010Prop44ColorIndex
 90
        5
102
RTVSPost2010Prop44ColorRGB
 90
      255
102
RTVSPost2010PropOp44
 70
     1
102
RTVSPost2010Prop45
280
     0
102
RTVSPost2010PropOp45
 70
     1
102
RTVSPost2010Prop46
 90
       50
102
RTVSPost2010PropOp46
 70
     1
102
RTVSPost2010Prop47
 90
       50
102
RTVSPost2010PropOp47
 70
     1
102
RTVSPost2010Prop48
 90
       50
102
RTVSPost2010PropOp48
 70
     1
102
RTVSPost2010Prop49
280
     0
102
RTVSPost2010PropOp49
 70
     1
102
RTVSPost2010Prop50
 90
       50
102
RTVSPost2010PropOp50
 70
     1
102
RTVSPost2010Prop51ColorIndex
 90
      256
102
RTVSPost2010Prop51ColorRGB
 90
-16777216
102
RTVSPost2010PropOp51
 70
     0
102
RTVSPost2010Prop52
140
1.0
102
RTVSPost2010PropOp52
 70
     0
102
RTVSPost2010Prop53
 90
        2
102
RTVSPost2010PropOp53
 70
     1
102
RTVSPost2010Prop54
  1
strokes_ogs.tif
102
RTVSPost2010PropOp54
 70
     1
102
RTVSPost2010Prop55
280
     0
102
RTVSPost2010PropOp55
 70
     1
102
RTVSPost2010Prop56
140
1.0
102
RTVSPost2010PropOp56
 70
     1
102
RTVSPost2010Prop57
140
1.0
102
RTVSPost2010PropOp57
 70
     1
  0
XRECORD
  5
2CBC
102
{ACAD_REACTORS
330
2CBB
102
}
330
2CBB
100
AcDbXrecord
280
     1
102
RTVSPropertyOp0
 70
     1
102
RTVSPropertyOp1
 70
     1
102
RTVSPropertyOp2
 70
     1
102
RTVSPropertyOp3
 70
     1
102
RTVSPropertyOp4
 70
     1
102
RTVSPropertyOp5
 70
     1
102
RTVSPropertyOp6
 70
     1
102
RTVSPropertyOp7
 70
     1
102
RTVSPropertyOp8
 70
     1
102
RTVSPropertyOp9
 70
     1
102
RTVSPropertyOp10
 70
     1
102
RTVSPropertyOp11
 70
     1
102
RTVSPropertyOp12
 70
     1
102
RTVSPropertyOp13
 70
     1
102
RTVSPropertyOp14
 70
     1
102
RTVSPropertyOp15
 70
     1
102
RTVSPropertyOp16
 70
     1
102
RTVSPropertyOp17
 70
     1
102
RTVSPropertyOp18
 70
     1
102
RTVSPropertyOp19
 70
     1
102
RTVSPropertyOp20
 70
     1
102
RTVSPropertyOp21
 70
     1
102
RTVSPropertyOp22
 70
     1
102
RTVSPropertyOp23
 70
     1
102
RTVSPropertyOp24
 70
     1
102
RTVSPropertyOp25
 70
     1
102
RTVSPropertyOp26
 70
     1
102
RTVSPropertyOp27
 70
     1
102
RTVSPropertyOp28
 70
     1
102
RTVSPropertyOp29
 70
     1
102
RTVSPropertyOp30
 70
     1
102
RTVSPropertyOp31
 70
     1
102
RTVSPropertyOp32
 70
     1
102
RTVSPropertyOp33
 70
     1
102
RTVSPropertyOp34
 70
     1
102
RTVSPropertyOp35
 70
     1
102
RTVSPropertyOp36
 70
     1
102
RTVSPropertyOp37
 70
     1
102
RTVSPropertyOp38
 70
     1
102
RTVSPropertyOp39
 70
     1
102
RTVSPropertyOp40
 70
     1
102
RTVSPropertyOp41
 70
     1
102
RTVSPropertyOp42
 70
     1
102
RTVSPropertyOp43
 70
     1
102
RTVSPropertyOp44
 70
     1
102
RTVSPropertyOp45
 70
     1
102
RTVSPropertyOp46
 70
     1
102
RTVSPropertyOp47
 70
     1
102
RTVSPropertyOp48
 70
     1
102
RTVSPropertyOp49
 70
     1
102
RTVSPropertyOp50
 70
     1
102
RTVSPropertyOp51
 70
     0
102
RTVSPropertyOp52
 70
     0
102
RTVSPropertyOp53
 70
     1
102
RTVSPropertyOp54
 70
     1
102
RTVSPropertyOp55
 70
     1
102
RTVSPropertyOp56
 70
     1
102
RTVSPropertyOp57
 70
     1
102
RTVSPost2010Prop28
280
     0
102
RTVSPost2010PropOp28
 70
     1
102
RTVSPost2010Prop29
280
     1
102
RTVSPost2010PropOp29
 70
     1
102
RTVSPost2010Prop30
280
     1
102
RTVSPost2010PropOp30
 70
     1
102
RTVSPost2010Prop31
280
     0
102
RTVSPost2010PropOp31
 70
     1
102
RTVSPost2010Prop32
280
     0
102
RTVSPost2010PropOp32
 70
     1
102
RTVSPost2010Prop33
280
     0
102
RTVSPost2010PropOp33
 70
     1
102
RTVSPost2010Prop34
280
     0
102
RTVSPost2010PropOp34
 70
     1
102
RTVSPost2010Prop35
280
     0
102
RTVSPost2010PropOp35
 70
     1
102
RTVSPost2010Prop36
280
     0
102
RTVSPost2010PropOp36
 70
     1
102
RTVSPost2010Prop37
 90
       50
102
RTVSPost2010PropOp37
 70
     1
102
RTVSPost2010Prop38
140
0.0
102
RTVSPost2010PropOp38
 70
     1
102
RTVSPost2010Prop39
140
1.0
102
RTVSPost2010PropOp39
 70
     1
102
RTVSPost2010Prop40
 90
        0
102
RTVSPost2010PropOp40
 70
     1
102
RTVSPost2010Prop41ColorIndex
 90
       18
102
RTVSPost2010Prop41ColorRGB
 90
        0
102
RTVSPost2010PropOp41
 70
     1
102
RTVSPost2010Prop42
 90
       50
102
RTVSPost2010PropOp42
 70
     1
102
RTVSPost2010Prop43
 90
        3
102
RTVSPost2010PropOp43
 70
     1
102
RTVSPost2010Prop44ColorIndex
 90
        5
102
RTVSPost2010Prop44ColorRGB
 90
      255
102
RTVSPost2010PropOp44
 70
     1
102
RTVSPost2010Prop45
280
     0
102
RTVSPost2010PropOp45
 70
     1
102
RTVSPost2010Prop46
 90
       50
102
RTVSPost2010PropOp46
 70
     1
102
RTVSPost2010Prop47
 90
       50
102
RTVSPost2010PropOp47
 70
     1
102
RTVSPost2010Prop48
 90
       50
102
RTVSPost2010PropOp48
 70
     1
102
RTVSPost2010Prop49
280
     0
102
RTVSPost2010PropOp49
 70
     1
102
RTVSPost2010Prop50
 90
       50
102
RTVSPost2010PropOp50
 70
     1
102
RTVSPost2010Prop51ColorIndex
 90
      256
102
RTVSPost2010Prop51ColorRGB
 90
-16777216
102
RTVSPost2010PropOp51
 70
     0
102
RTVSPost2010Prop52
140
1.0
102
RTVSPost2010PropOp52
 70
     0
102
RTVSPost2010Prop53
 90
        2
102
RTVSPost2010PropOp53
 70
     1
102
RTVSPost2010Prop54
  1
strokes_ogs.tif
102
RTVSPost2010PropOp54
 70
     1
102
RTVSPost2010Prop55
280
     0
102
RTVSPost2010PropOp55
 70
     1
102
RTVSPost2010Prop56
140
1.0
102
RTVSPost2010PropOp56
 70
     1
102
RTVSPost2010Prop57
140
1.0
102
RTVSPost2010PropOp57
 70
     1
  0
XRECORD
  5
2CBE
102
{ACAD_REACTORS
330
2CBD
102
}
330
2CBD
100
AcDbXrecord
280
     1
102
RTVSPropertyOp0
 70
     1
102
RTVSPropertyOp1
 70
     1
102
RTVSPropertyOp2
 70
     1
102
RTVSPropertyOp3
 70
     1
102
RTVSPropertyOp4
 70
     1
102
RTVSPropertyOp5
 70
     1
102
RTVSPropertyOp6
 70
     1
102
RTVSPropertyOp7
 70
     1
102
RTVSPropertyOp8
 70
     1
102
RTVSPropertyOp9
 70
     1
102
RTVSPropertyOp10
 70
     1
102
RTVSPropertyOp11
 70
     1
102
RTVSPropertyOp12
 70
     1
102
RTVSPropertyOp13
 70
     1
102
RTVSPropertyOp14
 70
     1
102
RTVSPropertyOp15
 70
     1
102
RTVSPropertyOp16
 70
     1
102
RTVSPropertyOp17
 70
     1
102
RTVSPropertyOp18
 70
     1
102
RTVSPropertyOp19
 70
     1
102
RTVSPropertyOp20
 70
     1
102
RTVSPropertyOp21
 70
     1
102
RTVSPropertyOp22
 70
     1
102
RTVSPropertyOp23
 70
     1
102
RTVSPropertyOp24
 70
     1
102
RTVSPropertyOp25
 70
     1
102
RTVSPropertyOp26
 70
     1
102
RTVSPropertyOp27
 70
     1
102
RTVSPropertyOp28
 70
     1
102
RTVSPropertyOp29
 70
     1
102
RTVSPropertyOp30
 70
     1
102
RTVSPropertyOp31
 70
     1
102
RTVSPropertyOp32
 70
     1
102
RTVSPropertyOp33
 70
     1
102
RTVSPropertyOp34
 70
     1
102
RTVSPropertyOp35
 70
     1
102
RTVSPropertyOp36
 70
     1
102
RTVSPropertyOp37
 70
     1
102
RTVSPropertyOp38
 70
     1
102
RTVSPropertyOp39
 70
     1
102
RTVSPropertyOp40
 70
     1
102
RTVSPropertyOp41
 70
     1
102
RTVSPropertyOp42
 70
     1
102
RTVSPropertyOp43
 70
     1
102
RTVSPropertyOp44
 70
     1
102
RTVSPropertyOp45
 70
     1
102
RTVSPropertyOp46
 70
     1
102
RTVSPropertyOp47
 70
     1
102
RTVSPropertyOp48
 70
     1
102
RTVSPropertyOp49
 70
     1
102
RTVSPropertyOp50
 70
     1
102
RTVSPropertyOp51
 70
     0
102
RTVSPropertyOp52
 70
     0
102
RTVSPropertyOp53
 70
     1
102
RTVSPropertyOp54
 70
     1
102
RTVSPropertyOp55
 70
     1
102
RTVSPropertyOp56
 70
     1
102
RTVSPropertyOp57
 70
     1
102
RTVSPost2010Prop28
280
     0
102
RTVSPost2010PropOp28
 70
     1
102
RTVSPost2010Prop29
280
     1
102
RTVSPost2010PropOp29
 70
     1
102
RTVSPost2010Prop30
280
     1
102
RTVSPost2010PropOp30
 70
     1
102
RTVSPost2010Prop31
280
     0
102
RTVSPost2010PropOp31
 70
     1
102
RTVSPost2010Prop32
280
     0
102
RTVSPost2010PropOp32
 70
     1
102
RTVSPost2010Prop33
280
     0
102
RTVSPost2010PropOp33
 70
     1
102
RTVSPost2010Prop34
280
     0
102
RTVSPost2010PropOp34
 70
     1
102
RTVSPost2010Prop35
280
     0
102
RTVSPost2010PropOp35
 70
     1
102
RTVSPost2010Prop36
280
     0
102
RTVSPost2010PropOp36
 70
     1
102
RTVSPost2010Prop37
 90
       50
102
RTVSPost2010PropOp37
 70
     1
102
RTVSPost2010Prop38
140
0.0
102
RTVSPost2010PropOp38
 70
     1
102
RTVSPost2010Prop39
140
1.0
102
RTVSPost2010PropOp39
 70
     1
102
RTVSPost2010Prop40
 90
        0
102
RTVSPost2010PropOp40
 70
     1
102
RTVSPost2010Prop41ColorIndex
 90
       18
102
RTVSPost2010Prop41ColorRGB
 90
        0
102
RTVSPost2010PropOp41
 70
     1
102
RTVSPost2010Prop42
 90
       50
102
RTVSPost2010PropOp42
 70
     1
102
RTVSPost2010Prop43
 90
        3
102
RTVSPost2010PropOp43
 70
     1
102
RTVSPost2010Prop44ColorIndex
 90
        5
102
RTVSPost2010Prop44ColorRGB
 90
      255
102
RTVSPost2010PropOp44
 70
     1
102
RTVSPost2010Prop45
280
     0
102
RTVSPost2010PropOp45
 70
     1
102
RTVSPost2010Prop46
 90
       50
102
RTVSPost2010PropOp46
 70
     1
102
RTVSPost2010Prop47
 90
       50
102
RTVSPost2010PropOp47
 70
     1
102
RTVSPost2010Prop48
 90
       50
102
RTVSPost2010PropOp48
 70
     1
102
RTVSPost2010Prop49
280
     0
102
RTVSPost2010PropOp49
 70
     1
102
RTVSPost2010Prop50
 90
       50
102
RTVSPost2010PropOp50
 70
     1
102
RTVSPost2010Prop51ColorIndex
 90
      256
102
RTVSPost2010Prop51ColorRGB
 90
-16777216
102
RTVSPost2010PropOp51
 70
     0
102
RTVSPost2010Prop52
140
1.0
102
RTVSPost2010PropOp52
 70
     0
102
RTVSPost2010Prop53
 90
        2
102
RTVSPost2010PropOp53
 70
     1
102
RTVSPost2010Prop54
  1
strokes_ogs.tif
102
RTVSPost2010PropOp54
 70
     1
102
RTVSPost2010Prop55
280
     0
102
RTVSPost2010PropOp55
 70
     1
102
RTVSPost2010Prop56
140
1.0
102
RTVSPost2010PropOp56
 70
     1
102
RTVSPost2010Prop57
140
1.0
102
RTVSPost2010PropOp57
 70
     1
  0
XRECORD
  5
2CC0
102
{ACAD_REACTORS
330
2CBF
102
}
330
2CBF
100
AcDbXrecord
280
     1
102
RTVSPropertyOp0
 70
     1
102
RTVSPropertyOp1
 70
     1
102
RTVSPropertyOp2
 70
     1
102
RTVSPropertyOp3
 70
     1
102
RTVSPropertyOp4
 70
     1
102
RTVSPropertyOp5
 70
     1
102
RTVSPropertyOp6
 70
     1
102
RTVSPropertyOp7
 70
     1
102
RTVSPropertyOp8
 70
     1
102
RTVSPropertyOp9
 70
     1
102
RTVSPropertyOp10
 70
     1
102
RTVSPropertyOp11
 70
     1
102
RTVSPropertyOp12
 70
     1
102
RTVSPropertyOp13
 70
     1
102
RTVSPropertyOp14
 70
     1
102
RTVSPropertyOp15
 70
     1
102
RTVSPropertyOp16
 70
     1
102
RTVSPropertyOp17
 70
     1
102
RTVSPropertyOp18
 70
     1
102
RTVSPropertyOp19
 70
     1
102
RTVSPropertyOp20
 70
     1
102
RTVSPropertyOp21
 70
     1
102
RTVSPropertyOp22
 70
     1
102
RTVSPropertyOp23
 70
     1
102
RTVSPropertyOp24
 70
     1
102
RTVSPropertyOp25
 70
     1
102
RTVSPropertyOp26
 70
     1
102
RTVSPropertyOp27
 70
     1
102
RTVSPropertyOp28
 70
     1
102
RTVSPropertyOp29
 70
     1
102
RTVSPropertyOp30
 70
     1
102
RTVSPropertyOp31
 70
     1
102
RTVSPropertyOp32
 70
     1
102
RTVSPropertyOp33
 70
     1
102
RTVSPropertyOp34
 70
     1
102
RTVSPropertyOp35
 70
     1
102
RTVSPropertyOp36
 70
     1
102
RTVSPropertyOp37
 70
     1
102
RTVSPropertyOp38
 70
     1
102
RTVSPropertyOp39
 70
     1
102
RTVSPropertyOp40
 70
     1
102
RTVSPropertyOp41
 70
     1
102
RTVSPropertyOp42
 70
     1
102
RTVSPropertyOp43
 70
     1
102
RTVSPropertyOp44
 70
     1
102
RTVSPropertyOp45
 70
     1
102
RTVSPropertyOp46
 70
     1
102
RTVSPropertyOp47
 70
     1
102
RTVSPropertyOp48
 70
     1
102
RTVSPropertyOp49
 70
     1
102
RTVSPropertyOp50
 70
     1
102
RTVSPropertyOp51
 70
     0
102
RTVSPropertyOp52
 70
     0
102
RTVSPropertyOp53
 70
     1
102
RTVSPropertyOp54
 70
     1
102
RTVSPropertyOp55
 70
     1
102
RTVSPropertyOp56
 70
     1
102
RTVSPropertyOp57
 70
     1
102
RTVSPost2010Prop28
280
     0
102
RTVSPost2010PropOp28
 70
     1
102
RTVSPost2010Prop29
280
     1
102
RTVSPost2010PropOp29
 70
     1
102
RTVSPost2010Prop30
280
     1
102
RTVSPost2010PropOp30
 70
     1
102
RTVSPost2010Prop31
280
     0
102
RTVSPost2010PropOp31
 70
     1
102
RTVSPost2010Prop32
280
     0
102
RTVSPost2010PropOp32
 70
     1
102
RTVSPost2010Prop33
280
     0
102
RTVSPost2010PropOp33
 70
     1
102
RTVSPost2010Prop34
280
     0
102
RTVSPost2010PropOp34
 70
     1
102
RTVSPost2010Prop35
280
     0
102
RTVSPost2010PropOp35
 70
     1
102
RTVSPost2010Prop36
280
     0
102
RTVSPost2010PropOp36
 70
     1
102
RTVSPost2010Prop37
 90
       50
102
RTVSPost2010PropOp37
 70
     1
102
RTVSPost2010Prop38
140
0.0
102
RTVSPost2010PropOp38
 70
     1
102
RTVSPost2010Prop39
140
1.0
102
RTVSPost2010PropOp39
 70
     1
102
RTVSPost2010Prop40
 90
        0
102
RTVSPost2010PropOp40
 70
     1
102
RTVSPost2010Prop41ColorIndex
 90
       18
102
RTVSPost2010Prop41ColorRGB
 90
        0
102
RTVSPost2010PropOp41
 70
     1
102
RTVSPost2010Prop42
 90
       50
102
RTVSPost2010PropOp42
 70
     1
102
RTVSPost2010Prop43
 90
        3
102
RTVSPost2010PropOp43
 70
     1
102
RTVSPost2010Prop44ColorIndex
 90
        5
102
RTVSPost2010Prop44ColorRGB
 90
      255
102
RTVSPost2010PropOp44
 70
     1
102
RTVSPost2010Prop45
280
     0
102
RTVSPost2010PropOp45
 70
     1
102
RTVSPost2010Prop46
 90
       50
102
RTVSPost2010PropOp46
 70
     1
102
RTVSPost2010Prop47
 90
       50
102
RTVSPost2010PropOp47
 70
     1
102
RTVSPost2010Prop48
 90
       50
102
RTVSPost2010PropOp48
 70
     1
102
RTVSPost2010Prop49
280
     0
102
RTVSPost2010PropOp49
 70
     1
102
RTVSPost2010Prop50
 90
       50
102
RTVSPost2010PropOp50
 70
     1
102
RTVSPost2010Prop51ColorIndex
 90
      256
102
RTVSPost2010Prop51ColorRGB
 90
-16777216
102
RTVSPost2010PropOp51
 70
     0
102
RTVSPost2010Prop52
140
1.0
102
RTVSPost2010PropOp52
 70
     0
102
RTVSPost2010Prop53
 90
        2
102
RTVSPost2010PropOp53
 70
     1
102
RTVSPost2010Prop54
  1
strokes_ogs.tif
102
RTVSPost2010PropOp54
 70
     1
102
RTVSPost2010Prop55
280
     0
102
RTVSPost2010PropOp55
 70
     1
102
RTVSPost2010Prop56
140
1.0
102
RTVSPost2010PropOp56
 70
     1
102
RTVSPost2010Prop57
140
1.0
102
RTVSPost2010PropOp57
 70
     1
  0
ENDSEC
  0
EOF
